Domain,Status
.eccolontherapy.com,New
0.r.bat.bing.com,New
0047809.netsolhost.com,New
007creditagent.com,New
1-800-car-part.com,New
1-fit-mama.com,New
1000broadway.com,New
1000islands.net,New
100mileautoparts.com,New
100news.biz,New
1010nash.com,New
1010recycle.com,New
109upullit.com,New
111salvage.com,New
119thandthird.com,New
11oclockcomics.com,New
123-pates.fr,New
128usedautoparts.com,New
12hourtrafficschool.us,New
1431propertymanagement.com,New
1525drive.com,New
160autosalvage.com,New
1800291junk.com,New
1800caddysone.com,New
1800gotjunk.com,New
1800hubcaps.com,New
1800mrjunker.com,New
1800mustang.com,New
1affordableautoparts.com,New
1autoparts.net,New
1choiceeldercare.com,New
1kino.com,New
1st-response.blogspot.com,New
1stalarmsecurity.com,New
1stclassautosalvage.com,New
1stcoloradoroofing.com,New
1tap.mobi,New
1taylorauto.com,New
2000auto.net,New
2000usedautoparts.com,New
201smokeshop.com,New
2020importautoparts.com,New
205autosalvage.com,New
2060autoparts.com,New
209mall.com,New
20thstreetauto.com,New
216reliableautoparts.com,New
21centhymns.com,New
21firstst.com,New
21tow.com,New
21towing.com,New
239auto.com,New
23st-towing.com,New
23taxi.ru,New
2470usedautoparts.com,New
247junkcars.com,New
271autosalvage.com,New
27mangolane.com,New
2kata.ru,New
2kmetalworks.com,New
300mclub.org,New
301autoparts.com,New
306autoparts.com,New
310cashforcars.com,New
311autoparts.com,New
360contests.com,New
360supplements.com.au,New
3amsda.com,New
3aoyuncak.com,New
3dlookinglass.com,New
3mautodismantling.com,New
3ojivas.com,New
3trstudios.com,New
4-autoparts.com,New
404autorecycling.com,New
406autoparts.com,New
411usedparts.com,New
419ink.com,New
41a-autoparts.com,New
422autosales.com,New
43auto.com,New
442lowe.com,New
489parts.com,New
495recyclers.com,New
4asautoparts.com,New
4autosalvage.com,New
4brothersinc.com,New
4compliance.net,New
4dgroup.co.uk,New
4tiresandwheelsplus.com,New
4urparts.com,New
4x4offroadnetwork.com,New
4x4truckandautoparts.com,New
52autoparts.com,New
550arts.com,New
5mileautowrecking.com,New
5min.com,New
5starautosalesinc.com,New
5thstreetauto.com,New
62autoparts.com,New
6440autoparts.com,New
66trucksalvage.com,New
67motors.com,New
6liters.com,New
70eastautosalvage.com,New
717tattoo.com,New
74auto.com,New
76autosalvage.com,New
777s.ru,New
78westinc.com,New
7ae.us,New
7ooo.ru,New
81autoparts.com,New
88mileswest.com,New
8mm-film-transfer-to-dvd.com,New
90minutesboisees.fr,New
975lawyer.com,New
97autowrecking.com,New
99wetowit.com,New
9junkit.com,New
a-1autobody.com,New
a-1autosalvageandusedcars.com,New
a-1autowreckers.net,New
a-1electricalsolutions.net,New
a-1metals.com,New
a-1statelinesalvage.com,New
a-1truckparts.com,New
a-1usedparts.com,New
a-arvadaautowrecking.com,New
a-atlastx.com,New
a-atruckparts.com,New
a-b-auto.com,New
a-dautosales.com,New
a-g-g-auto-repair-inc.edan.io,New
a-german.com,New
a-oautoparts.com,New
a-plusparts.com,New
a-starautomotive.com,New
a-zautoparts.com,New
a-zautosalvage.com,New
a-zenterprises.net,New
a.xtopoly.com,New
a1aautoparts.com,New
a1allauto.com,New
a1augustine.com,New
a1auto.com,New
a1autopartsandglass.com,New
a1autopartsinc.com,New
a1autopartsla.com,New
a1autopull.com,New
a1autorecyclers.com,New
a1autorecyclersnm.com,New
a1autosalvage-ar.com,New
a1autosalvage.com,New
a1autosupply.com,New
a1autowreckers.com,New
a1dallas.com,New
a1foreignparts.com,New
a1hondaautoparts.com,New
a1import.net,New
a1partsforless.com,New
a1partsmart.com,New
a1pickapart.com,New
a1recar.com,New
a1repairablewrecks.net,New
a1rylie.com,New
a1rylieautoparts.com,New
a1sales-md.com,New
a1truckwrecking.com,New
a1usedautopartsinc.com,New
a2zautobodypart.com,New
a2zlasers.com,New
a6corp.com,New
aa-autosalvageinc.com,New
aaaallcarautosalvage.com,New
aaaallcars.com,New
aaaauto-salvage.com,New
aaaautopartsofevansville.com,New
aaaautopartsreno.com,New
aaaautorecycler.com,New
aaaautorecycling.com,New
aaaautosalvage.com,New
aaaautowrecking.com,New
aaabroadwayautoparts.com,New
aaadodgetruckandvan.com,New
aaaffordable.com,New
aaaic.net,New
aaaimportstx.com,New
aaamanagement.net,New
aaaparts.com,New
aaapartsplus.com,New
aaarichierichautoparts.com,New
aaausedautopart.com,New
aaautopartsinc.com,New
aaautosalvage.net,New
aaautosalvagenj.com,New
aaautotucson.com,New
aaautoworks.com,New
aabcrg.com,New
aableautoparts.com,New
aableautosalvage.net,New
aablesafetyclean.com,New
aacashandcarry.com,New
aachenauto.com,New
aactionautoparts.com,New
aadco.ca,New
aadsmmo.com,New
aaforeign.com,New
aamach.com,New
aamidwest.com,New
aamobilelegalservices.com,New
aanationalautoparts.com,New
aandaautopartsokc.com,New
aandaautosalvage.com,New
aandaparts.com,New
aandasalvage.com,New
aandbauto.net,New
aandbautosalvagetx.com,New
aandbusedautoparts.com,New
aanddautoparts.com,New
aanddtruckautoparts.com,New
aandiautorecyclers.com,New
aandmautowreckers.com,New
aandrautosalvage.com,New
aandsusedauto.com,New
aandvautoparts.com,New
aandzautoparts.com,New
aapiarkansas.org,New
aarecoverycoinsstore.com,New
aarecyclers.com,New
aaronauto.com,New
aaronmichel.com,New
aaronsautogroup.com,New
aaronsautopartstx.com,New
aaronsautorecycling.com,New
aasautoparts.com,New
aascrapmetal.com,New
aasvallsboxer.net,New
aatlasautorecycling.com,New
aausedautoparts.com,New
aausedparts.com,New
aautomotiveinc.com,New
aautosource.com,New
aautotruckservice.com,New
aazzees.com,New
abakan.xxxrus.org,New
abandbauto.com,New
abantiautosalvageandtowing.com,New
abautosalvage.net,New
abautowrecking.com,New
abcap.com,New
abcatautoinc.com,New
abcautoparts.com,New
abcautopartshouse.com,New
abcautowreckingaz.com,New
abcoautoparts.com,New
abcofridleyautoparts.com,New
abcomps.com,New
abcsalvage.com,New
abdautoparts.com,New
abdts.com,New
abeautosalvageinc.com,New
abeautousedparts.com,New
aberdeenauto.com,New
abesautoparts.net,New
abetterworldcharlotte.org,New
abfabflowerslondon.com,New
abfamilyappliances.com,New
abgprom.com,New
abigailpolleyphotography.com,New
abilenefurnitureleasing.net,New
abileneusedcarsales.com,New
abitareilgiardino.it,New
ablejunkcars.com,New
abmotorsla.com,New
abonti.com,New
aboveallautowrecking.com,New
abpipes.com,New
abqforeignauto.com,New
abrautorecyclers.net,New
abrentisart.com,New
abrokenmission.com,New
abslikenewimport.com,New
absolute.cc,New
absolutegerman.com,New
abstracttechnologiessa.com,New
abtruckparts.com,New
abvmcentereach.com,New
ac-cavaion.it,New
ac-electric-service.com,New
acadiacontractors.com,New
acadiapharma.com,New
acarautos.com,New
acautoinc.com,New
acautoparts.net,New
accelautorecyclers.com,New
accessorytruck.com,New
accobio.com,New
accounts.google.com,New
accurate-auto.com,New
accurateautoglassandmirror.com,New
accurateautoparts.com,New
accurateforeignparts.com,New
accuratestdtesting.com,New
accuweather.com,New
acdelco.com,New
ace-autoparts.com,New
aceautodismantlers.com,New
aceautonj.com,New
aceautorecyclers.com,New
aceautosalvage.com,New
aceautosalvage.net,New
aceautosalvageinc.com,New
aceautosalvagejonesville.com,New
aceautosalvagenj.com,New
aceautowreckers.com,New
acegermanusedparts.com,New
aceiron.calls.net,New
acepickupparts.com,New
acerexchange.com,New
acesafes.co.uk,New
aceusedautoparts.net,New
acevehicles.com,New
acfeneo.org,New
aciberica.es,New
acidreams.cl,New
acmeautopartsmi.com,New
acmedistributing.com,New
acmelangs.com,New
acmerecycling.com,New
acmesalvageinc.com,New
acreautousedparts.com,New
acsinc.org,New
acsiowa.net,New
action-auto-parts.com,New
actionautoandtruck.com,New
actionautonm.com,New
actionautopartsmn.com,New
actionautorecyclers.com,New
actionautorecycling.com,New
actionautosanjose.com,New
actionautowreckers.com,New
actionautowrecking.com,New
actionsalvage.com,New
actiontruckparts.com,New
activeautowreckers.com,New
activebindery.com,New
activewearweb.com,New
activision.com,New
actorsclubhouse.com,New
acworthminiwarehouse.com,New
adacomputer.net,New
adalarinsaat.com,New
adamandson.com,New
adamivers.com,New
adamsautoparts.com,New
adamsautopartstx.com,New
adamsautosalvage.com,New
adamsautowrecking.com,New
adamsusedautoparts.com,New
adamswrecking.com,New
addthis.com,New
addyourlight.org,New
adelmans.com,New
adguard.com,New
adignifiedlife.com,New
adilconstantine.com,New
adkinsauto.com,New
adkinsautosalvage.com,New
adlriverport.com,New
admantx.com,New
admarksolutions.com,New
adobe.com,New
adoptapart.com,New
adoptia.org,New
adoptionstogether.org,New
adorabutikhotel.com,New
adpprotective.com,New
adrenalinconcepts.com,New
adsafemedia.com,New
adsdc.org,New
advanceautosalvage.com,New
advancebay.com,New
advancedautorecyclers.com,New
advancedautowrecking.com,New
advancedfeeds.wordpress.com,New
advancedvehiclesystems.com,New
advantage-european.com,New
advantagecredit.com,New
advantageimports.com,New
advantagemetalsrecycling.com,New
adventuresuppliesuk.com,New
advocare.com,New
advparts.com,New
aecarparts.com,New
aedbadattitudeyahoo.com,New
aemetals.com,New
aenonautorecycling.com,New
aeroautoparts.com,New
aerodyneinc.net,New
aeropuertoautoservice.com,New
aerosustainable.com,New
aerowaysinc.com,New
afcracing.com,New
affiliatedautowrecking.com,New
affinity-yoga.com,New
affordable-autoparts.com,New
affordableautoparts.net,New
affordableautopartsandsalvage.com,New
affordableautopartsinc.com,New
affordableautorepairtowing.com,New
affordableautosalvage.com,New
affordablechoiceinsuranceagency.com,New
affordablecollectables.com,New
affordablepartsyard.com,New
affordablerealtygroup.com,New
affordablestdtesting.com,New
affordableusedautoparts.com,New
afstrategic.com,New
aftautoparts.com,New
after-six-window-tinting.hub.biz,New
afterburnersllc.com,New
afterdarkmode.com,New
afterhourssalvage.com,New
agautodismantling.com,New
agaylist.com,New
agconsultores.com.py,New
agdcomo.it,New
ageesautoparts.com,New
agemanagementpanama.com,New
agent-dt.convoso.com,New
aghaboggfc.com,New
agilecare.com,New
agintzari.com,New
agnesegiovanni.it,New
agptek.com,New
agrashops.com,New
agscakesupplies.com,New
ah.seotooladda.com,New
ahaesyelectric.com,New
ahautoparts.com,New
ahemon.com,New
ahikn.com,New
ahparts.com,New
ahrefs.com,New
aibolita.ru,New
aic-int-consulting.es,New
aicftpin.com,New
aidp.bytedance.com,New
aidp.bytedance.net,New
aidpi.fr,New
aikeyautosalvage.com,New
aikidosummit.com,New
aim-rg.com,New
aimes.mb.ca,New
aimesauto.ca,New
ainymotivationclass.com,New
airbags-oem-auto.com,New
airbagsinc.com,New
airborneautosalvage.com,New
aircraftspecialty.com,New
airlineautopartsinc.com,New
airlinetexas.com,New
airmatecom.com,New
airportauto-detroit.com,New
airportautoparts.com,New
airportautopartsinc.com,New
airportautosalvageportland.com,New
airports-china.com,New
airporttruckandauto.com,New
airsoftking.com,New
airwayautoparts.com,New
aismglobal.org,New
ajaxauto.com,New
ajaxautopartsmo.com,New
ajsautowny.com,New
akama.com,New
akrightauto.com,New
akronautowrecking.com,New
aksesorismobiljakarta.com,New
akumaneko.com,New
alabasterautorepairservice.com,New
alamoautoparts.com,New
alarmremotes.co.uk,New
alautoia.com,New
alawaji-gro.com,New
alba.co.za,New
albanyautosalvage.com,New
albanyjunkcar.com,New
albanysalvage.com,New
albare-enactment.co.uk,New
albertaautowreckers.com,New
albertdelrio.com,New
albertifarms.com,New
albertsused.com,New
albion-guesthouse.co.uk,New
albionautoparts.org,New
alchemy-it.com,New
alcobronz.com,New
aldergroveautowrecking.com,New
aldonauto.com,New
alecsys.com,New
alessandrinihfc.com,New
alexandersautoranch.com,New
alexanderstille.net,New
alexandraamesart.com,New
alexbox17.it,New
alexiswong.com,New
alfautowreckers.com,New
alfredsauto.com,New
algaeinternational.biz,New
algarawigroup.com,New
aliexpress.com,New
alironandmetal.com,New
all-auto-acres-inc.com,New
all-autoparts.com,New
all-import.com,New
all-starautoparts.com,New
all-stick.ru,New
all4n.com,New
allaboutyousalonspa.com,New
allamericanautosalvage.com,New
allamericanautowreckers.com,New
allamericanclassics.com,New
allamericantruckandautoparts.com,New
allamericantx.com,New
allansmithantiqueclocks.co.uk,New
allautodismantling.com,New
allautohustlers.com,New
allautomotiveimports.com,New
allautopartsalesandrecycling.com,New
allautorecyclersinc.com,New
allazfordparts.com,New
allcarandtruck.com,New
allchrysleranddodge.com,New
allcityautoparts.com,New
allcityharveyusedautoparts.com,New
allcityrecycling.com,New
alldayautoparts.com,New
alldayjunk.com,New
alldiscountautosalvage.com,New
alldodgetruckpartsncal.com,New
allegro4strings.com,New
allely.co.uk,New
allenrosenshine.com,New
allensautosalvage.com,New
allensparts.com,New
allentownrx.com,New
allenwaysidenh.com,New
allfordautowrecking.com,New
allforeign.net,New
allforeignanddomestic.com,New
allforeignautoparts.com,New
allforeignautopartsinc.com,New
allforeignautosalvagema.com,New
allforeignpartsinc.com,New
allgeierautoparts.com,New
allgirlsnightout.com,New
allgreenremoval.com,New
allhoursauto.com,New
alliance-motorcorporation.com,New
allianceautoparts.com,New
alliancehost.ru,New
alliancemultimedia.com,New
alliedamericanautoparts.com,New
alliedauto.ca,New
alliedautopartspa.com,New
alliedautosalvage.com,New
alliedautosalvage.net,New
alliedautowrecking.com,New
alliedrecyclingcenterinc.com,New
allimportsautosalvage.com,New
allinclusivemoving.com,New
allinoneautopartsab.com,New
alljapaneseautorecycling.com,New
alljapaneseparts.com,New
allkindsofscrap.com,New
alln1kc.com,New
alloccorecycling.com,New
alloybellows.com,New
alloywheelrepair.ca,New
allparts.netfirms.com,New
allpartsautosalvage.com,New
allpartsbroker.com,New
allpartsint.com,New
allpartsks.com,New
allprintmarketing.com,New
allprousedautoparts.com,New
allqualityautoparts.com,New
allrecyclingllc.com,New
allresultsweb.com,New
allstarautolights.com,New
allstarautoparts.net,New
allstarautopartz.net,New
allstarautosalvage.net,New
allstateengine.com,New
allstateusedautoparts.com,New
allstateusedautoparts.net,New
allstonautotops.com,New
alltheinternet.com,New
allthetimeauto.com,New
alltoyoautopart.com,New
alltoyotas.com,New
alltruckinc.com,New
alltruckparts.net,New
alltypeautoparts.com,New
allusedtruckparts.com,New
allwestparts.com,New
almadavidsart.com,New
almaimports.com,New
almakhrsolutions.com,New
almexindia.com,New
almuakhat.com,New
alohafind.com,New
alonivillas.co.uk,New
alontowing.com,New
alothome.com,New
alotofauto.com,New
alpertandalpert.com,New
alphaautomotive.com,New
alphacei.com,New
alphaforeignusedautoparts.com,New
alphaomegaimports.com,New
alphaseo.net,New
alpineautowa.com,New
alpineforeignauto.net,New
alpinela.com,New
alpinerebuildablecars.com,New
alpiseuropean.com,New
alruddautoparts.com,New
alsautopa.com,New
alsautoparts1.com,New
alsautopartsus.com,New
alsautosalvage.com,New
alsautosalvage.net,New
alsforeignparts.com,New
alslynnwoodtruckparts.com,New
alsnewsstand.com,New
alspharmacy.com,New
alstoninc.com,New
alstruckdismantling.com,New
alsusedparts.com,New
altafaolqatar.com,New
altareeqadv.com,New
altemamarket.ru,New
altenergetika.com,New
alterraenergy.org,New
altmires.com,New
alturl.com,New
alvierisfisioterapia.com,New
alvinsauto.com,New
alvinsautorecycling.com,New
alwaysusedautoparts.com,New
am-mustangparts.com,New
amanaautomotive.com,New
amandonosporsiempre.com,New
amatotecnologie.it,New
amazon.com,New
amberpropertyservices.co.uk,New
americaautodismantling.com,New
american-importauto.com,New
americanairlines.com,New
americanandimportautoparts.com,New
americanauto.com,New
americanauto2.com,New
americanautoandtrucksalvage.com,New
americanautoinc.com,New
americanautomadison.com,New
americanautosalvage.com,New
americanautosalvageva.com,New
americanaz.com,New
americanbankruptcycenter.com,New
americancamaro.com,New
americandiff.com,New
americandismantler.com,New
americandismantling.com,New
americanhs.com,New
americanimportsautoparts.com,New
americanmoonwalkswichita.com,New
americanpickupsalvage.com,New
americanscrapmetaleverett.com,New
americantowingandsalvage.com,New
americanusedautoparts.com,New
americarautoparts.com,New
americasbestautoparts.com,New
americatlas.com,New
amerimpfl.com,New
ameripriseadvisors.com,New
amfish.ca,New
amgresources.com,New
amherstoakhamauto.com,New
amiamerica.com,New
amigosauto.com,New
amigousedautoparts.com,New
amobinc.com,New
amontedevelopment.com,New
amoredevelopments.com,New
amrvt.com,New
amsterjob.com,New
amtpartsrecyclers.com,New
amuautomotive.com,New
amystephson.com,New
anaautoglass.com,New
anastasialakes.com,New
ancautoparts.com,New
ancestral-research.com,New
anchorlogistix.com,New
anchorusedautoparts.com,New
andaas.com,New
andecc.org.br,New
andersenwrecking.com,New
andersonautosalvage.com,New
andersonautowrecking.com,New
andersonsflatbedservice.com,New
andoverautoparts.com,New
andoverelectric.com,New
andreamariedesigns.com,New
andreanolanusse.com,New
andreasbridal.net,New
andreautosalvage.com,New
andrewsautoparts.com,New
andrewsautos.com,New
andrewsautosalvage.net,New
androna.com,New
andycolver.co.uk,New
andyemulator.com,New
andysairportautoparts.com,New
andysautowreckers.com,New
andyscompleteautoparts.com,New
anellogiovannicamion.com,New
anestismetal.com,New
angelatiti.com,New
angelosbrandusedautoparts.com,New
angelsofautomotive.com,New
angelswingsgifts.com,New
angeltechcreations.com,New
angieslist.com,New
anhdonline.com,New
animalanticsapparel.com,New
anitaandshamauto.com,New
anmautodismantler.com,New
annaspianostudio.com,New
annexautoparts.com,New
announcements.shop,New
annsautoparts.com,New
annuityeducation.net,New
answerroot.com,New
answersite.com,New
anthonysam.com,New
anthonysautowrecking.com,New
antichemurasaluzzo.com,New
anticipation.mx,New
antique-auto-parts.com,New
antojodelsur.com,New
antonjunicic.com,New
anyandallautoparts.us,New
anykar.com,New
anzoautoparts.com,New
aodaithanhmai.com.vn,New
aohnyc1.org,New
aoiusa.com,New
aoksalvage.com,New
aoneautosalvage.com,New
aosdojo.com,New
apache.org,New
apartments.com,New
apartsmart.com,New
apaulcontracting.com,New
apautoparts.com,New
apbmotors.net,New
apcity.com,New
apex-auto-parts.com,New
apexautomn.com,New
apexsales-towing-leasinginc.com,New
apexsalvage.com,New
api.xdirectx.com,New
apisrustica.com,New
apkin.com,New
apkmavi.com,New
aplaceforus.com,New
aplazaauto.com,New
aplusautoparts.net,New
aplusautosalvage.com,New
aplusautosalvage.net,New
apluspriceisright.com,New
aplususedautoparts.net,New
apolloengines.com,New
apostilletraining.com,New
app.ahrefs.com,New
app4mobile.it,New
appainc.net,New
apple.com,New
appleautocenter.com,New
applepropertymanagement.com,New
applesandelephants.com,New
appletonautorecycler.com,New
appletonhomesearch.com,New
applevalleyautorecycling.com,New
aprimeheating.com,New
apsaratt.com,New
apsautoparts.net,New
apsinsp.com,New
apsrecycling.com,New
aqair.com,New
aqbt.info,New
aquariuspoolsandspas.biz,New
aquascapedepot.com,New
aquasportonline.com,New
ar-jay.com,New
ar.search.yahoo.com,New
ar1auto.com,New
aragonironandmetal.com,New
araknisnetworks.com,New
aramacao.com,New
arany.com,New
arapahoeautosalvage.com,New
arapart.com,New
araratplitka.ru,New
arari.org,New
arayyan.com,New
arcadiaautoparts.net,New
archerautoco.com,New
archiesautorecyclers.com,New
architetturedinterni.it,New
archive.org,New
archwayautosalvage.com,New
ardzagangtv.com,New
areliableautoparts.com,New
arenda-krana.biz,New
areteacquisitions.com,New
argentinapolovacations.com,New
argocycles.com,New
argroup2.com,New
arguellesautomotive.com,New
arhvak.minobrnauki.gov.ru,New
ariavertical.it,New
arichnersautoparts.com,New
arite.com,New
arizona24hrglassanddoor.com,New
arizonaairscentinc.ethicalaz.com,New
arizonaautoparts.com,New
arizonaimports.com,New
arizonapullnsave.com,New
arkansasmedicalsupply.com,New
arkansaspik-a-part.com,New
arkansaswholesaleauto.com,New
arlingtonautooh.com,New
arlingtonheightswarehousespace.com,New
arm.vendasta.com,New
armadahoffler.com,New
armmass.com,New
armstrongmywire.com,New
armysauto.com,New
arofkansas.com,New
aroundthemoat.com,New
arrowautoinc.com,New
arrowheadmotelandrv.com,New
arroyovistacharter.org,New
arseh.at,New
arsitec.cl,New
artandoffice.co.uk,New
arthursautojunkyard.com,New
artisanfinishing.com,New
artisankbg.com,New
artnellie.com,New
artparquet.ru,New
artpatch.co.uk,New
artsautoparts.com,New
artslotsofparts.com,New
asana.com,New
asapcarparts.com,New
asapmotors.com,New
asaptowing.net,New
ascent-trading.com,New
aselectauto.com,New
ashersautosalvage.com,New
ashlynbarre.com,New
ashmanaccountancy.co.uk,New
ashton-garnett.com,New
asipress.it,New
ask.com,New
askonarchitects.com,New
askproduction.com,New
askthedentist.info,New
asmsite.net,New
aspaceart.com,New
aspirelogix.com,New
assanteclassaction.com,New
assaporandosrl.com,New
assicuraceretta.it,New
associatedbuildingwreckers.com,New
associazione-iride.it,New
associazioneisolachenonce.it,New
assuredautoparts.com,New
aston-it.co.uk,New
astorusedautoparts.com,New
astrale.ru,New
astro-used-parts.com,New
astroautosalvage.com,New
astrologheidi.com,New
astsecure.com,New
asunrisetowingbellsouth.com,New
asyouthink.com,New
atap.com,New
ataquearnau.fun,New
atautoparts.com,New
atekparts.com,New
atelectricalsuppliers.com,New
athirstforfashion.com,New
athleticaclothing.com.au,New
atiusa.com,New
atkinsonautoparts.com,New
atlandwflearthlink.net,New
atlantacompanyindex.com,New
atlantic-autoparts.com,New
atlantic-map.com,New
atlanticautoparts.net,New
atlanticsalesonline.com,New
atlanticsalvage.com,New
atlantictilesprojects.com,New
atlantictowers.coop,New
atlasautosalvage.com,New
atlasmetalsinc.net,New
atlastowingservice.com,New
atlastruckparts.com,New
atlasupull.com,New
atleuro.com,New
atmcabling.com,New
atmmachineatlanta.com,New
atomicspeedway.net,New
atozautosalvage.net,New
atrnj.com,New
atsicad.com,New
attractyourperfectrelationship.com,New
atxblackdiamondlimos.com,New
au.search.yahoo.com,New
auburncap.org,New
aucoursdelor.com,New
audi.org.ua,New
audiomic.es,New
audmaanmotors.com,New
auerbachacq.com,New
augustpohl.com,New
aumillers.com,New
aunosicurezza.it,New
aupullit.com,New
aurastyles.com,New
auroraaw.com,New
auroratruckcentre.com,New
auroravalleyautowreckers.com,New
austefjord.com,New
austinexpressauto.com,New
austinstrucks.com,New
austintownfitchbaseball.com,New
austinusedautoparts.com,New
auto-overview.com,New
auto-parts-tucson.com,New
auto-recyclers.com,New
auto-recycling.com,New
autoacresautomotive.com,New
autoadventure.net,New
autoalexparts.com,New
autoandscraprecyclers.com,New
autobarnohio.com,New
autocentraltn.com,New
autocitysalvage.com,New
autocompdirect.com,New
autocorerec.com,New
autocycleparts.com,New
autoecu.com,New
autoenterprize.com,New
autofarmparts.com,New
autofarmusa.com,New
autofoxparts.com,New
autogator.com,New
autohaasparts.com,New
autoimportsinc.com,New
autojobsnetwork.com,New
autolandofdelhi.com,New
autolandparts.com,New
autolightsusa.com,New
automoblog.net,New
automodracing.com,New
automotive-recyclers.com,New
automotivealliancellc.com,New
automotiveps.com,New
automotiverecyclers.org,New
automotiveusedparts.co,New
automotix.net,New
automotoutah.com,New
autonervionvo.com,New
autonetworkinc.com,New
autonetworks.org,New
autooutletinc.net,New
autooutlettuscaloosa.com,New
autopa.ca,New
autopartcentral.ca,New
autopartrecycling.com,New
autoparts2020.com,New
autoparts2fix.com,New
autopartsandrecyclinginc.com,New
autopartscity.net,New
autopartsco.com,New
autopartscompanyhiram.com,New
autopartsct.com,New
autopartsgonzalez.com,New
autopartshouseused.com,New
autopartslv.com,New
autopartsnetwork.ca,New
autopartsofshelby.com,New
autopartsorlando.com,New
autopartsplex.com,New
autopartspros.com,New
autopartsrus.net,New
autoquestdismantling.com,New
autorecksal.com,New
autorecyclernc.com,New
autorecyclers.net,New
autorecycling.com,New
autorecyclinginc.com,New
autorecyclingwichita.com,New
autoreno.com,New
autos.nation.com,New
autos.parts,New
autos.webcrawler.com,New
autos24-7.com,New
autosaab.com,New
autosalvageco.com,New
autosalvagedfw.com,New
autosalvagehouston.com,New
autosalvageplantcity.com,New
autosalvageyards.com,New
autosearch.zoominternet.net,New
autoservicerome.com,New
autoshope.com,New
autospotii.com,New
autotech.ws,New
autotrader.com,New
autotrontowing.com,New
autotruckib.com,New
autotruckrecyclers.com,New
autotrucksalvage.com,New
autotruckvan.com,New
autoweek.com,New
autoworksinc.com,New
autoworldofamerica.com,New
autowreckerssantarosa.com,New
autowrecking.com,New
autowreckingca.com,New
autowreckinglindenhurst.com,New
autowreckingportland.com,New
autoxxpress.org,New
av-host.net,New
avahandfab.com,New
availablejones.com,New
avalancheautorecycling.com,New
avamendozamusic.com,New
avantbrowser.com,New
avcoaviation.com,New
avenueautoparts.com,New
avenuelimousine.com,New
avenuesalvageco.com,New
averehealthcare.com,New
averesthealth.com,New
avesdigital.co.uk,New
aviationauto.com,New
avicolavallefertil.com.ar,New
avitlife.com,New
avjewelers.com,New
awashi.com,New
awcaw.com,New
aweauto.com,New
awesomeautosalesntowing.com,New
awkwardpress.com,New
awled.co.uk,New
awomanschoice.com,New
awssalvage.com,New
axbridge-tc.gov.uk,New
axecapoeira-az.com,New
axeskitchens.com,New
axiommgt.com,New
axisinteriorsystems.com,New
axminsteronline.com,New
axoqcs.com,New
axory.pe,New
axpertek.com,New
aylesfordaquatics.co.uk,New
azartowing.net,New
azautowrecking.com,New
azbitterslab.com,New
azcarpetsource.com,New
aziendaagricoladipalmariccardo.it,New
azoutpost77.org,New
azpoca.com,New
aztelia.az,New
azulinsurance.com,New
b-bautorecyclers.com,New
b-dautoparts.com,New
b-jauto.com,New
b-msalvage.com,New
b-varmepumpe.net,New
b.scorecardresearch.com,New
bab-bau.de,New
baba-clothing.com,New
babajikathulluu.com,New
babuprakash.com,New
baby-babies.ru,New
back2backtraining.com,New
backelitebrest.com,New
backlinkwatch.com,New
backup4u.ch,New
backuppst.com,New
baddourrealestate.com,New
badgermotors.com,New
badwrench.com,New
baerefjell.com,New
bafgnmiunzmq.com,New
bageindustries.com,New
baglift.com,New
baidu.com,New
baileysautorecycling.ca,New
bairdsautoparts.com,New
bakerautopartsmi.com,New
bakerautowreckers.com,New
bakertruckparts.com,New
balancinghealing.com,New
baldwinautopartsandwreckersinc.com,New
baldwinautosalvage.com,New
balfourtn.com,New
balickis.com,New
ballardautoparts.com,New
ballardautowrecking.com,New
ballentinetoyota.com,New
balmer-bd.ch,New
balowshwy7auto.com,New
baltimoreathleticssport.com,New
bamainc.com,New
banan.tv,New
bancardmerchantservices.com,New
bandaauto.com,New
bandbautoparts.net,New
bandbautopartsmemphis.com,New
bandbsalvage.net,New
bandbusedautoparts.net,New
bandcautowreckers.com,New
banddrecycling.com,New
banddusedautoparts.com,New
bandfautoparts.com,New
bandgwreckers.com,New
bandhautoparts.com,New
bandhusedautoparts.com,New
bandjauto.com,New
bandkautosalvage.com,New
bandlautopartsandglass.com,New
bandmauto.com,New
bandmusedforeign.com,New
bandrautoparts.com,New
bandrautotruckparts.com,New
bandsautoparts.com,New
bandssalvage.com,New
bandwautosalvage.com,New
bandwsalvage.com,New
bankloginbook.com,New
bankofamerica.com,New
bankwatches.com,New
baprecycling.com,New
barbadoslife.co.uk,New
barbazonresidentialrealty.com,New
barbersauto.net,New
barclays.co.uk,New
bardefragancias.com,New
barefieldsauto.com,New
barelyused.ca,New
barelyusedautoparts.net,New
bareskincare.com.au,New
bargermattson.com,New
barkersautosalvage.com,New
barkoretoucherie.fr,New
barlabolsa.com,New
barlowauto.com,New
barnettesautoparts.com,New
barnettesengines.com,New
barneysusedcars.com,New
baronsautowrecking.com,New
barrancataxlaw.com,New
barrencountyautosalvage.com,New
barrheadautoparts.com,New
barrier-freedesigns.com,New
barriolatinorestaurant.com,New
barryrlee.f2s.com,New
bas-ar.com,New
bashirandsons.com,New
basicautoparts.net,New
basicosgourmet.com,New
bassusedparts.com,New
bastaracheauto.com,New
bastinstruckparts.com,New
bastropautosalvage.com,New
batesautoparts.com,New
batraining.net,New
battagliaautorecycling.com,New
baudax.de,New
bauersautowrecking.com,New
bauhausplus.com,New
bautoparts.net,New
bayareaexperiences.com,New
bayauto.com,New
baylessonline.com,New
bayoojoandco.org,New
bayoubanks.com,New
baysidehair.com,New
bayviewautowreckers.com,New
bba-reman.com,New
bbabc.org,New
bbautoparts.ca,New
bbautoparts.com,New
bbautorecyclers.com,New
bbautosalvage.com,New
bbbind.com,New
bbc.com,New
bbccondos.com,New
bbdosolina.com,New
bbe.es,New
bbeckwithdesign.com,New
bbforeigncar.com,New
bbgoldenangelrome.it,New
bbifaraglioni.it,New
bbmexicocity.com,New
bbnarchitects.com,New
bbrooter.com,New
bc.linkody.com,New
bcaconsultants.com,New
bcautoinc.com,New
bcautowrecking.com,New
bcinteriorcombinepigeons.com,New
bcreplacements.co.za,New
bdautoandtruck.com,New
beaconscrapmetal.com,New
beamscanners.com,New
bearcreekautorecyclers.com,New
beardsauto.com,New
bearsauto.net,New
beasleyforeignparts.com,New
beautyatcreightons.co.uk,New
beavershondasalvage.com,New
bebmontemarosu.com,New
bebosautorecycling.com,New
beccawohlwinderphotography.com,New
beckersautosalvage.com,New
becksautowrecking.com,New
beckybooks.com,New
bedandbreakfastparcodeigessi.it,New
bedfordautowrecking.com,New
beejayautorecycling.ca,New
beelinesalvage.com,New
beelineuap.com,New
beersyndicate.com,New
beforebabyandbeyond.com,New
bellabambini.co.nz,New
bellabambinonannies.com,New
bellamontereybay.com,New
bellcityauto.com,New
belleville-boys-sports-pools.com,New
bellevilleautosalvage.com,New
bellsautoparts.com,New
bellsmotorinc.com,New
belmontautowrecking.com,New
belshawlaw.com,New
belsumautorecyclers.com,New
beltwayusedautoparts.com,New
beltwayusedparts.com,New
belvedereorasso.it,New
belvoirsalvage.com,New
bemismountainmaine.com,New
benningtonschool.org,New
bentericksen.com,New
benwoodautoparts.com,New
benznbimmers.com,New
bereaonline.com,New
bergenautoparts.com,New
bergenrecycling.net,New
bergeronetpellerinavocats.com,New
bergerrecycling.com,New
berkeley.edu,New
berkleyautoparts.com,New
bernardautoparts.com,New
bertsautosalvage.com,New
berwickironandmetalrecycling.com,New
besslerauto.com,New
besslerautoparts.com,New
bestautopartsinc.biz,New
bestautopartsllc.com,New
bestautorecyclers.com,New
bestautosalvage.com,New
bestautousedparts.com,New
bestbatterieskc.com,New
bestbatteriesnkcmo.com,New
bestbuy.com,New
bestdeal.tellezenterprises.com,New
bestdrivingschoolatlanta.com,New
bestforeignautoparts.com,New
bestforeignautoparts.net,New
bestjunkcarsremoval.com,New
bestlimosinrome.com,New
bestnetstock.com,New
bestpartnerki.com,New
bestpriceautosalvage.com,New
bestrecruitmenthub.com,New
bestrecycledautoparts.net,New
bestunusualweddinggifts.com,New
bestusedautopartsnc.com,New
bethanybaptistchurchofchrist.org,New
bethanyimports.com,New
bethelautoparts.com,New
bethesda.net,New
betterschoolresults.com,New
bettyscrapmetal.com,New
bevisautoparts.com,New
beyerautosalvage.com,New
beyondbeliefshortfilm.com,New
bftowing.com,New
bhargovi.com,New
bhautoparts.com,New
bibbsautorecycling.com,New
bibbteck.com,New
bible.srchmbl.com,New
bicds.org,New
biceautofordtrucks.com,New
bicountyauto.com,New
bielloauto.com,New
big3salvage.com,New
big4austin.com,New
big4autoparts.com,New
bigaautos.com,New
bigappleautoinc.com,New
bigboysautorecycling.com,New
bigbucksrecycling.com,New
bigcountryautosalvage.com,New
bigdogautosalvage.com,New
bigdsupply.com,New
bigforkchristian.org,New
bigheadautosalvage.com,New
bigjimsauto.net,New
bigjimsautowreckingandtowing.com,New
biglakeautos.com,New
bigmikesautoparts.com,New
bigreuse.org,New
bigsamautoparts.com,New
bigstarstudios.com,New
bigtexasparts.com,New
bigthreeautoparts.com,New
bigtopauto.com,New
bigtopcoupons.com,New
bigtwistcards.co.uk,New
bijouxcarpediem.fr,New
bikernation.com,New
bilbaoria2000.org,New
bilderbackauto.com,New
billbrockbank.net,New
billdeestx.com,New
billfoxsautosales.com,New
billgosselin.com,New
billiejospartsandtowing.com,New
billjonesautoparts.com,New
billmahoneycampaign.com,New
bills-autoparts.com,New
billsautoandtruckparts.com,New
billsautoparts.com,New
billsautoparts.net,New
billsautosalvage.com,New
billsautosalvagetx.com,New
billsmithauto.com,New
billstruckshop.com,New
billsusedparts.com,New
billysautosalvage.com,New
billystoyotaparts.com,New
biloxiautorecycling.com,New
bimep.com,New
bimmermotorworld.com,New
bimmerparts.ca,New
binance.com,New
binfordmetals.com,New
bing.com,New
binrentalscarborough.com,New
biocyn.com,New
biondamirtilla.it,New
bionicautoparts.com,New
bioonedfw.com,New
biospace.com,New
bioware.com,New
birdnow.com,New
birkmar.com,New
birmiami.com,New
birminghamautoparts.com,New
bishopautowrecking.com,New
bishopengines.com,New
bishopsautoparts.com,New
bishopsusedautoparts.com,New
bisnispekalongan.com,New
bitcoin.org,New
bithack.ru,New
bitlogik.com,New
biztechconsultingllc.com,New
bizwhereis.com,New
bizzarrosautoparts.com,New
bjholtgrewe.com,New
bjrautorecycling.com,New
bjusedautoparts.net,New
bki.net,New
blackdiamondauto.com,New
blackgoldimportautoparts.com,New
blackinkprints.com,New
blacklaneauto.com,New
blackpointautowreckers.com,New
blackriverautosalvage.com,New
blackroadauto.us,New
blacksautoparts.com,New
blackstonefinance.com,New
blackys.com,New
bladesandshears.com,New
blagodat-na-more.ru,New
blainesautoparts.com,New
blakehess.com,New
blakemoreconstruction.com,New
blakeyconsulting.com,New
blapauto.com,New
blazczaksalvage.com,New
bleedingindy.com,New
blekko.com,New
blendair.net,New
blenkhorn.com,New
blisswalk.com,New
blizzard.com,New
blo-downtown.com,New
blog.coastalknot.com,New
blog.fabrykamuzy.pl,New
blog.totally-bananas.com,New
blogig.org,New
blogmissferling.fr,New
bloodmoonmusic.com,New
bloomberg.com,New
bloomclean.com,New
bloomfieldautowreckersnj.com,New
bloopish.com,New
blountautoparts.com,New
blountautosalvage.com,New
blountvilleautosalvage.com,New
blu.co,New
blueandgoldauto.com,New
bluecatproducts.com,New
bluediamondsubscriptions.com,New
blueecodrive.it,New
bluelicktruck.com,New
bluemarlinboats.net,New
bluemotorsacurahondas.com,New
bluesandstechnologies.com,New
bluesblasters.co.uk,New
blueskybuilders.net,New
bluespringslawoffice.com,New
bluesprucefarmwv.com,New
bluestackconsulting.com,New
bluesteelprotection.com,New
bluewaterengr.com,New
bluewavesmongolia.org,New
blumenthalmfg.com,New
blunotedesign.com,New
blushbridalcompany.com,New
blvdusedautoparts.com,New
bmcarstx.com,New
bmrenterpriseinc.com,New
bmrparts.com,New
bmtechautoparts.com,New
bmusedautoparts.com,New
bmvw.com,New
bmwbrothersinc.com,New
bmwmarketingconsultants.com,New
bmwminirecycling.com,New
bmxr.it,New
bnbautoparts.com,New
bnbcomic.com,New
bnbrecycling.com,New
bneauto.com,New
boardgamesofold.com,New
bobbysautoparts.com,New
bobothetutor.com,New
bobsaandaautoparts.com,New
bobsautosalvage.com,New
bobsautowrecking.com,New
bobsfords.com,New
bobssalvage.com,New
bobstautosalvage.com,New
bobstireco.com,New
bobsupick.com,New
bobweinc.com,New
bodyline.ca,New
bogema-hotel.ru,New
bohanonautoparts.com,New
boldlychic.com,New
bolducmetalrecycling.com,New
bolivarsalvage.com,New
bollmansautosalvage.com,New
bolshe.ru,New
bondhuberman.com,New
bondrose.com,New
boneyardautoparts.com,New
bonnevilleauto.com,New
boogiballs.com,New
booking.com,New
bookmaker-bet.com,New
boommoon.co.uk,New
boostermassage.com,New
boothgirlshowstaffing.com,New
boothilltruck.com,New
borgesauto.com,New
borgodeglietruschibags.com,New
borkowskitowingandsalvage.com,New
bosautoparts.com,New
bostonautomotiveinc.com,New
bostonjunkcar.com,New
bostonrubbishremoval.net,New
bottegadilungavita.com,New
bouboulena.com,New
boulangerielaziza.fr,New
bourgogne.eanfh.com,New
boussais.com,New
boutique1969.com,New
bowautoparts.com,New
bowlinghistorian.com,New
bowtieclassicparts.com,New
box-rf.ru,New
boxautosalvage.net,New
boxbe.de,New
boydsusedautopartsct.com,New
boysvillethriftstore.org,New
br.search.yahoo.com,New
bradanini.com,New
bradboquetphotography.com,New
bradenbrook.com,New
bradscorvettes.com,New
bradsmegacenter.com,New
bramblettautoparts.com,New
bramklein.net,New
brandonauto.com,New
brandonautosalvage.com,New
brandprotect.com,New
brandverity.com,New
brandybrowauto.com,New
brandywineparts.com,New
branifauto.com,New
brankoradulovackimd.com,New
brannfjell-vel.com,New
branris.com,New
brassardauto.com,New
brasscastleimports.com,New
brauncruzlawgroup.com,New
bravaelectric.com,New
brayauto.ca,New
breakawayrepublic.ca,New
brewerautogroup.com,New
brewersalvagelansing.com,New
brewsterauto.com,New
briansimalchik.com,New
bricklerusedparts.com,New
bricknave.net,New
brickrecycling.com,New
brickstone-properties.net,New
brickyardimportedcars.com,New
bricoypesca.com,New
bridal-noir.com,New
bridge-talent.com,New
bridgelakeautoparts.com,New
bridgemarkconsulting.com,New
bridgetonparkhoa.com,New
bridgewaterma.org,New
bridgewaterrecycling.com,New
brightontruckparts.com,New
brijbasiartpress.com,New
brilliantcollections.com,New
brimsimport.com,New
brimstonespizza.com,New
brintonsauto.com,New
briodesignsrl.it,New
bristolmetal.com,New
britishcarservice.net,New
britishmotorsportsinc.com,New
britishrecycling.com,New
brm-c.com,New
broadcreekmarine.com,New
broadwayautopart.com,New
broadwayautopartsinc.com,New
broadwaysalvage.com,New
brockautoparts.com,New
brocktonautosalvagecompany.com,New
brokenwheelautoparts.com,New
brokenwheelsalvage.com,New
broncoautosalvage.com,New
broncosalvage.com,New
brookfieldautopart.com,New
brookfieldco.com,New
brooklyntowingservice.com,New
brookparkauto.com,New
brooksautoparts.ca,New
brooksautosales.com,New
brooksautosalvage.com,New
brookshireautosalvage.com,New
brooksideauto.com,New
brooksideautoparts.com,New
brooksstreetbooks.com,New
broomeautoparts.com,New
broomsheet.com,New
brothersauto.com,New
brothersautoparts5.com,New
brothersautosalvage.com,New
brothersautosalvageandrecyclers.com,New
brown.edu,New
browningautoparts.com,New
brownsautosalvage.ca,New
brownsautosalvage.com,New
brownseastsideauto.com,New
brownsexit27salvage.com,New
brownsvalleysalvage.com,New
bruceauto.com,New
bruceautoparts.com,New
bruceharrell.com,New
brucemooreauto.com,New
brucesautowreckers.com,New
brunnermath.com,New
brunosparts.com,New
brushautollc.com,New
brushesandbeverages.com,New
bryanautorecycling.com,New
bryanmcenteelaw.com,New
bryansusedautoparts.com,New
bryantlamare.com,New
bryantsautoparts.com,New
bsablog.com,New
bsalsa.com,New
bsautoandtrucksalvage.com,New
bsgsoft.com,New
btc.com,New
bualaithai.com,New
buc1.com,New
buchananautosalvage.com,New
buchanansautosalvage.com,New
buckeyeautoparts.com,New
bucklinautoglass.com,New
buddha-amulet.com,New
budget.airfind.com,New
budgetappliancesandiego.com,New
budgetautoparts.net,New
budgetautopartsfl.com,New
budgetautosalvagehwy287.com,New
budgetautowrecking.biz,New
budgetdumpster.com,New
budgetfl.com,New
budgetimportauto.com,New
budgetimportautoparts.com,New
budgetofalex.com,New
budgettransmissionserviceandrepair.com,New
budgettruckwrecking.com,New
budharrisautoparts.com,New
budjonesandsons.net,New
budsautopartsin.com,New
budsok.com,New
budsusedautoparts.com,New
buffaloautowreckinginc.com,New
buffalojunkcar.com,New
bugatti-club-deutschland.de,New
buggydoctor.com,New
bugoutsystem.com,New
bugsstevens.com,New
buildome.co.uk,New
buizzaalberto.it,New
bulldogautorecycling.com,New
bullsautoparts.com,New
bullseyepipe.com,New
bullseyerecyclers.com,New
bumper-stickers.ru,New
bumpermart.com,New
bumpertobumperautorecyclers.com,New
bumperworldacc.com,New
bumsteadbikes.com,New
bunnings.com.au,New
burdinola.com,New
burgerking.com,New
burkhartautomotiveinc.com,New
burkholderstrucksales.com,New
burlingtonautoparts.com,New
burlingtonrecyclingandautoparts.com,New
burlyguys.com,New
burnetautosalvage.com,New
burnettscrapmetals.com,New
burnsideusedtruckparts.com,New
burrowsabcauto.com,New
buryfcyouth.co.uk,New
business.cottagegrovechamber.org,New
businessfinder.masslive.com,New
businessfinder.nj.com,New
businessserviceassurance.com,New
businessyab.com,New
busuu.com,New
busybeeautopartsandtowing.com,New
busybeeautosalvage.com,New
butcherauto.com,New
butlerautoparts.net,New
butlerautorecycling.com,New
butlerautosalvageandsalesinc.com,New
butterflyadvertising.ie,New
buydirect.com,New
buyriteautosalvage.com,New
buystrictlygerman.com,New
buzzfind.net,New
buzzlifeapps.com,New
bwautodismantlers.com,New
bwautopart.com,New
bwtruck.net,New
bypassautorecyclers.ca,New
byrddental.com,New
byrdsautowrecking.com,New
c2racetech.com,New
ca.alhea.com,New
ca.downloadsearch.cnet.com,New
ca.intoautos.com,New
ca.search.com,New
ca.search.yahoo.com,New
ca.yhs4.search.yahoo.com,New
ca.zapmeta.com,New
cabucornici.it,New
cacmagility.com,New
cadauto.com,New
cadillachighperformance.com,New
cadillacsonly.com,New
cadizdrive-inusedautoparts.com,New
cafeelsalvador.com,New
cafemogador.com,New
cafeq.co.nz,New
cahillsgarage.com,New
calamarirecycling.com,New
caldwellauto.com,New
calerasanmiguel.com,New
calexicoautodismantlers.com,New
californiaautoparts.com,New
californiaautowrecking.com,New
californiacarrecycling.com,New
callahanusedautoparts.com,New
callansalvage.com,New
callcarcash.com,New
callcarlson.com,New
calminitruck.com,New
calumetautoparts.com,New
calumetautowrecking.com,New
calvinsautosales.com,New
calvinswrecking.com,New
calzadoscarla.com,New
cambridgeautorecyclers.com,New
cambridgeautowreckers.com,New
cambridgemobilesound.com,New
cambrigen.com,New
camdenautoparts.com,New
cameronautosalvage.com,New
camilla-malmquist.com,New
camillaogjan.net,New
camilledussich.com,New
camisetasforfun.com,New
campautoandtruck.com,New
campbellssalvage.com,New
campflyingeagle.com,New
campmaker.com,New
campsalvage.com,New
camrest.ru,New
canada247.info,New
canada247.org,New
canadian4x4recyclers.com,New
canadianautorecycler.ca,New
canardiere.com,New
candcusedautoparts.com,New
candeusedpartsinc.com,New
candhautopartsinc.com,New
candhautosalvage.com,New
candhautosalvage2.com,New
candhsalvage.com,New
candjautoparts.com,New
candlga.net,New
candmauto.com,New
candscorvettes.com,New
candtstandardtransmissions.com,New
candttransmission.com,New
candwautosalvage.com,New
cannonautoparts.com,New
canyonprint.com,New
cap-pack.com,New
capcom.com,New
capebyroncelticdance.com,New
capitalautoparts.com,New
capitalautosalvage.net,New
capitalautowrecking.com,New
capitalcityautoparts.ca,New
capitalcitysalvage.com,New
capitalcityusedautoparts.com,New
capitalcjd.com,New
capitalgaynes.com,New
capitaljac.com,New
capitalusedautoparts.com,New
capitantsubasa.net,New
capitolap.com,New
capitolautoparts.com,New
capitolclayarts.com,New
capitolusedtires.com,New
capricebb.com,New
captainbrain.com,New
captaingeorges.com,New
captainrastroautoparts.com,New
capture.heartrails.com,New
capusedautoparts.com,New
car-junk-buy.com,New
car-partz.com,New
car-recyclers.com,New
carbonesautoparts.com,New
carbonzsalvage.com,New
carcone.com,New
carconnectionohio.com,New
cardlockersecurity.com,New
cargoautorecyclers.com,New
carguts.com,New
carguyzauto.com,New
carheaven.com,New
caribama.net,New
caribooautorecyclers.ca,New
caringsanta.com,New
carlisleusedparts.com,New
carlosautosalvage.com,New
carltonssalvage.com,New
carmula.com,New
carndonaghgaa.com,New
carnegie-harriers.co.uk,New
carnetsdeveil.com,New
carneyauto.com,New
carneyautoparts.com,New
carolinamarisaoccari.it,New
carolinasalvage3.com,New
carolinawreckingco.com,New
carolkornacki.org,New
carolsauto.com,New
carpartd.com,New
carpartsnc.com,New
carpartsrequest.com,New
carquest.com,New
carriageautosalvage.com,New
carriescountryhomecandles.com,New
carright.de,New
carrolltonarp.com,New
cars-and-parts.net,New
cars.micro-platform.de,New
cars.superpages.com,New
carsandparts.ca,New
carshoppe.net,New
carsmartautoparts.com,New
carsnparts.org,New
carsplusautosalvage.com,New
cartecayusedparts.com,New
carthageautoparts.com,New
cartolibreriacentrale.eu,New
cartomanzia-lotto.com,New
cartoonsautosalvage.com,New
cartouchesansfin.fr,New
cartunesma.com,New
carutherssalesandtowing.com,New
carworldused.com,New
carzauto.ca,New
carzrus1.com,New
casaclimasuedtirol.it,New
casadelpoggiosolivo.it,New
casafiesta.es,New
casafridamexicancuisine.com,New
casaofhoustoncounty.org,New
casascalera.it,New
casatironi.it,New
casdef.org,New
caseandbucks.com,New
caseautoparts.com,New
casella.com,New
cash-for-cars.net,New
cash-for-junk-cars.com,New
cash4carsnj.com,New
cash4carspdx.com,New
cash4yourjunkcars.com,New
cashautosalvage.com,New
cashforanycars.com,New
cashforcarsnewyorkcity.com,New
cashforcarsonline.com,New
cashforclunkersmaine.com,New
cashforjunkcarframingham.com,New
cashforjunkcarsnewyork.com,New
cashforjunkcarsqueens.com,New
cashformyjunkcarnva.com,New
cashformyjunkcarremoval.com,New
cashforyourjunkandunwantedcar.com,New
cashmoneyjunkcars.com,New
casinopalmareal.com,New
caskers-wp.expandlabs.com,New
casperminds.com,New
cassiedrawstheuniverse.com,New
catalinaautorecycling.com,New
cateringaffairs.net,New
cateringbysteve.com,New
cateringycocteles.com,New
cathcartauto.com,New
catholicwaypublishing.com,New
cathyscosmetics.com,New
catsautoparts.com,New
caughillauto.com,New
causeysautoparts.com,New
cautoparts.com,New
cavalryofone.com,New
cavemanautoparts.com,New
caytam.fr,New
cbass.net,New
cbautoltd.com,New
cbskiphire.co.uk,New
cbsnews.com,New
cbwell.com,New
cc-thesis.it,New
cc.bingj.com,New
cccorerecyclers.com,New
cccscrap.com,New
ccpfy.net,New
ccrecyclingcr.com,New
ccs.infospace.com,New
ccsnh.com,New
ccsorta.org,New
ccuaps.com,New
cdamkv.ru,New
cdayo.org,New
cdc.gov,New
cdn-amadf.nitrocdn.com,New
cdsmarine.it,New
cdxviii.net,New
cecigomez.com,New
cedarautorecyclers.com,New
ceegeesautorecycling.com,New
ceflehighvalley.com,New
celebrationsphotoart.com,New
cellone.ntent.com,New
celticprogrammesonline.com,New
cemediab.com,New
cencesationalpainting.com,New
centeracp.com,New
centerforbrightkids.org,New
centerforyoungimaginations.com,New
centerhillauto.com,New
centerlineartworks.com,New
centerstreetautoparts.com,New
centerstreetautowreckers.com,New
centralaa.com,New
centralauto.ca,New
centralautoliq.com,New
centralautonatick.com,New
centralautopart.com,New
centralautorecyclers.com,New
centralautorecycling.com,New
centralavenissan.com,New
centralcarparts.com,New
centralcity.cc,New
centralcityautoparts.com,New
centralfloridaautosalvage.com,New
centralgaautosalvage.com,New
centralgradeautoparts.com,New
centraljerseyautosalvage.com,New
centraljerseyrecycling.com,New
centralmassjunkremoval.com,New
centralplains.com,New
centraltexasautorecyclers.com,New
centrodelbandoneon.com,New
centrorevisionipiai.it,New
centurylink.net,New
cerrone.net,New
certifiedautorecyclers.com,New
certifiedsafeelectric.com,New
cervanteca.com,New
cesmedips.com,New
cesteriaymuchomas.com,New
cetroscentromedico.com.br,New
cfay.net,New
cfbristol.com,New
cfcrecycling.net,New
cfsme.com,New
cfumich.org,New
cgtowing.com,New
chacbe.com,New
chairmanmoen.com,New
chakrajewelleryandsilks.com,New
championautoandtruckrecyclers.com,New
championautosalvage.com,New
championusedautoparts.com,New
chaparral-auto.com,New
chapasautoparts.net,New
chapelauto.com,New
chapelcakes.com,New
chapmanautoparts.com,New
chapmanenterprisesinc.com,New
chapmanmotors.ca,New
chargers.ipt.pw,New
charlestonchineselearning.net,New
charlestonsupportedart.com,New
charliesavigar.com,New
charliesusedautoparts.com,New
charlottesfinestlegacy.com,New
chasewaste.com,New
chattanoogavalley.net,New
chavezautowreckers.com,New
chavezcarparts.com,New
chayabrothers.com,New
chazsauto.com,New
chazsusedautopartsofyork.com,New
chconst.com,New
chcu.net,New
cheapapartmentbangkok.com,New
cheapchicagodivorce.com,New
cheappartco.com,New
cheapusedautopartsnyc.com,New
checkerautosalvage.com,New
chekhov.xxxrus.org,New
chelstonhotelblackpool.co.uk,New
chequewrite.com,New
cherry-auto.com,New
cherylaw.com,New
chesaningauto.com,New
chesneyautosalvage.com,New
chestnutstreetauto.com,New
chets-auto.com,New
chetsautoparts.net,New
chetsscrapmetal.com,New
chevytruck-parts.com,New
cheztheprez.com,New
chi-townauto.com,New
chiaperotti.com,New
chicagodadogum.com,New
chicagospiritwave.com,New
chicdelrio.org,New
chichesterconstruction.co.uk,New
chick-fil-a-sucks.info,New
chicopeeautofarm.com,New
chiefmotorcycleforum.com,New
childrensteethtips.com,New
chillaxhostel.com,New
chimiver.info,New
chitech.net,New
choiceautoparts.net,New
chopinet.com,New
chrismantruckandautorecycling.com,New
chrispaynedesigns.com,New
christensenautoscrap.com,New
christgettysburg.net,New
christianarmy.is-great.org,New
christianhassum.com,New
christophermeades.com,New
christophertrian.com,New
christysautowrecking.com,New
chrome.google.com,New
chslogistics.it,New
chuckandeddies.com,New
chuckranautopartsinc.com,New
chucksas.com,New
chucksautosalvageinc.com,New
chuckstrucksaz.com,New
chucksusedautoparts.com,New
chujioceramics.com,New
churchautoparts.com,New
ci.el-cajon.ca.us,New
ciasalvageme.com,New
cientificaschonfeld.com,New
cierrelabs.com,New
cimcoautoparts.com,New
cincinnatibell.net,New
cintiautorecycle.com,New
cisaccounts.co.uk,New
citra.com,New
citronsusedparts.com,New
cityauto.ca,New
cityautoparts.net,New
cityautowreckers.com,New
citypedia.com,New
cityplaceselfstorage.com,New
citysalvage1.com,New
cityuniversalbodyparts.com,New
ciudadelvalle.com,New
ciudadtec.com,New
civiltech.ca,New
cj5.com,New
cjautousedparts.com,New
cjsplumbingandhvac.com,New
ckauto.com,New
ckautosalvage.com,New
ckcdumontberrue.com,New
ckscrap.com,New
clackamasrivertowingandautosalvage.com,New
claibornebrothers.com,New
clairvoyantchristine.com,New
clarkcountyexpert.com,New
clarkpart.com,New
clarksautoparts.net,New
clarksscrapmetals.com,New
clarksusedparts.com,New
classacars.com,New
classic.ixquick.com,New
classicautosalvage.biz,New
classiccarjunkyard.net,New
classiccleanouts.com,New
classiccruisers.com,New
classicusedautoparts.com,New
classycarparts.com,New
classycarparts.com.,New
claudeledbetter.com,New
claudiomenconi.com,New
claustonberryobservatory.com,New
clautosalvage.com,New
claytonautoparts.net,New
claytonsautoparts.com,New
clearchoice-realestate.com,New
clearlydesigned.com,New
clearmarq.com,New
clearwaterautomotive.com,New
clearwaterautoparts.com,New
clementssalvage.com,New
clevelandautoparts.com,New
clevelandautowrecking.com,New
clevelandpap.com,New
click-n-hit.com,New
click.surf,New
clickand.co,New
clickshotmedia.com,New
client.spyhide.com,New
clintonautotopeka.com.cutestat.com,New
clintonautowrecking.com,New
clintonok.gov,New
clmsystems.com,New
clothesbefitting.com,New
cloud.google.com,New
cloudcutterconsignments.com,New
cloudflare.com,New
cloudstrong.ie,New
clubdechance.fr,New
clubminimexico.com,New
clubxtrain.com,New
clusteredspiresbcc.com,New
clydenj.com,New
cmdc.ca,New
cmmosteopatia.com,New
cmsmorrell.com,New
cn.bing.com,New
cnn.com,New
cnselpaso.com,New
co-cuisinedining.com,New
coach4good.hu,New
coastalautoparts.net,New
coastautosalvage.com,New
coastautosupply.com,New
coastimportautowrecking.com,New
coastthrulife.com,New
coautoimports.com,New
cobasromacomune.it,New
cobbssalvage.com,New
cocacola.com,New
cochranetowing.com,New
cocinalascortaderas.com.ar,New
cockrellsautoparts.com,New
cocoaautosalvage.com,New
cocos1.com,New
codautobuyers.com,New
code.google.com,New
codeedge.org,New
cohenusa.com,New
cohip.com,New
coin-habitat.fr,New
coinbase.com,New
coldfilm.ru,New
colemanautoparts.net,New
colemanautosalvage.com,New
colesauto.us,New
colesparkautoparts.com,New
colibrienergia.it,New
collectiveminds.ca,New
collinstruckparts.com,New
colombosas.it,New
coloniallimoservice.com,New
colonyusedautoparts.com,New
colorado.edu,New
coloradoautoandparts.com,New
columbia.edu,New
columbiaautosalvage.net,New
columbiatoo.com,New
columbusautopartsllc.com,New
columbusautorecycling.com,New
colwelllaneauto.com,New
comaqnorthamerica.com,New
combsaudio.com,New
comedyminusone.com,New
comingsoonsc.com,New
comitatodnt.it,New
commeenfrance.com,New
commercialcollectionsfirm.com,New
commercialmediaproductions.com,New
communityautorecyclingpa.com,New
comodome.com,New
compactautobody.com,New
companyclinic.net,New
compensatorfishingcharters.com,New
competitionshooter.co.uk,New
complementos-sondika.com,New
completeautophoenix.com,New
completeautorecyclers.com,New
completecakecraft.com,New
completeforeignautoparts.com,New
completeparts.net,New
completeusedautopartsinc.com,New
complexeautomobilestpaul.com,New
compstaff.net,New
computercableinstall.com,New
computercowboy.com,New
comune.ceccano.fr.it,New
comune.isoladelliri.fr.it,New
comvideo.it,New
concesiotennis.it,New
conciertosgrapa.mx,New
concordautodismantlers.com,New
condonsautoparts.com,New
condordata.com,New
connect.polycomemea.com,New
connecticutjunkyards.com,New
connecticutscrap.com,New
connecticutused.com,New
connectingthedotseveryday.com,New
connellsauto.weebly.com,New
connellsvilleautosalvage.com,New
conquerliquid.com,New
conradsautosalvage.com,New
constellationsolutions.co.uk,New
constructionsm.com,New
consumeraffairs.com,New
consumerdatastandards.com,New
consumerdatastandards.net,New
consumersearch.com,New
contemporarycorvette.com,New
contemporaryperformance.net,New
conticorp.com,New
continentalmusic.net,New
conwayscrapmetal.com,New
cookiebaronline.com,New
cookimag.com,New
cooksautoparts.com,New
cookstownauto.com,New
cooksville.com,New
cooleysscrap.com,New
coomatrophy.com,New
coop-tax.com,New
cooperss.com,New
coopmorelli-gestioneservizi.it,New
copawrecking.com,New
coppel.com,New
cops4thecure.com,New
cordellhull.org,New
cordovatruckdism.com,New
corduffoman.com,New
coreyautowreckers.weebly.com,New
coreymast.com,New
corinthautosalvage.com,New
corneliusjapan.com,New
cornellsusedautoparts.com,New
cornerstonecares.org,New
cornwalldrivingschool.com,New
coronaautopartsrecyclers.com,New
coronasautoparts.com,New
corpcom-usta.com,New
corriericrm.it,New
corsetsbaratos.com,New
corsi-inglese-bambini-bologna.com,New
corvettehangoutteksupport50megs.com,New
corvetterecycling.com,New
corvettesalvage.com,New
cosamara.com,New
coserex.com,New
cosmos-towing.webpaper.co,New
cosmosautoparts.com,New
cosnerbrothers.com,New
costysautoparts.com,New
cottageshoa.com,New
cottonsautosales.com,New
counselmanauto.com,New
countryautosalvage.com,New
countrysideautoparts.com,New
countrysideautosalvage.com,New
county-metal-yard.com,New
countyautorecycling.com,New
countylineautoandsalvage.com,New
countylineautoparts.com,New
countylineautoparts.net,New
couponsanddiscouts.com,New
couponsbuy.net,New
coursera.org,New
cousineaurecycling.com,New
coutus.com,New
coventrywest.com,New
coverscans.com,New
coverspain4.bloggersdelight.dk,New
coveys.com,New
coveysautoparts.com,New
coveysmazdaparts.com,New
cowgrooving.com,New
coxautoparts.com,New
coxautosalvageinc.com,New
coxirrigation.com,New
coxsautomotive.com,New
cpa-partnerki.ru,New
cpaparkland.com,New
cpapcentralonline.com,New
cppjapan.com,New
crabtreeauto.com,New
craigslist.org,New
cranbrookrenovations.com,New
craneysauto.com,New
crashautopartsllc.com,New
crashautos.com,New
crashrepairlivingston.com,New
crawfordusedparts.com,New
crawler.com,New
crawlson.com,New
crazysocialmedia.com,New
creativecontentbycmi.com,New
creativeideasmedia.com,New
creativeoasiscoaching.com,New
creditjusticeservices.com,New
creeksidervpark.com,New
creeksidesilverton.com,New
crescentgutter.com,New
crescenttownship.com,New
cresentupullitparts.com,New
crestonautorecycling.com,New
cresttruckparts.com,New
cribbassociates.co.uk,New
criderusedparts.com,New
cripplecreeksalvage.com,New
crispinironandmetal.com,New
crispypizzany.com,New
cristinisauto.com,New
cropseymetals.com,New
crosscrashes.com,New
crosscubes.com,New
crossfieldauto.com,New
crossroadsautoparts.com,New
crossroadsautorecycling.com,New
crossroadschurchcma.org,New
crosstownap.com,New
crosstownauto.net,New
crosstownautoparts.com,New
crosstownautotruck.com,New
crownautosalesma.com,New
crowsnest.tv,New
crowsrunrecycling.com,New
cruiserparts.net,New
crunchbase.com,New
crusherautosalvage.com,New
crushersautoparts.com,New
crushhoggottiline.com,New
crutchfieldautoparts.com,New
crutchfieldautopartsii.com,New
cruzbulldozers.com,New
crystalautodismantler.com,New
crystalautoparts.net,New
crystalsemantics.com,New
cs.daum.net,New
csbogota.com,New
cse.google.com,New
csieda.co.jp,New
csofam.com,New
csotfastate.org,New
ctclinicalresearch.com,New
ctmetal.com,New
ctrebarandscrap.com,New
ctsautoparts.net,New
cttowingauto.com,New
ctvga.com,New
cullenbakercountryfair.com,New
cullumstowing.com,New
culpeperrecycling.com,New
culpepersalvage.com,New
cumberlandauto.com,New
cumberlandsalvageinc.com,New
cumberlandusedautoparts.com,New
cummingsjoinery.com,New
cunningham-brothers.com,New
cuoredicera.it,New
cuppallparts.com,New
curticeautoparts.com,New
curtiswrecking.com,New
cussetasalvage.com,New
customcrete.biz,New
customerservicexyz.com,New
customsentiments.com,New
custta.com,New
cutrateautoparts.net,New
cutterpearlcitychryslerjeepdodgeram.com,New
cuttingedgefencing.com,New
cuttingedgelights.com,New
cuttingpoyntz.com,New
cutwingmarketing.com,New
cvautorecyclers.ca,New
cvjryahoo.com,New
cwmlaw.com,New
cyberknifedelhi.com,New
cycle-salvage.com,New
cycleprossalvage.com,New
cypressautosalvage.v12soft.com,New
czechandspeakefragrances.com,New
d.gufen.ml,New
d2a9jqf7p99cry.cloudfront.net,New
d4cpd.com,New
dabocorp.com,New
dachrinnen-reinigen.de,New
daddiosautoparts.com,New
dadsauto.com,New
dadstruckandauto.com,New
dailymail.co.uk,New
dakotaautoparts.com,New
daleandlisas.com,New
dalecoonsauto.com,New
dallaahospital.com,New
dallasautorecycling.com,New
dallasautosalvage.com,New
dallasturbo.com,New
dalmatianpropertymanagement.com,New
daltonclinic.com,New
damosautoparts.com,New
dancebrazil.org,New
dancesolutions.co.uk,New
dandbautowrecking.com,New
danddautoparts.com,New
danddusedparts.com,New
dandeauto.com,New
dandeecompany.com,New
dandkmotors.com,New
dandmsalvage.com,New
dandslighttruck.com,New
dandvsalvageinc.com,New
dandwautowreckers.com,New
dandwusedcarparts.com,New
danelawdanceband.co.uk,New
danielapesendorfer.public1.linz.at,New
danielbraaten.com,New
danielmrusso.com,New
danilastroitel.ru,New
dannycookusedcars.com,New
dannysautoparts.com,New
dannysautosalvage.com,New
danscarparts.com,New
dansgarage.net,New
danstruckandauto.com,New
dansusedautoparts.com,New
daqs.ebindr.com,New
daretoblossom.co.uk,New
daromaderas.com.ar,New
dasands.com,New
dataflexdm.com,New
dataprovider.com,New
datatoolbar.com,New
datavoiz.com,New
datsunautowreckingsandiego.com,New
daughtersoftoleza.org,New
daurioauto.com,New
daves1autoparts.com,New
davesa1autoparts.com,New
davesautoandtruckparts.com,New
davesautoentnh.com,New
davesautoparts.on.ca,New
davesautorecycling.com,New
davesautosalvage.com,New
davesjunkyard.com,New
david-omansky.com,New
davidaherz.com,New
davidfinlay.stirling.co.uk,New
davidmather.com,New
davidmdavismd.com,New
davidsautowrecking.com,New
davidsonautosalvage.biz,New
davidsonusedautoparts.com,New
davis-commercial.com,New
davisautoinc.com,New
davisautoparts.com,New
davisautoparts.net,New
davisautosalvage.com,New
davisautowrecking.com,New
davisonautoparts.com,New
davissalvage.com,New
davisusedcarsandparts.com,New
dawseralhadidi.com,New
daynew.net,New
daysautosalvage.com,New
daytonohiojunkcarremoval.com,New
daytonxeniaauto.com,New
dazeroa4zampe.net,New
dazzledreams.com,New
dbapixels.com,New
dbclocks.com,New
dcas.net,New
dcauto.com,New
dcbumper.com,New
dcentconcerts.com,New
dckh-patientrecord.org,New
dconnerassociates.com,New
dcshea.com,New
dcwestyouth.com,New
ddengines.com,New
ddimports.ca,New
ddmccollinc.stihldealer.net,New
ddsalvageny.com,New
de.search.yahoo.com,New
dealadvisorusa.com,New
dealershipcapitalpartners.com,New
dealsonwheelsinc.com,New
debate.ipt.pw,New
decaturautoparts.com,New
dechaleira.com,New
deckerssalvage.com,New
decoreventos.com,New
deepakgeorge.com,New
deepsolar.com,New
deercreekauto.com,New
deerfootautoparts.com,New
deeringsautoparts.com,New
deeringssales.com,New
deerparkrecycling.net,New
deervalleyusedparts.com,New
defautautoinc.com,New
definetraining.com,New
deformaty.com,New
dekalbautosalvage.com,New
del-carusedautoparts.com,New
delawareautosalvageinc.com,New
delcomp.pe,New
delconsystems.com,New
deliciaartesana.es,New
delkperformance.com,New
dellbridgeinvestments.co.uk,New
delpauto.com,New
delta.com,New
deltaautoparts.com,New
deltavilleoystercompany.com,New
deluxeautopartstx.com,New
demasomaterassiroma.it,New
demiloautoparts.com,New
demmyventures.com,New
demolitiondepot.com,New
demosalvageinc.com,New
demure-designs.com,New
denaples.com,New
denisonautopartsoh.com,New
dennishall.com,New
dennisneal.biz,New
dental3dondemand.com,New
dentalsmileshouston.net,New
dentamin.at,New
dentonauto.com,New
denveraffordableusedparts.yolasite.com,New
denverimportsllc.com,New
denverorganize.com,New
dependableauto.com,New
dependableiron.com,New
dephnaught.iampragency.com,New
descoautomotive.com,New
desertdogautoparts.com,New
desertswing.com,New
deserttruckandauto.com,New
designbyrasmus.com,New
designsbydianna.com,New
desimoneemilazzo.it,New
desktopmetal.com,New
desmoinesmma.com,New
desotoautoparts.com,New
desotohistoricalsociety.com,New
destin-8.co.uk,New
destra-sbo.nl,New
detroit.about.com,New
detroitpickapart.com,New
detroitusedautoparts.com,New
dev.junkyardsnearme.com,New
dev2.junkyardsnearme.com,New
developers.google.com,New
devensrecycling.com,New
devine-one.com,New
devorecookeauto.com,New
dewaynejmalone.com,New
dfwautorecyclers.com,New
dfwusedparts.com,New
dgcolour.co.uk,New
dgtireandauto.com,New
dharneysusedautoparts.com,New
dhsapps.state.nj.us,New
diamancar.com,New
diamanteautoparts.com,New
diamedrestivo.it,New
diamondauto.com,New
diamondautoparts.com,New
diamondbackautoparts.com,New
diamondjapanese.net,New
diamondusedautoparts.com,New
dibaq.com,New
dichvuthanhtoan.vn,New
dicksautoparts.com,New
dickscustomengraving.com,New
diehlautoparts.com,New
dietzautoparts.com,New
diezclothing.com,New
digitalhorizonsphotography.com,New
digitalopport.com,New
digitalphotospot.com,New
digitechit.co.uk,New
dikmendoviz.com,New
dikuhlman.com,New
dillardauto.com,New
dillonautoparts.com,New
dillonbuildingservices.com,New
dillonsautosalvage.com,New
dimensionalspaces.com,New
dingsautoparts.com,New
dippindots.com,New
directauto-parts.com,New
directauto.ca,New
directauto.com,New
directhit.com,New
directusedparts.com,New
dirkesautoparts.com,New
discountas.com,New
discountautopartsandsales.com,New
discountautosalvage.com,New
discountautosalvagebirmingham.com,New
discountautosalvagenj.com,New
discountautosalvagetx.com,New
discountautosalvagewf.com,New
discountautousedparts.com,New
discountautowreckers.com,New
discounttowingandrecovery.com,New
discretesearch.com,New
disndatauto.com,New
disposalbins.co,New
disposalbins.contractors,New
disprodisposal.com,New
distronlinebandung.com,New
diversifiedtoolinggroup.com,New
divinedispensing.net,New
divinemarinegrp.com,New
divorcemediationca.com,New
dixautoparts.com,New
dixieauto.net,New
dixieautoparts.net,New
dixieautosalvage.com,New
dixiecarparts.com,New
dixiegirlspa.com,New
dixiesalvage.net,New
dixonauto.com,New
dixonvalve.okta.com,New
diyargroupinc.com,New
djautobrokers.com,New
djbillybop.com,New
djeenie.com,New
djsautorecycling.com,New
djshorsehandling.com,New
djvsoft.com,New
dldentertainment.com,New
dlfence.com,New
dltruckparts.com,New
dlwebster.com,New
dmautosolutions.com,New
dmbnewry.com,New
dmginteriors.co.uk,New
dndrecyclingcorp.com,New
dnjautosales.com,New
dnserrorassist.att.net,New
dnsrsearch.com,New
docepares.net,New
docketmaster.com,New
docs.google.com,New
doctordisposal.com,New
doctoreyecare.com,New
docunav.com,New
dodgecityautowrecking.com,New
doggettautoparts.com,New
dogpile.com,New
dollymamadesigns.com,New
dolphinusedauto.com,New
domhou.org,New
dominionauto.com,New
dominiondjs.com,New
dominos.com,New
domsauto.com,New
donaldhendon.com,New
donaldmccarthy.com,New
donawitzautoparts.com,New
donjonrecycling.com,New
donniescoresupply.com,New
donsauto.com,New
donsautoandtrucksalvage.com,New
donsautotruck.com,New
donscarcrushing.net,New
donscharfautomotive.net,New
donschmidsalvage.com,New
donssportcar.com,New
donssportcars.com,New
doorcountyrealestate.com,New
doorstoreautoparts.com,New
doraluzportillocomcast.nettreemore,New
doremusautosalvage.com,New
dorfman-finop.com,New
dorrancerecycling.com,New
dorrautosalvage.com,New
dorrisauto.com,New
doska-vsem.ru,New
dosseray.com,New
dostavka-v-ukrainu.ru,New
dostoprim.com,New
dosug-lux.ru,New
dotbatservices.com,New
dotclear.org,New
doubletautomotive.com,New
doubleyellowline.us,New
dougapaloozer.com,New
douglascountybusiness.com,New
dougmac.com,New
dougsauto.net,New
dougsautoandsalvage.com,New
dougsautoparts.ca,New
dougsautoparts.com,New
dougsautorecyclers.com,New
dougsautorecycling.com,New
downloadsearch.cnet.com,New
downtowneventservices.com,New
downtownimport.com,New
downtownpress.it,New
dpftrackandtrace.com,New
dpmercurioconstruction.com,New
dracostandard.co.uk,New
drakesauto.net,New
drautoworks.ca,New
dreambelievetravel.com,New
drichauto.com,New
drillingisntsafe.org,New
drillingsoftware.us,New
drillsandsupplies.com,New
drinkdolls.com,New
driskillsautoparts.com,New
driveintothefuture.com,New
drivelineautoparts.com,New
drivenstaffing.com,New
driver.de,New
drlamhang.com,New
drlynnmargolies.com,New
drmarvinlew.com,New
droidmod.ru,New
droidwars.org,New
dropbox.com,New
drumquay.com,New
drupal.org,New
drxmedia.com,New
drzeke.com,New
dsusedautoparts.com,New
dtexshop.com,New
dtnjautoparts.com,New
dtrtowing.com,New
dturbine.mplore.com,New
dualsystemusa.com,New
duanesautoparts.com,New
dublinscrapmetal.com,New
duckduckgo.com,New
duckysautoparts.com,New
dugasautorecyclers.com,New
duigulag.com,New
dukepointtruckparts.com,New
dulaneyautoparts.com,New
dumasetfils.ca,New
dumbleton.com,New
dumpsterrentalnj.com,New
dunbarchoral.org.uk,New
dunnautosalvage.com,New
duolingo.com,New
durablemetalsllc.com,New
dusseauautoparts.com,New
dutanada.com,New
dutchersinc.com,New
duvalautoparts.com,New
dvap.com,New
dvdpa.org,New
dwightsautowrecking.com,New
dworkintextiles.com,New
dwrid.com,New
dycsi.com.mx,New
dyerinks.com,New
dykesautoparts.com,New
dymos.co.in,New
dynamiccorvettes.com,New
dzerzhinsk.xxxrus.org,New
e-blok.com,New
e-hook.ru,New
e-leren-vdab.com,New
ea.com,New
eadperformance.com,New
eagleautoaz.com,New
eagleautopart.com,New
eagleautoparts.net,New
eaglefeather.com,New
eaglehead.ca,New
eagleintlusedautoparts.com,New
eaglemountainsalvage.com,New
eaglepassauto.com,New
eagleusedauto.com,New
eagleusedautoparts.intuitwebsites.com,New
eallauto.com,New
eandbauto.com,New
eandjautowreckers.com,New
eandrautowrecking.com,New
earlbowmanautowrecking.com,New
earlscarsandparts.com,New
earlscarsandparts.weebly.com,New
earlysautoparts.com,New
earthandfire-naples.com,New
earthwastesystems.com,New
easicook.co.uk,New
eastautosalvage.com,New
eastbayautoparts.com,New
eastbrunswickauto.com,New
eastcoastautosalvage.com,New
eastcoastautosalvageinc.com,New
eastcoastrebuildables.com,New
eastcoastusedparts.net,New
eastcolonialautoparts.com,New
eastendautoparts.net,New
easternautomotive.net,New
easternbypass.com,New
easternpos.com,New
easternrecyclingllc.com,New
easthamptonmetalrecycling.com,New
eastkentuckyautoparts.com,New
eastmanautoinc.com,New
eastmichautoparts.com,New
eastonautosalvage.com,New
eastparkauto.com,New
eastparkauto.comasqdrallfilter0num100start0complete0crcountryus,New
eastparkauto.comloc3ausfiltallfirst10formpere,New
eastsideautocollision.com,New
eastsideautoparts.net,New
eastsideautopartsmi.com,New
eastsideautopartsyahoo.com,New
eastsideautosalvage.com,New
eastsideautowarehouse.com,New
eaststreet.com,New
easttennesseeusedparts.com,New
easttexaslinks.org,New
easttroyautorecyclers.com,New
eastwestautoparts.com,New
easy2access1.com,New
easyriderschool.us,New
easyvideocommando.com,New
eauclaireurology.com,New
ebay.com,New
ebbingautoparts.com,New
ebizmatrix.com,New
ebusinessplace.com,New
ecautosalvage.com,New
eckertandson.com,New
eclipsewellness.com,New
ecoastauto.com,New
ecoautodismantling.com,New
ecoautorecycler.com,New
ecobodyart.com.br,New
ecogautoparts.com,New
ecogreenautoparts.com,New
ecolifeprojects.com,New
economyauto.com,New
economyautoandtruck.com,New
economyautocenter.com,New
economyautoparts.net,New
economyautoparts.org,New
economyautopartsmi.com,New
economyautosalvagekc.com,New
ecosia.org,New
ecowindowsuk.com,New
ecs-co.com,New
ecs-env.com,New
ecsalvage.com,New
eddiemotorsports.com,New
eddiesusedcarsandautosalvage.com,New
edgarmotor.com,New
edgeservices.bing.com,New
edisonusedautoparts.com,New
edkinsautony.com,New
edmunds.com,New
edpowellsauto.com,New
edsautoparts.ca,New
edsautosalvage.com,New
edsautoserviceandsalvage.com,New
edscarparts.com,New
edspencers.com,New
edsusedparts.com,New
eduboston.vn,New
educacity.com.br,New
edurobokit.com,New
edwardmorrisgroup.com,New
edx.org,New
efamilymd.com,New
efcdc.org,New
egrahams.com,New
egyptianfamilyhouse.com,New
eickhoffwindenergy.com,New
einar-steen-nokleberg.com,New
eiosteopatia.org,New
eissbrothers.com,New
ejasmo.com,New
ekovision.net,New
elaineciminostudios.com,New
elandmauto.com,New
elasticare.it,New
elcamauto.com,New
electriccontractorma.com,New
electricfiredepot.com,New
electronicdesignsusa.com,New
electrowise.com,New
elegantbeautysupplies.com,New
elementfits.com,New
eleniquedesigns.com,New
elginsuper.com,New
elijahmessage.com,New
eliminatecoldsores.com,New
elisabethtandberg.com,New
elisapatrissi.it,New
elisetanner.com,New
elisiahoemusedparts.com,New
eliteautolights.com,New
eliteautomo.com,New
eliteautoparts.com,New
eliteautoparts.net,New
eliteelectrolysisclinic.com,New
eliteforeignauto.com,New
eliterealestatepro.com,New
eliteusedautoparts.com,New
elizabethautowrecking.com,New
elizabethmenzel.com,New
elliottsautosalvagenc.com,New
elliottscompleteauto.com,New
ellisautoparts.com,New
elmcityautowrecking.com,New
elmdallas.org,New
elmersautosalvage.com,New
elmexicanotrucksalvage.com,New
elmiraaoh.com,New
elmod-furniture.com,New
elmonoautoparts.com,New
elmore-oil.com,New
elpasoautosalvage.com,New
elpatiomexrest.com,New
elsevier.com,New
elstonauto.com,New
eltamboret.org,New
eltoreador.com,New
elvalleforeignanddomestics.com,New
emadtrans.com,New
email-database.info,New
emandlu.co.uk,New
emanuelabartolozzi.com,New
emautoparts.com,New
emb-service.eu,New
embrysautoparts.com,New
emchomehealth.com,New
emeraldcoastautosalvage.com,New
emeraldshoresvet.com,New
emergencybusinessfunding.com,New
emersonranchhorses.com,New
emoji.srchmbl.com,New
empireabbotsford.com,New
empireautodismantling.com,New
empireautoteam.com,New
empirerecycling.com,New
emporiaautorecycling.com,New
emrege.com,New
emreyigitoglu.com,New
emsoffroad.com,New
emurli.com,New
emuwellbeing.com,New
en.gasgoo.com,New
encorebestof.com,New
encrypted.google.com,New
endmalarianow.org,New
endrefiskeside.com,New
enecomponents.com,New
enef.it,New
energasenergia.it,New
energiasmarinas.es,New
energyautodismantlers.com,New
energysystemimpianti.it,New
enertronics.com,New
engadget.com,New
engadget.search.aol.com,New
engine.presearch.org,New
engineandtransmissionworld.com,New
enginereplacement.com,New
englewoodautorepairs.com,New
english-swedish.com,New
englishmotors.net,New
engravedtagsandnameplates.com,New
engsmyr.com,New
enlowcomputing.com,New
ennisauto.com,New
enow.com,New
ensitescreening.com,New
enterprisefederation.com,New
envisionvalparaiso2030.com,New
eoberrysalvage.com,New
eperry.net,New
epi-trade.com,New
epicgames.com,New
epicsearch.in,New
eq-bg.com,New
eqmovers.com,New
equitysuccessproperties.com,New
eramebel.com,New
erd-bd.org,New
erdmansautoparts.com,New
erepairables.com,New
ericsautosalvageyardllc.com,New
erievolvo.com,New
erinauto.com,New
eristystarvikkeet.com,New
ermelindadecarlo.it,New
ernies-used-auto-parts.com,New
erniesautoparts.com,New
erniesusedautoparts.com,New
erotokritoulaw.com,New
erregipress.it,New
es.search.yahoo.com,New
escanabaenergy.com,New
escorpion2autowrecking.com,New
escorpionautoparts.com,New
esicola.com,New
esinstalls.com,New
eskimoautoandtruckparts.com,New
espanol.search.yahoo.com,New
espanol.yhs4.search.yahoo.com,New
espritcounseling.com,New
esramotors.net,New
essingtonavenue.com,New
estesautoparts.com,New
et.topease.net,New
etcote.com,New
etour.com,New
etsy.com,New
eu.startpage.com,New
eucn.org,New
euroasiaautoparts.com,New
euroasianauto.com,New
euroautopartswithpride.com,New
eurolineparts.com,New
euromebel.com,New
europartscars.wix.com,New
europartsexpress.com,New
europartsplus.com,New
europeanautomotivegroup.com,New
europeanautoparts.net,New
europeanautopartsstore.com,New
europeanautorecycling.com,New
europeanpartsdepot.net,New
europeantransmissions.com,New
europetn.com,New
eurostarauto.com,New
eurotechusa.com,New
evansautomotive.net,New
evansautosalvage.com,New
evehost.ru,New
evendalechurch.org,New
evepoints.com,New
everest-web.com,New
everetthaughton.com,New
everettsautoparts.com,New
evergreenautoandtruck.com,New
evergreenrecyclinginc.com,New
evergreensalesandparts.com,New
everhartbrothersusedcarsinc.com,New
everyonescuppa.com,New
evrecycling.com,New
excampionites.com,New
excellentdia.com,New
exceptionalautoparts.com,New
exciterewards.com,New
executiveworkforce.com,New
exensa.com,New
exformatics.dk,New
exhaustedinc.com,New
exit100.info,New
exit30imports.com,New
exoduscarhire.com,New
exoticautorecycling.com,New
expedia.com,New
experiencedautoparts.com,New
explorer.cognitiveseo.com,New
expressautodismantling.com,New
expressautopartsonline.com,New
expressautorecyclers.com,New
expresstruckandauto.com,New
expresswayautoparts.com,New
expresswayautoparts.net,New
exsoltec.com,New
extreme-automotive.com,New
eyeknowtracking.com,New
ezafterdark.com,New
ezautowrecking.com,New
ezfindparts.com,New
ezmailz.com,New
ezpart.net,New
eztaxfile.net,New
faautoparts.com,New
fabdiva.net,New
faceboxsystems.com,New
factoryairbags.com,New
fagansautoparts.com,New
fahrenwide.co.uk,New
fairalls.co.uk,New
fairautoparts.com,New
fairfaxautorepair.com,New
fairfieldautoandtruckparts.com,New
fairviewautosalvage.com,New
fairviewsalvage.com,New
faithchapeltb.com,New
falconautopartsga.com,New
falconautorecycle.com,New
falconautosalesandparts.com,New
falseguridad.es,New
fameefurlanevancouver.com,New
fandkauto.com,New
fanninautosalvage.com,New
fanninsalvage.com,New
fanns.com,New
farbrookauto.com,New
farmaciavivona.it,New
farmingtonsoapworks.com,New
farquharmasonry.com,New
farrisusedautoparts.com,New
farritorautoparts.com,New
fastautowrecking.com,New
fastcashforjunkcars.com,New
fasteddiesautowreckers.com,New
fastlaneusedauto.com,New
fastpartsinc.com,New
fastquicksearch.com,New
fatimabarroso.com,New
fbcoj.org,New
fbeginauto.com,New
fbkwriter.com,New
fbscan.com,New
fcjudo.com,New
fcninc.org,New
fctu.org.uk,New
fcwindowsanddoors.com,New
fdjzcz.com,New
fearlessandfreckles.com,New
fedsync.cclind.com,New
feedparser.org,New
feedshow.com,New
feeltiptop.com,New
feezleautowrecking.com,New
feinform.com,New
feldmanbd.com,New
felipeaguilar.cl,New
feltonautoparts.com,New
fenderworld.com,New
fenixflooring.com,New
fentonautoparts.com,New
fentonautosalvage.net,New
ferdisgarage.co.uk,New
fergusauto.com,New
feriadecalimiami.com,New
fermetalspa.com,New
fermondental.com,New
fernandezusedautoparts.com,New
ferroemetalli.it,New
fhcliberia.com,New
fi.search.yahoo.com,New
fibermua.com,New
fibochart.com,New
fidalgoknights.com,New
fieldsautoparts.net,New
fiera4a.it,New
fierge.com,New
fightagainstgmos.com,New
fikebuilders.us,New
filippogobbato.it,New
finance.search.yahoo.com,New
financespotlight.co.za,New
finansovyjgid.ru,New
find-coupon-codes.com,New
find.coolsearches.com,New
find.mail.com,New
findabusinessthat.com,New
findarticles.com,New
findbestserver.com,New
finder.cableone.net,New
finder.cox.net,New
findmymedals.com,New
findnearme.wiki,New
findsmarter.com,New
findyouranswers.co,New
finecomb.com,New
finefinisheng.com,New
finelinetheatrearts.com,New
finerwigs.com,New
fiorefarfalla.com,New
firebirdfarmantiques.com,New
fireflyltd.co.uk,New
fireindustrialsales.com,New
firstbitephotography.co.uk,New
firstchoiceautoaz.com,New
firstchoicemotors.net,New
firstclassautorecyclers.com,New
firstclassdiamonds.com,New
fishingwithjohnnyjohnson.com,New
fitbalancetraining.com,New
fitnesscenterterni.it,New
fitzgeraldsalvage.com,New
fitzroycrossingbuses.com,New
fiveforwater.org,New
fiveinc.com,New
fivejsauto.com,New
fiverr.com,New
fivestarairbags.com,New
fivestarautoparts.ca,New
fivestarautosalvage.com,New
flaathen.com,New
flanderswoodfloors.com,New
flapp.ca,New
flashbackentertainment.net,New
flashtour.travel,New
flatlaautowrecking.ca,New
flatrockautosalvage.com,New
flats-no-more.com,New
flaxassociates.com,New
fldialapart.com,New
fleshertonautorecyclers.com,New
flickr.com,New
flightdeckaction.com,New
flinnsflowers.com,New
flipboard.com,New
flippa.com,New
floorcpa.com,New
florasauto.com,New
florensecoop.com,New
florentcourtaigne.com,New
floresautowrecking.com,New
floridaautosalesandleasinginc.com,New
floridacoastfc.com,New
floridianbank.com,New
floristeriaarosa.com,New
flowercitycup.com,New
flowersautowreckers.com,New
floydsautoparts.com,New
flptx.com,New
flushingautosalvage.com,New
flyingtigerssnowmobileclub.org,New
fmcparts.com,New
fmtgo.org,New
fn99newandused.com,New
foamconversion.com,New
foamdaddy.com,New
focalengineering.com,New
focussalvage.com,New
foilsauto.com,New
food.info.com,New
foothillsmechanical.com,New
forbes.com,New
fordandsons.com,New
fordauto.com,New
fordautoworld.net,New
fordaviation.co.uk,New
forecastclimatemanagement.com,New
foreignautomotive.net,New
foreignautosalvage.com,New
foreigngeneraltradinginc.com,New
foreignusedautoparts.org,New
forensiq.com,New
forestautoparts.com,New
forestautosalvageandsales.com,New
forlessautoparts.com,New
formandos.com,New
formelmotors.com,New
formulaautowreckers.com,New
fornofocaccia.com,New
forsalebysam.com,New
forsheygarage.com,New
fortunegroup.net,New
fortunemetalrecycling.com,New
fortvilleautosalvage.com,New
fortwolters.com,New
fortyacreparts.com,New
forza.as,New
foskeyautoparts.com,New
fossrecycling.com,New
fostersgarage.net,New
fosterstowing.com,New
fotheringham-gallery.co.uk,New
fotoenonsolo.com,New
foundationrepairjacksonms.com,New
fourlaneauto.com,New
fourstarautoparts.net,New
fowlerbrossalvage.com,New
foxautoparts.com,New
foxautosalvage.com,New
foxcreekfarm.net,New
foxnews.com,New
foxtech.co.uk,New
fr.fastauto.ca,New
fr.search.yahoo.com,New
framinghamsalvage.com,New
franconormanni.com,New
frankcrashautowrecking.com,New
frankiesusedautoparts.com,New
franklapedula.it,New
franknsons.net,New
franksautoandtruckparts.com,New
frankspontiacparts.com,New
franksusedautoparts.com,New
frankswestside.net,New
fraypedrogante.mx,New
frbatlanta.org,New
fredandjacksautosalvage.com,New
freddsautosalvage.com,New
fredericautotowing.com,New
fredsautomotivesalvage.com,New
fredsautoparts.com,New
fredsautopartsva.com,New
freeautoremoval.com,New
freedirectorysite.com,New
freedmaninc.com,New
freedomautoworldllc.com,New
freeportautoparts.biz,New
freespoke.com,New
freewayautosalvage.com,New
frenchlakeautoparts.com,New
frenchsautoparts.com,New
freshgoltd.co.uk,New
fresnosilverstarrecycling.com,New
frickeprinting.com,New
friendlytruckandauto.com,New
friendshipcars.com,New
fringeoflombard.com,New
friscolocksmith24h.com,New
fritzcoleman.com,New
frockalicious.com.au,New
frontierauto.com,New
frontpage.pch.com,New
frostbackdesign.com,New
frueii.com,New
fsautoparts.com,New
fstfilters.com,New
fuenferjewelers.com,New
fugoconsulting.com,New
fulcrumhealing.com,New
fulfordsauto.com,New
fultonautosalvage.com,New
fultoncountyga.gov,New
fundacion2020.org,New
fusta.us,New
futurautosrl.com,New
futuresun.net,New
g-corautomotive.com,New
g.tracfone.com,New
g3engineeringdesign.com,New
gabrielebosco.it,New
gaels.org,New
gaelynnwoods.com,New
gagelsautoparts.com,New
gagglegear.com,New
gainesvillegreensite.com,New
galaxyusedautoparts.com,New
gallerisobhan.com,New
gallowinegallery.com,New
gamerealla.ru,New
gamergirlx.com,New
gamespot.com,New
gamestop.com,New
gaming-group-online.com,New
gandgautorecycling.com,New
gandnautosalvage.com,New
gandrautoparts.com,New
gandrautowreckers.com,New
gandrtruckparts.com,New
gandsimports.com,New
gapsonline.com,New
garagerogerjohnsonandson.com,New
garagestlaurent.com,New
garasautoparts.com,New
garasisale.com,New
garciaautorecycling.com,New
gardnerautoparts.com,New
garethkochlostinnepal.co.uk,New
garlandautorecyclers.com,New
garrettautosalvageinc.com,New
garrettautoservice.net,New
garrettparkerautosalvage.net,New
garrysautorecycling.com,New
garyautosale.com,New
garyautosalvage.com,New
garydahle.com,New
garylights.com,New
garys-classics.net,New
garysautoparts.com,New
garysautosalvage.com,New
garysautowrecking.com,New
gatelyrestoration.com,New
gateshop.net,New
gateway.zscalerthree.net,New
gateway.zscalertwo.net,New
gatewayautowrecking.ca,New
gatewayresourcerecovery.com,New
gatortowing.webstarts.com,New
gaugerparts.com,New
gautreaus.com,New
gawautoparts.com,New
gcmauto.com,New
gcsm.com,New
gcssoftw.com,New
gdatasol.com,New
gdsautopart.com,New
gearsautosalvage.com,New
geaugalakeautosales.com,New
gedaitalia.it,New
geedo.com,New
geekyu.com,New
geely-egypt.com,New
geezerbuild.com,New
gemspringwater.com,New
genauto.net,New
general-auto.com,New
general-merchandise.bookmarking.site,New
generaladhesivos.com,New
generalautosalvage.com,New
generalscrap.net,New
generationz.co.nz,New
genesautoparts.com,New
genesispoolinc.com,New
genieo.com,New
genitorinsieme-asti.it,New
genmab.com,New
gentlesource.com,New
gentryusedparts.com,New
geocities.com,New
geolart.com,New
georgesautoparts.com,New
georgesautoparts.net,New
geosalvage.com,New
geosyntax.net,New
gepaine.com,New
geraldculliford.co.uk,New
germanautopartsdepot.com,New
germanautoresort.com,New
gerrygrout.com,New
gerrysap.com,New
gershow.com,New
geschenketip.com,New
gestiqs.com,New
get.tv.com,New
getawaycanadavacations.com,New
getbot.guru,New
getcash4junkcarsnj.com,New
getcashforyourcar.com,New
getdigest.com,New
getjunked.com,New
getpocket.com,New
getresultsfast.net,New
gewuerzwerbung.de,New
gfacjoplin.com,New
ggboss.com,New
ggscrap.com,New
gheosecologia.it,New
giancolaauto.com,New
giantautoparts.net,New
giantautosalvage.com,New
giantimports.net,New
giardinaggio.efiori.com,New
gibbssalvage.com,New
gibbyauto.com,New
gibiru.com,New
gidonline.club,New
giftcardmonkey.com,New
gihconsultings.com,New
gilbertmitchellusedautoparts.com,New
gildedlilyfloral.com,New
gilleauto.net,New
gillsautoparts.com,New
gilpinsautoparts.com,New
ginaray.net,New
ginzagrandcollection.com,New
girlguidingepsom.org.uk,New
gistopjs.com,New
github.com,New
gitst.com,New
giuliogravina.it,New
gizmodo.com,New
gladwinautoparts.com,New
glamorbank.com,New
glandorfpark.org,New
glarparts.com,New
glasgowchurchofchrist.org,New
glassdoor.com,New
glaziertrucking.com,New
glbsm.com,New
gleeven.com,New
glencoeauto.com,New
glencoveautosalvage.com,New
glendaleauto.ca,New
glendaleautoparts.biz,New
glendaleparts.com,New
glennandjerrys.com,New
glennmartincompany.com,New
glennsautoandtruckparts.com,New
glennsusedparts.com,New
glenoaksautowrecking.com,New
glenscarandtruck.com,New
glenwoodauto.com,New
glissonauto.com,New
glissonsalvage.com,New
glittercollection.co.nz,New
glnscrapmetal.com,New
glo-makeup.com,New
globalautoindex.com,New
globalautopart.net,New
globalautorecyclers.com,New
globalizethis.org,New
globaljunkyard.com,New
globalsalvageparts.com,New
globalwings.aero,New
globware.com,New
glowstery.com,New
glutenfreeprairie.com,New
gmgformation.com,New
gmjacksautoparts.com,New
gmmadrid.com,New
gmwmotorsports.com,New
gnusedautoparts.com,New
go.bargainboom.com,New
go.exclaim.com,New
go.mail.ru,New
go2flix.com,New
go2nts.com,New
goautorecycling.com,New
goautosalvage.com,New
gob.mx,New
gobanklogin.com,New
godfreyparkin.com,New
godirectbanners.com,New
godsabundantlove.org,New
goeagleauto.com,New
goecm.com,New
goglasstbay.ca,New
gogoautoparts.com,New
gogoprivate.com,New
gohbc.org,New
goimportcenter.com,New
going.com,New
gold-ticket.biz,New
golddustautoparts.net,New
goldenvalleyrestaurant.com,New
goldiesauto.com,New
goldmedalair.com,New
goldsboroscrapmetalrecycling.com,New
goldsteinscrap.com,New
goldwingsaabparts.com,New
golfaq.com,New
golfcarcovers.com,New
golfetcheath.com,New
golfingrepublic.com,New
golftushcush.com,New
golocpa.com,New
gomezjulia.com,New
gomeztechnology.com,New
gomindset.com,New
gonzalezautopartsindianapolis.com,New
goo.gl,New
good-ol-gals.com,New
goodfellowmotors.com,New
goodinweb.com,New
goodnewsautoparts.com,New
goodparts.biz,New
goodriddancehauling.com,New
goodtogoautoparts.com,New
google.ad,New
google.ae,New
google.am,New
google.as,New
google.at,New
google.az,New
google.ba,New
google.be,New
google.bf,New
google.bg,New
google.bi,New
google.bj,New
google.bs,New
google.by,New
google.ca,New
google.cat,New
google.cd,New
google.cg,New
google.ch,New
google.ci,New
google.cl,New
google.cm,New
google.co.ao,New
google.co.bw,New
google.co.ck,New
google.co.cr,New
google.co.id,New
google.co.il,New
google.co.in,New
google.co.jp,New
google.co.ke,New
google.co.kr,New
google.co.ls,New
google.co.ma,New
google.co.mz,New
google.co.nz,New
google.co.th,New
google.co.tz,New
google.co.ug,New
google.co.uk,New
google.co.uz,New
google.co.ve,New
google.co.vi,New
google.co.za,New
google.co.zm,New
google.co.zw,New
google.com,New
google.com.,New
google.com.af,New
google.com.ag,New
google.com.ai,New
google.com.ar,New
google.com.au,New
google.com.bd,New
google.com.bh,New
google.com.bn,New
google.com.bo,New
google.com.br,New
google.com.bz,New
google.com.co,New
google.com.cy,New
google.com.do,New
google.com.ec,New
google.com.eg,New
google.com.et,New
google.com.fj,New
google.com.gh,New
google.com.gi,New
google.com.gt,New
google.com.hk,New
google.com.jm,New
google.com.kh,New
google.com.kw,New
google.com.lb,New
google.com.ly,New
google.com.mt,New
google.com.mx,New
google.com.my,New
google.com.na,New
google.com.nf,New
google.com.ng,New
google.com.ni,New
google.com.np,New
google.com.om,New
google.com.pa,New
google.com.pe,New
google.com.pg,New
google.com.ph,New
google.com.pk,New
google.com.pr,New
google.com.py,New
google.com.qa,New
google.com.sa,New
google.com.sg,New
google.com.sl,New
google.com.sv,New
google.com.tj,New
google.com.tr,New
google.com.tw,New
google.com.ua,New
google.com.uy,New
google.com.vc,New
google.com.vn,New
google.cv,New
google.cz,New
google.de,New
google.dj,New
google.dk,New
google.dm,New
google.dz,New
google.ee,New
google.es,New
google.fi,New
google.fm,New
google.fr,New
google.ga,New
google.ge,New
google.gg,New
google.gl,New
google.gm,New
google.gp,New
google.gr,New
google.gy,New
google.hn,New
google.hr,New
google.ht,New
google.hu,New
google.ie,New
google.iq,New
google.is,New
google.it,New
google.je,New
google.jo,New
google.kg,New
google.ki,New
google.kz,New
google.la,New
google.li,New
google.lk,New
google.lt,New
google.lu,New
google.lv,New
google.md,New
google.me,New
google.mg,New
google.mk,New
google.ml,New
google.mn,New
google.ms,New
google.mu,New
google.mv,New
google.mw,New
google.ne,New
google.nl,New
google.no,New
google.pl,New
google.ps,New
google.pt,New
google.ro,New
google.rs,New
google.ru,New
google.rw,New
google.sc,New
google.se,New
google.sh,New
google.si,New
google.sk,New
google.sm,New
google.sn,New
google.so,New
google.sr,New
google.tg,New
google.tl,New
google.tm,New
google.tn,New
google.tt,New
google.us,New
google.vg,New
google.vu,New
google.ws,New
googleads.g.doubleclick.net,New
gookey.co,New
goph.net,New
gopher.com,New
gordoautoparts.com,New
gormonrosta.biz,New
gosforthfurniture.co.uk,New
gossamer-threads.com,New
gossinkatten.com,New
gostinici-moskvi.ru,New
gotallautoparts.com,New
gotchaautoinc.com,New
gotosuper.com,New
gottadancesv.com,New
gov-sync.com,New
govome.inspsearch.com,New
gowatchsomebands.com,New
goyetteautoparts.com,New
gp-health.org.uk,New
gpfuchs.com,New
gpscoordinates.eu,New
grad88.com,New
gradeaautoparts.com,New
gradysautoparts.com,New
grafocentar.com,New
graftoncpa.net,New
grahamsauto.com,New
grammarly.com,New
granbyauto.com,New
grand-kamun.ru,New
grandforksautowrecking.com,New
grandhotelnaaslebanon.com,New
grandrapidsautoparts.com,New
grandstreetautoparts.com,New
grandvalleyautoparts.com,New
granitestatesalvage.com,New
grantiron.com,New
grantsautosalvage.com,New
graphicsmuse.com,New
graphitepaddle.com,New
grappagrowlers.com,New
grasmere-medical-services.co.uk,New
grassyautoparts.com,New
gravelyautoparts.com,New
gravesusedautoparts.com,New
gravurecraft.com,New
gray-mech.com,New
grayandwhite.com,New
grayhaireddom.com,New
graylingautorecyclers.com,New
graysforeign.com,New
grayslakeshell.com,New
greatermilwaukeeareadogparks.com,New
greatmoodmusic.com,New
greearsusedcarspartsinc.com,New
greenandultimate.com.au,New
greenautoparts.net,New
greenbankstables.com,New
greenbeltbowl.com,New
greenboxrecycling.com,New
greencarremoval.com,New
greendaily.com,New
greenfieldautosalvage.com,New
greenlaneautowreckers.com,New
greenleafauto.com,New
greenlightautoparts.com,New
greenmaterialssupply.com,New
greenmeadowautosalvage.com,New
greenpointauto.com,New
greensauto.net,New
greensautoparts.ca,New
greensiteinfo.com,New
greenskycreations.com,New
greensteelsystems.com,New
greerautowreckers.com,New
greerrecycling.com,New
gregdoud.com,New
greggthomasoutdoors.com,New
gregsmithassociates.com,New
gremiomaniafranchising.com.br,New
greystonelm.com,New
griffinautosalvage.com,New
griffinimport.com,New
griffithautoparts.com,New
grimauto.com,New
grimesautoparts.com,New
gristlegal.co.uk,New
grnyard.com,New
gronlund.info,New
groomerwebservices.com,New
grooming.bookmarking.site,New
grosirbajuzahira.com,New
grossetetewrecker.com,New
groth.cc,New
grouphigh.com,New
groveautowrecking.com,New
growingmindsllc.com,New
growwines.com,New
gruendellgardening.com,New
grukkedalen.com,New
gruporazel.com,New
grzegorz.niklas-foto.pl,New
gs-autocenter.com,New
gsarorlando.com,New
gsautodismantler.com,New
gsbsolicitors.co.uk,New
gsscrap.com,New
gstatic.com,New
gsund24.ch,New
gtautorecyclers.ca,New
gtavending.com,New
gtusedautoparts.com,New
guaranteedautoandtruck.com,New
gucr.co.uk,New
gui-tarp.com,New
guidaunmito.it,New
gujaratweather.com,New
gulenconference.org.uk,New
gulfautotrading.webs.com,New
gulfharbortreatment.com,New
gulfshoresorangebeachweddings.com,New
gumbysautoparts.com,New
gumgum.com,New
gundies.com,New
gunfighteraviation.com,New
guptagoli.com,New
gurasoena.org,New
gutenberg.org,New
guyferauto.com,New
gv-8.com,New
gviautoworx.com,New
gwra.co.uk,New
gxo.com,New
gxrauto.com,New
gxs-aq.org,New
gygautoparts.net,New
gymkh.cz,New
hackensackautowreckers.com,New
haddonheightscarsalvage.com,New
hafsil.com,New
hairconnectionandspa.com,New
half-timehighlights.com,New
halhjem.net,New
halloweenideas.chatlive07.com,New
hallsautoparts.com,New
hallsgarage.com,New
hamerrd.com,New
hammondelectric.com,New
hancockreformedbaptist.org,New
handhautoparts.com,New
handhautoparts.net,New
handhautowreckers.com,New
handhsalvage.com,New
handicapbathtubtoday.com,New
handpaintedtilemurals.com,New
handverker.as,New
handwsalvage.com,New
handy-apple.com,New
handymanconnection.com,New
hanksautowreckers.com,New
hankzionsautosalvage.com,New
hannasautoparts.com,New
hannaswrecker.com,New
hansers.com,New
hapaandpolman.com,New
hapautowrecking.com,New
happyautoshop.com,New
happyfeetmissions.com,New
happyimportautosalvage.com,New
happykaftans.com,New
happykidspediatric.com,New
haprecycling.com,New
hapsautowrecking.com,New
harbengineering.com,New
harborautoparts.com,New
hardingmetals.com,New
hardingstewartinsurance.com,New
hardmangoodlife.com,New
hardysauto.com,New
harleysautosalvage.com,New
harmonyacupunctureqi.com,New
harmonyautoparts.com,New
haroldsucp.com,New
harouts.com,New
harperautosalvage.com,New
harpersalvagesands.com,New
harrisautosalvage.com,New
harrisonautosalvage.com,New
harrisoncareers.com,New
harrisusedparts.com,New
harrysauto.com,New
harrysautoandtrucks.com,New
hartfordkashrut.org,New
hartfordmetal.com,New
hartlaubs.com,New
harveysauto.com,New
harveywreckers.com.au,New
harwooj.com,New
hashmilaw.com,New
hatparts.com,New
hautrichelieu.ca,New
havas.tj,New
haveparts.com,New
haverhillsteel.com,New
havoline.com,New
hawaiianseatcovers.com,New
hawaiijunkyards.com,New
hawkinsofmayfield.com,New
hawnfreewayautosalvage.com,New
hayesautoparts.com,New
hayhutssave.com,New
haynesautoparts.com,New
hazersauto.com,New
hazleautoparts.com,New
hcaparts.com,New
hcmetalct.com,New
hcpicks.com,New
hdautorecycling.com,New
headlights101.com,New
headlightstotaillights.com,New
healersocean.com,New
healingroomsoffrederick.com,New
health.info.com,New
health247.com,New
healthline.com,New
healthyfoodmalaysia.com,New
hearingjourney.com,New
hearnssalvage.com,New
heartlandautosalvage.com,New
heartofgoldservices.com,New
heatherstore.com,New
heavymotions.com,New
heavyweight-online.com,New
hebertsusedautoparts.net,New
hebronautosalvageinc.com,New
hebronincusa.com,New
heddensportfishing.com,New
heidelbergautomotive.com,New
heightsautoparts.com,New
heitashop.com.br,New
hellamrec.org,New
helmanautoparts.com,New
help.coccoc.com,New
help.yahoo.com,New
helpful.tips,New
helpmefindparts.com,New
hemautoparts.com,New
hemmingerautoparts.com,New
hendeautoparts.com,New
hendersonforeignautoparts.com,New
hendersonsalvage.com,New
hendrickcadillac.com,New
henrimironauto.com,New
henrix.biz,New
henrysautoparts.com,New
henrysautosalvage.net,New
henrysrepairshop.com,New
henrysusedautoparts.com,New
hensleeautoparts.com,New
hepmo.com,New
herbarioamo.org,New
heritageautoparts.com,New
herzhund.com,New
heshsrecycling.com,New
hessandsonssalvage.com,New
hetherley.com,New
hfma-nv.org,New
hgusedautoparts.com,New
hi-wayautorecyclers.com,New
hiattsautoparts.com,New
hibridgeauto.com,New
hibu.lightning.force.com,New
hibu.my.salesforce.com,New
hickmanautoparts.com,New
hickmanmotorsinc.com,New
hickmansautoparts.com,New
hicksautosalvage.com,New
hicksvilleautorecyclers.com,New
hiddenvalleyautoparts.com,New
hideawayhillbnb.com,New
hidemyhistory.co,New
hidemysearches.com,New
hidsonphoto.com,New
higginsauto.com,New
highgeartransmission.com,New
highlandparts.com,New
highlandsquareaptsalvin.com,New
highlineautopart.com,New
highpointautosalvage.com,New
highwater.ky,New
highway-autoparts.com,New
highway-truckparts.com,New
highway64salvage.com,New
highway70autoparts.com,New
highway71autosalvage.com,New
highwayautosalvage.com,New
hihopetroleum.com,New
hillauto.ca,New
hillautoparts.com,New
hillbillyautoparts.net,New
hillbillysjunkyard.com,New
hillcountryautosalvage.net,New
hilldogproductions.com,New
hillfort.com,New
hillsboroautowrecking.com,New
hillsdaleautoparts.com,New
hillsideauto.net,New
hillsidedanrivertubing.com,New
hillsidesalvage.com,New
hillsprovidore.com,New
hilltop-autosalvage.com,New
hilltopautosalvage.com,New
hilltopautoworks.com,New
hilltopautowreckers.ca,New
hilltoprecycling.com,New
hilltopsalvage.net,New
hilltopsalvageandsales.com,New
himalayabali.com,New
himarqs.com,New
hinsabaths.com,New
hipcoaches.com,New
hitechautorecycling.com,New
hitechbody.com,New
hitechcarparts.com,New
hiway101autoparts.com,New
hiwayparts.com,New
hiwaytx.com,New
hjortejakt.info,New
hk.search.yahoo.com,New
hkautosalvage.net,New
hkcoperations.com,New
hksculptures.com,New
hmaillogin.com,New
hn.search.yahoo.com,New
hnlauto.com,New
hnn-system.com,New
hnsparts.com,New
hoaponline.com,New
hoelewynautosalvage.com,New
hogcreeksalvage.com,New
hogelandautoplaza.com,New
hogzuc.com,New
hokesbluffautoparts.com,New
holbrookautoparts.com,New
holbrookcasting.com,New
holderconstruction.com,New
holdiranaccountable.com,New
holistic-excellence.com,New
holladaysautoparts.com,New
hollandmotors.net,New
hollandsautoparts.com,New
hollandusedautoparts.com,New
hollettbaby.com,New
holleysusedautoparts.com,New
hollie-rob.com,New
hollyandshawn.com,New
hollyautoparts.com,New
hollywoodforeign.com,New
hollywoodnorthauto.com,New
holmesautomotiverecycling.com,New
holocaust-survivors.com,New
holtefjell.info,New
homdepot.com,New
home.info.com,New
home.myhughesnet.com,New
home.myplaycity.com,New
home.parallaxsearch.com,New
home.suddenlink.net,New
homegroan.net,New
homenewtab.com,New
homesbyregina.com,New
homestead-disposal.com,New
homesteadaw.com,New
hondacarpart.com,New
hondaheavensanjose.com,New
hondamazdaparts.com,New
hondamenders.com,New
hondapartsused.com,New
hondasonly.biz,New
hondaspecialist.net,New
honestcarclinic.com,New
honsautomotive.com,New
hoodooroots.com,New
hookertowing.com,New
hooperauto.com,New
hopehealthlibrary.com,New
hopeimportauto.com,New
hoperisingstaffing.com,New
hopewellsalvage.com,New
horaciosautosalvage.com,New
hornersautomotive.net,New
horochicago.com,New
hospicemanagementsoftware.com,New
hoss-solutions.com,New
hotbot.com,New
hotcars.com,New
hotchsautoparts.com,New
hotsaferoads.org,New
hotsheet.com,New
hotstitches.com,New
hotsysouthtexas.com,New
houckspartsandtowing.com,New
houseofautoparts.com,New
housesearchuk.co.uk,New
houston-autoparts.com,New
houstondominicans.org,New
houstonjunkcar.com,New
hovdenoil.com,New
howardsautopartsllc.com,New
howardsautosalvage.com,New
howbill.com,New
howeautosalvage.com,New
howellsautoparts.com,New
howstuffworks.com,New
howzvideo.com,New
hoylesautosalvage.com,New
hoystresources.com,New
hp.com,New
hpcimportsalvage.com,New
hrstaffers.com,New
hsautowrecking.com,New
htlelec.com,New
html.duckduckgo.com,New
hubersautomotiveinc.com,New
hubersautoparts.com,New
hubpages.com,New
hudspethautoparts.com,New
huffmangarage.com,New
huffmansgarage.com,New
huffpost.com,New
hugheswho.com,New
hugoautoparts.com,New
hugoautosales.com,New
hugovillegas.com,New
huile-olive-papillon.fr,New
hulseyautoparts.com,New
hulseytruckparts.com,New
hundtsautoparts.com,New
huntercvonline.com,New
huntermerchant.com,New
hunterwrecker.com,New
huntsautoparts.com,New
hutchautoparts.com,New
huttoncompanies.com,New
hwy101autosalvage.com,New
hwy15recycling.com,New
hwy195usedautoparts.com,New
hwy27salvage.com,New
hwy4auto.com,New
hwy50auto.com,New
hwy54salvage.com,New
hwy6autosalvage.com,New
hwy79auto.com,New
hwy7auto.com,New
hycsi.com,New
hydeawayhuntingservices.com,New
hynesjewellers.ie,New
hywaygarage.com,New
i-55autoparts.com,New
i-80autoparts.com,New
i-foundyou.com,New
i-searchresults.com,New
i35parts.com,New
i40usedautoparts.com,New
i55autosalvage.com,New
iaimso.org,New
iamhappyhealthyandfit.com,New
iamhappyhealthyandfit.comiamhappyhealthyandfit.com,New
iamhardware.com,New
iamhealing.ca,New
ianseuroparts.com,New
ibsusa.biz,New
icarpart.com,New
icnf.org,New
icomosnepal.org,New
iconskw.com,New
id.search.yahoo.com,New
idealautowrecking.net,New
idfx.com.au,New
idonnelly.com,New
idrusacamping.it,New
idyliq.com,New
ieeesbcet.org,New
iegymnastics.com,New
ifinancelive.com,New
ifps.org,New
iframe-toloka.com,New
iframely.com,New
igescateringservice.com,New
ighome.com,New
ign.com,New
iigs.com,New
iihs.org,New
iisjapan.com,New
ikea.com,New
ikidz.ru,New
ilgattoconglistivalicalzature.it,New
illianainsulation.com,New
illinoisautorecyclers.com,New
ilquadrifoglioagriturismo.it,New
iluvused.com,New
image.emerald.gm.com,New
image.emerald.gm.rncom,New
imgur.com,New
imigpro.net,New
immaculatewaters.com,New
immobilien-tuerkei.net,New
impactcomponentsltd.co.uk,New
impalaforums.com,New
imperialautoparts.net,New
imperialautopartsandservice.com,New
importautoking.com,New
importautorecyclers.com,New
importautorecycling.net,New
importautosalvage.com,New
importautospecialistsky.com,New
importautowreckingca.com,New
importcenterparts.com,New
importpartsrequest.com,New
importsalvageparts.com,New
importsandmoreelpaso.com,New
importsoflavergne.com,New
importwrecks.com,New
impossiblesoda.com,New
impresariccardocorru.it,New
impresst.com,New
imunich.com,New
in.search.yahoo.com,New
in.yhs4.search.yahoo.com,New
inboxdollars.com,New
inbrowserapp.com,New
incarsystems.net,New
incasso-store.it,New
incentedge.com,New
indcreek.com,New
indeed.ca,New
indeed.com,New
indenters-offshore.com,New
independenceautosalvage.com,New
independent-manager-services.com,New
indexgator.com,New
indianatrucksalvage.org,New
indiancraftexport.com,New
indigopeak.com.au,New
indihop.com,New
indihop.comchristian,New
indypicapart.com,New
indyweesale.com,New
inepro-hn.com,New
infinisancarparts.com,New
infissipalermo.it,New
info.com,New
info.com.au,New
info.dogpile.com,New
infocan.com,New
inforesearchcorp.com,New
informaticaitalia.it,New
informationvine.com,New
informpora.ru,New
infusioncrew.com,New
ingoy.com,New
ingramautomall.com,New
ingramautoparts.com,New
ingresso-libero.com,New
inktel.net,New
inlineskating-muenster.de,New
innovatingworks.com,New
innovationxchange.com.au,New
innovativeproduce.com,New
innovativeps.com,New
inpartners.co.kr,New
insideautoparts.com,New
inspire4better.com,New
inssa.com.co,New
instagram.com,New
instantgroove.com,New
instantlyask.com,New
insuranceautosalvage.com,New
int.search.myway.com,New
int.search.tb.ask.com,New
integral-living.org,New
integralads.com,New
integralestheticline.com,New
integrityautoandtruckparts.com,New
integrityautoparts.com,New
inteka.com.uy,New
intendenteselegidos.cl,New
intercityauto.com,New
interiornaturesdesign.com,New
interiortowingandsalvage.com,New
intermountainautorecycling.com,New
internationalautopartsfl.com,New
internetdatingtales.com,New
interstatechem.com,New
interstateusedparts.com,New
inthenetuk.com,New
intoautos.com,New
intrinzyx.com,New
intuit.com,New
invernessbedandbreakfast.com,New
inversorglobal.com.ar,New
invest-dallas.com,New
investorcarshop.com,New
inwoodhillswines.com,New
inyourfacemagic.co.uk,New
iotaclubandcafe.com,New
iowaautorecyclers.com,New
ipaintball.net,New
ipartsonly.com,New
ipdconsultants.com,New
iqhomespanama.com,New
ir-roof.com,New
ir8c.com,New
irbsevensseries.com,New
ironisk.com,New
ironordermc-sob-kentucky.com,New
ironscrapmetalcorp.com,New
isabelhansenaccountant.com,New
isaclaims.com,New
isalvage.com,New
isantiautoparts.com,New
iscrapapp.com,New
isiswms.com,New
islandautosupply.com,New
islandautosupply.pe.ca,New
islanddesserts.com,New
islipautoparts.com,New
issrf.it,New
istitutocomprensivodomusnovas.it,New
istitutogiacomoleopardi.com,New
istmira.com,New
italiaimpresanetwork.it,New
italianbarbie.com,New
itecknicolor.it,New
itexua.com,New
itgeek.mx,New
itgenesis.com,New
itotzke.com,New
itx-online.com,New
iurelicet.com,New
ivintage.me,New
iwa2014nepal.org,New
iwantscrap.com,New
ixquick.com,New
ixquick.eu,New
izito.ca,New
izito.com,New
izito.com.au,New
izitosearch.com,New
izumrud-d.ru,New
izzicup.com,New
j-a-r-r.com,New
j-cor-auto.com,New
jackandmaddy.com,New
jackdawcottagecornwall.co.uk,New
jackiemeeks.com,New
jackmansursauto.com,New
jacksautoparts.net,New
jacksautosalesandsalvage.com,New
jacksonautosalvage.com,New
jacksoncountysalvage.com,New
jacksonholerealestatereport.com,New
jacksparts.com,New
jackssalvageinc.com,New
jadisshadows.com,New
jahnkeautoparts.com,New
jakematthews.com.au,New
jakesautoparts.net,New
jakestowing.com,New
jalosautodismantling.com,New
jam2.me,New
jamsoftservices.com,New
jandbusedautoparts.com,New
jandcautosalvage.com,New
janddautosalvage.com,New
jandjautopartsoh.com,New
jandjautorecyclers.com,New
jandjautorecycling.com,New
jandjautowrecking.com,New
jandkautoparts.com,New
jandrtruckparts.com,New
jandsautoparts.com,New
jandsautoparts.net,New
jandsautosalvage.com,New
jandsscrapmetal.com,New
jandtauto.com,New
jandvautopartsusa.com,New
jannayoga.com,New
japaneseautodismantling.com,New
japaneseautowrecking.com,New
japanesetruckdismantling.net,New
japaneseuniqueautoparts.com,New
japeurousedparts.net,New
jasonhatz.com,New
jasonkehl.dpmblogs.com,New
jasperautoandtruck.com,New
jasperjonesautoparts.com,New
jaxbens.com,New
jayebe.com,New
jaymanmetals.com,New
jaynesusedautoparts.com,New
jaysauto.com,New
jaysautopartsandsales.com,New
jaysautorecyclingandsales.com,New
jaysbigbass.com,New
jaystruckandvanparts.com,New
jazzmazz.com,New
jbap.com,New
jbassandson.com,New
jbautoparts.com,New
jbautopartsllc.com,New
jbautosalvage.com,New
jbcarpages.com,New
jbrdisposal.com,New
jc-motors.com,New
jcautodismantlers.com,New
jcautonc.com,New
jcautoparts.com,New
jcautoparts.net,New
jcautosalvage.net,New
jccody.com,New
jcowensglobalconsulting.com,New
jcrecycling.net,New
jd.com,New
jdmengineland.com,New
jdmkings.com,New
jdmmustangautoparts.com,New
jean-guys.com,New
jeep911.com,New
jeepsunlimited.net,New
jeffmillerautoparts.com,New
jeffriesauto.com,New
jeffsauto.com,New
jeffsmidauto.com,New
jeffsremoval.com,New
jeffsteorts.com,New
jellisonsauto.com,New
jenanyandesign.com,New
jeramylindley.com,New
jerrellauto.com,New
jerrysautosalvage.com,New
jerseycash4cars.com,New
jerusalemauto.com,New
jespai.org,New
jessesautoparts.com,New
jetblue.com,New
jetbrains.com,New
jetsli.de,New
jewelltransport.com,New
jewelrydvash.com,New
jfg-lautergrund.de,New
jfrecycle.com,New
jfrsalvage.com,New
jgmetroauto.com,New
jiffyloc.com,New
jimdefreeceauto.com,New
jimmorris-art.com,New
jimsauto.com,New
jimsautoparts.biz,New
jimsbottles.com,New
jimscleanup.com,New
jimsgotparts.com,New
jimsimport.com,New
jimsok.com,New
jimsrecycling.com,New
jimstonemasonry.com,New
jimwestandsons.com,New
jjandaautoparts.com,New
jjautosalessalvage.com,New
jjaysjunkcarremoval.com,New
jjcfamilyservices.org,New
jjmoving.com,New
jjrecycling.com,New
jkanc.info,New
jkautorecycling.com,New
jkjapaneseautoparts.com,New
jklasap.com,New
jksalvageco.com,New
jlautopartsma.com,New
jlmrecycling.com,New
jlrcomputersolutions.com,New
jmautowrecking.com,New
jmusedparts.com,New
jnbusedparts.com,New
jnjcarsales.com,New
jobclickr.com,New
jodoinetfils.com,New
joecalista.com,New
joelcarsexhibition.com,New
joepounds.com,New
joesautowreckersinc.com,New
joesautowrecking.com,New
joesautowrecking.net,New
joestransmission.net,New
joesusedautoparts.com,New
joeysautoandtruckparts.com,New
johannesauto.com,New
johnblewett.com,New
johnbrownsautoparts.com,New
johngreasleyltd.co.uk,New
johnhurlbut.com,New
johnkrogman.com,New
johnmeyersalvage.com,New
johnnysautopartsct.com,New
johnpauliicatholicschool.com,New
johnrbrinkleymd.com,New
johnsauto.com,New
johnsautoparts.net,New
johnsautowrecking.com,New
johnsfamousautoparts.com,New
johnsm55auto.com,New
johnsonautosalvagesales.com,New
johnsonncusa.com,New
johnsonusedauto.com,New
johnsparts.com,New
johnstonsalvage.com,New
johnstruckandautoparts.com,New
johnwagnerandsons.com,New
joiedefond.com,New
jointpoint.org,New
jojarvis.com,New
jonathonmelhus.com,New
jonesandjonesdesigns.com,New
jonesautoandsalvage.com,New
jonesautodismantling.com,New
jonesautoinc.com,New
jonestownautocenter.com,New
jonson.as,New
jordanautoparts.com,New
jordanusedautoparts.com,New
jornadamarina.com,New
josephkellyelectricalllc.com,New
josephtina.com,New
josevalenciadesign.com,New
joshsautoparts.com,New
joshuarecycling.com,New
jovicauto.com,New
joyannaanthony.com,New
jpcarroll.com,New
jpchun.com,New
jpmusclecars.3dcartstores.com,New
jpsalvage.com,New
jrelectronics.com,New
jrsalvageandsonltd.ca,New
js2media.com,New
jsautopts.com,New
jsbenz.net,New
jstreetautoparts.com,New
jtallc.com,New
judoclubluigisicco.it,New
julianoautoparts.com,New
juliaspantry.com.au,New
julieannegee.com,New
juliesbridalwinnipeg.com,New
julyauto.com,New
junctionautoparts.com,New
juniorautoparts.com,New
juniorsinnautoparts.com,New
junk-cars-nyc.com,New
junk-depot.com,New
junk-king.com,New
junk-yard.org,New
junkacar.com,New
junkcarbuyerga.com,New
junkcarcashremoval.com,New
junkcarforcashnj.com,New
junkcarinfo.com,New
junkcarmanhattan.com,New
junkcaroakland.com,New
junkcarphoenix.com,New
junkcarrecyclingny.com,New
junkcarremovalbrooklynny.com,New
junkcarremovalnow.com,New
junkcars.info,New
junkcarsandtruckswanted.com,New
junkcarsanfrancisco.com,New
junkcarsbought.com,New
junkcarscash.com,New
junkcarsfl.net,New
junkcarsforcashma.com,New
junkcarsnj.com,New
junkcarsoffairfieldcounty.com,New
junkcarstatenisland.com,New
junkic.com,New
junkluggers.com,New
junkmycarbrooklynny.com,New
junkmycarstatenisland.com,New
junkmyjalopy.com,New
junkthatauto.com,New
junkthejunkman.com,New
junkyardap.com,New
junkyardbarbie.com,New
junkyarddirect.com,New
junkyarddogsautoparts.com,New
junkyardjungle.com,New
junkyardorlando.com,New
junkyardsdallas.com,New
junkyardsnearme.atlassian.net,New
junkyardsnearme.com,New
junkyardsnearme.com443,New
junkyardsnearme.dreamhosters.com,New
junkyardsnewjersey.com,New
junkyardsscrap.com,New
junkyourcarfree.com,New
junkyourcartoday.com,New
juno.es,New
junosearch.net,New
justchevytrucks.com,New
justcorvettes.com,New
justforyoushirts.com,New
justhost.com,New
justiceprivacy.com,New
justjapsimports.ne,New
justjunkitautorecyclung.com,New
justtruckandvan.com,New
jvautosalvage.com,New
jwhap.com,New
jwjeep.com,New
jydtowingnyc.com,New
k-c-part.com,New
k9behavioralgenetics.com,New
k9obedienceclub.org,New
k9safesearch.com,New
kaatskillmtnclub.com,New
kaautosalvage.com,New
kaba.as,New
kaboommtg.com,New
kachroolegal.com,New
kadaveediya.com,New
kadaza.com,New
kadingers.com,New
kafafiangroup.com,New
kak-faq.ru,New
kaleidoscopefarms.net,New
kalogyroucandles.com,New
kaloletsi.net,New
kamautosalvage.com,New
kameleon-solutions.co.uk,New
kanddautoparts.com,New
kandgautosales.com,New
kandktowing.com,New
kandmautosalvage.com,New
kandrparts.com,New
kanescrap.com,New
kangaroo-personal.de,New
kapcollisionandautoglass.com,New
karbasher.ca,New
karczautosalvage.com,New
karimastrup.com,New
karking.com,New
karlsdiecut.com,New
karmendauto.com,New
karr-parts.com,New
karrimahkennels.com,New
karsms.com,New
kashautoparts.com,New
kasturimedia.com,New
katra.org,New
katys-porch.com,New
kayak.com,New
kayalargayrimenkul.com,New
kaytlyne.com,New
kazusedparts.com,New
kbcores.com,New
kc-auto.com,New
kcautorecyclers.com,New
kcnissanauto.com,New
kcsurroundings.com,New
kdjoiners.co.uk,New
keeganautoparts.com,New
keepersinprayer.com,New
keepitwideopen.com,New
keifferauto.com,New
keitermusicservices.com,New
kelleyandspurlock.com,New
kellycarbuyer.com,New
kellysautosalvage.com,New
kellysjunkyards.com,New
keltyautoparts.com,New
kenbakersalvage.com,New
kencascone.com,New
kendaletruckparts.ca,New
kendallautoparts.com,New
kennebecmetals.com,New
kennedyautoco.com,New
kennel-prestemoen.com,New
kennysautoandtrucksalvage.com,New
kennysautowrecking.com,New
kennysusedjeepandtruckparts.com,New
kenr-assurantie.nl,New
kensaq.com,New
kensauto.com,New
kensautoparts.com,New
kensautorecyclers.com,New
kensautosalvage.com,New
kensrelics.com,New
kensrepairandsales.com,New
kentuckyconstable.com,New
kerodgersmazda.com,New
kerrassociates.net,New
kertowautosalvage.com,New
kettylecars.com,New
keyautoparts.info,New
keycityautoparts.com,New
keyparks.co.uk,New
keystone-leasing.com,New
keystonekars.com,New
kgpsoftware.com,New
kgrautoparts.com,New
khanacademy.org,New
khsautoparts.com,New
kikersupullit.com,New
kildonan.com,New
kilgorewrecker.com,New
kilimanlegofootball.com,New
kilroysparts.com,New
kimbrellautoparts.com,New
kimmertrans.com,New
king.com,New
kingeye-security.com,New
kinggeorgeautoparts.com,New
kingkobraauto.com,New
kingpartsauto.com,New
kingsalvage.com,New
kingsautoparts.com,New
kingsautopartsinc.com,New
kingsautorecycling.com,New
kingstownparts.com,New
kink-gear.com,New
kinkersautoparts.com,New
kino-rf.ru,New
kinolavr.com,New
kinotrip.ru,New
kip-web.com,New
kirbsideautosalvage.com,New
kirchhayn.com,New
kirksvets.co.uk,New
kirpich-kupit.ru,New
kiserautomotive.com,New
kisgruven.net,New
kissautosalvage.com,New
kitsaptruck.com,New
kittfit.com,New
kiwazetminus.fr,New
kizanaro.com,New
kkmotors.com,New
klamathautowreckers.com,New
kneersauto.com,New
knightautosales.com,New
knikrecycling.com,New
knizek.com,New
knowed.ru,New
knowledge-artisans.com,New
knoxauto.com,New
knoxvillejunkyard.com,New
knucklebusters.us,New
kofc14914.org,New
kohls.com,New
kol.com,New
kolokon.com,New
kontrollrom.com,New
koresolutions.com,New
korratt.se,New
kosiski.com,New
koyatech.com,New
kpautoparts.com,New
kpta.us,New
kramersautoparts.com,New
kramersusedparts.com,New
krankedmusclecars.com.au,New
krasivoe-kino.com,New
krasnodar-split-system.ru,New
krasnogorsk.xxxrus.org,New
kresaautodismantling.com,New
kristisachsrealestate.com,New
krs-ef.com,New
krustyz.com,New
ksrishti.com,New
ktfinishingtouchdecorativepainting.com,New
kubisauto.com,New
kucheraauto.com,New
kudautoparts.com,New
kulimku.com,New
kungpowband.com,New
kunstgress.net,New
kurkeyautowrecking.com,New
kusuriya3.com,New
kwcooksautosalvage.com,New
kwwreckerservice.com,New
kyautoparts.com,New
kyoto-u.ac.jp,New
kystlynghei.no,New
l.facebook.com,New
l.instagram.com,New
l2airframes.com,New
la-spiaggetta.it,New
laanefinansiering.com,New
labarronbrothers.com,New
labrumautowrecking.com,New
laceyusedautoparts.com,New
laceyusedautopartsinc.com,New
lackeyautosalvage.com,New
laconchiglia-rr.it,New
lacpalmi.it,New
lacroixdavis.com,New
lacyauto.com,New
ladismantler.com,New
ladorn.co.uk,New
ladsauto.net,New
lagasseremoval.com,New
lagesseproducts.com,New
lagoinc.com,New
lagrottaatlanta.com,New
lajoies.com,New
lakeautoparts.com,New
lakeautorecycling.com,New
lakecityhonda.com,New
lakecityservices.com,New
lakelandcriminaltrafficdefense.com,New
lakenormanlanguageacademy.com,New
lakewoodusedautoparts.net,New
lalosautoparts.com,New
lamaisonstleu.com,New
lamarautosalvage.com,New
lambdaperformance.de,New
lambertautomotive.webs.com,New
lambertautoparts.com,New
lambertsalvage.com,New
lambertsautoparts.com,New
lamvien.org,New
lancasterauto.com,New
lancasterjunkyard.com,New
lancelotsiberians.com,New
lanceusedautoparts.com,New
lancodevelopment.com,New
landlautopartsinc.com,New
landmark-kc.com,New
landress.com,New
landrover.com,New
landroversland.com,New
landrysauto.com,New
landsdrop.com,New
laneautogroup.com,New
laneautosalvage.com,New
lanerecyclers.com,New
laneroad.com,New
lanesusedautoparts.com,New
langleysautowrecking.com,New
langstonsauto.com,New
lanouesautoparts.com,New
lansingonestop.com,New
lanticsalvage.com,New
lapointauto.com,New
lapointautoparts.com,New
laradiofenix.com,New
lareviola.it,New
laritech.com,New
larrysautorecyclers.com,New
larservik.com,New
las-parts.com,New
lasalleautocentre.com,New
lashinsautosalvage.com,New
lasvegastruckandautosalvage.com,New
lasvegaswedding.net,New
latemodelautoparts.com,New
latemodelautosalvage.com,New
laterrarecordings.com,New
latinocongreso.org,New
lattuk.com,New
laurensautosalvage.com,New
lavasoft.gosearchresults.com,New
lavictoriaparts.com,New
law.di.unimi.it,New
lawncareri.com,New
lawrenceautosalvage.com,New
lawrencecountyautorecycling.com,New
lawyers.com,New
laxdalefoodservice.co.uk,New
lazy-z.com,New
lazzarofornoni.it,New
lclrattan.co.uk,New
ldtradinghouston.com,New
leadertude.com,New
learnthemusicindustry.com,New
lebanonautoparts.com,New
lebarronsautosalvageinc.com,New
leblancsauto.com,New
leblancsautoparts.com,New
lecavalier.com,New
lecosedialessandra.it,New
leditaly.com,New
leeautoexport.com,New
leesvilleauto.com,New
legacyaviationgroup.com,New
legalchopshop.com,New
legalweaver.com,New
legoland.com.vn,New
legroupemiron.com,New
lehja.com,New
lemonsautoparts.com,New
lemsauto.com,New
lenius.ca,New
lenoxjunk.com,New
lenslifephotos.com,New
leonautoparts.com,New
leontinebybh.fr,New
lesauthentics.com,New
lesentreprisesleoprudhomme.ca,New
leslies-salon.com,New
lestweforgetuk.co.uk,New
lethbridgeautoparts.com,New
lettersvsnumbers.net,New
lettersvsnumbers.netcheap,New
leveilles.cehost.net,New
leveilles.com,New
lewisautoparts.com,New
lewisautopartsky.com,New
lewisautopartsnc.com,New
lewisvillemotorcompany.com,New
lewsauto.net,New
lexden-publishing.co.uk,New
lg.com,New
lgpharma.com,New
lhforums.net,New
lhrecycledparts.com,New
libdem.me,New
liberiagroupofindustries.com,New
libertyautodism.com,New
libertyautoparts.com,New
libertyautopartsnyc.com,New
libertyautosalvage.com,New
libertyirontrading.com,New
libertyparkkids.org,New
libertyusedparts.com,New
librafluid.com,New
libsontruck.com,New
lider82.ru,New
lie-hagen.com,New
lifeinterrupted-nolonger.com,New
lifesastitchemb.com,New
lifespanps.com,New
ligeautosalvageandrepair.com,New
lighttruckpart.com,New
lightworksphotography.co.uk,New
lildivasspaonthego.com,New
limaautoparts.com,New
limaking.com,New
lincolnautoparts.com,New
lincolnman.com,New
lincolntruckandautoparts.com,New
lindagdawson.com,New
lindakayhz.com,New
lindaleautoparts.com,New
lindellauto.com,New
lindersinc.com,New
lindersinc.net,New
lindseybrothersparts.com,New
lindvaag.no,New
linguait.com,New
linio.com,New
linkagogo.com,New
linkedin.com,New
lintottlaw.com,New
linuxfoundation.org,New
lionblood.com,New
lipperhey.com,New
lisavacationrentals.com,New
lisboa-virtual.com,New
lishaunaturals.com,New
litchrecyclingandauto.com,New
lite.qwant.com,New
littledreamerstutus.com,New
littlefieldsgarage.com,New
littleinnoscents.com.au,New
littlepinkdrink.com,New
littleshebas.com,New
liusedautoparts.com,New
livemocha.com,New
liverpool.com.mx,New
livetaiga.ru,New
livewellchicago.com,New
living-is-cool.ru,New
livingautomated.com,New
livinghomes.co.uk,New
livingmotionsystem.com,New
liweddingplanners.com,New
lkqparts.net,New
lkqpickyourpart.com,New
llclassicauto.com,New
llumiart.com,New
lm.facebook.com,New
lmfk.se,New
lmrtechservice.com,New
lnianzio.it,New
lnx.villa-ilsorriso.com,New
loanhiloan.com,New
local.firestonecompleteautocare.com,New
local.yahoo.com,New
locations.oreillyauto.com,New
lockcity.nyc,New
locostautowrecking.com,New
loetscherautoparts.com,New
lofotgalleriet.com,New
loft-conversions-bedfordshire.co.uk,New
loftinhomes.com,New
logancountyautosalvage.com,New
logels.com,New
login-supports.com,New
login.microsoftonline.com,New
login.zscalerone.net,New
logodesigning.galagali.com,New
lomutiauto.com,New
lomutiautosalvage.com,New
londonacupuncture.co.uk,New
londonautosales.net,New
lonekiwi.com,New
lonestarautocrushers.com,New
lonestarautoparts.com,New
longislandcashforjunkcars.com,New
longislandexports.com,New
longmancourt.info,New
lonsautomotive.com,New
lonyeperrine.com,New
lookup.t-mobile.com,New
lorainelcentro.com,New
losarquerosrentals.co.uk,New
lostulesvds.com,New
lotusip.com,New
louisechampion.com,New
lovebrewing.com,New
lowcostautoparts.net,New
lowellautoparts.com,New
lowenpianohouse.com,New
lowes.com,New
lowesautoparts.com,New
lowestautorate.com,New
lowmileageengines.com,New
lpdautoparts.com,New
lrn2sailbarbados.com,New
ltsparts.com,New
ltx71.com,New
lubbockautorecyclers.net,New
lucchettiautonorthinc.com,New
luchinisparts.com,New
lucykroblin.com,New
luftwaffedata.co.uk,New
lugnutzautosalvage.com,New
lukol.com,New
lumbertsalvage.com,New
lunchbreakdigital.com,New
lundsautoparts.com,New
lundscarparts.com,New
lune-bleue.fr,New
lupouk.co.uk,New
luxuriousrentz.com,New
luxuryautoparts.com,New
luxuryautosac.com,New
luxurymart.com,New
luxxle.com,New
luzortiznewyork.com,New
lvc-design.com,New
lydiaschiavello.com.au,New
lymanssalvage.com,New
lynda.com,New
lynnmcwhorter.com,New
lynnwoodautowreckers.com,New
lynwoodautoparts.com,New
m-45autoparts.com,New
m-w-autoparts.com,New
m.baidu.com,New
m.bing.com,New
m.dogpile.com,New
m.excite.co.uk,New
m.facebook.com,New
m.iexplore.io,New
m.liv4water.org,New
m.nearbyme.io,New
m.search.aol.com,New
m.so.com,New
m.sogou.com,New
m.ubersearch.co,New
m.vk.com,New
m.yahoo.com,New
m.yelp.com,New
m2.cn.bing.com,New
m21autoandtruck.com,New
m97autodealer.com,New
mabritogarage.com,New
mac-steel.com,New
macally.com,New
macksautoparts.com,New
macksrecycling.com,New
macombautosalvage.com,New
mactromboneblog.com,New
madebyafricraft.com,New
madisonheightsautoparts.com,New
madisononwhyte.com,New
madisonsts.com,New
mafaldaamente.it,New
maggierolfes.com,New
magicautoworld.com,New
magicislandelba.com,New
magicusedautopart.com,New
magomaguitomago.com,New
mahatma.com.mx,New
mahoneysfab.com,New
mail.google.com,New
mailorderskates.com,New
main-articles.info,New
mainautotruckparts.com,New
mainefireworksonline.com,New
mainescrapmetals.com,New
mainstautoinc.com,New
majestic.com,New
majesticinstruments.com,New
majesticmotors.biz,New
majorartandhobby.com,New
majormischief.com,New
make-uptrends.com,New
makeitsulitrachelle.com,New
makingholidaysbright.com,New
maktelmediaegypt.com,New
malahatautoparts.com,New
malinishauto.com,New
mallorcasuperyachtdays.com,New
malonemedia.net,New
maltaruralheritage.com,New
mamasboymusicri.com,New
mambinoorganics.com.hk,New
mamigarden.it,New
mammothautoparts.com,New
mammothspringcollision.net,New
mamotorcars.org,New
manchesterinklink.com,New
mandgautorecycler.com,New
mandjauto.net,New
mandmautoparts.net,New
mandmautosalvage.com,New
mandmautowrecking.com,New
mandmbody.com,New
mandmmotorco.com,New
mandmmotors.org,New
mandsautosalvage.com,New
mandvautoparts.com,New
mangumsautoparts.com,New
manhattancenterforpermanentbirthcontrol.com,New
maniaofsports.com,New
manipuritheatre.com,New
mantecaparts.com,New
manublondie.com,New
manuelapasqui.it,New
manuelsautoparts2.com,New
manuelstruck.com,New
manuelsusedautoparts.com,New
manusrdautosalvage.com,New
maps.apple.com,New
maps.google.com,New
marathoncollision.com,New
marcdeguerre.com,New
marcellsinc.com,New
marcilpieces.com,New
marcinkossakowski.com,New
marcoautorecycling.com,New
marecyclingnj.com,New
marekautoparts.com,New
marengoautoandtruck.com,New
mariaceciliasantos.com,New
mariakuhn.com,New
mariposaglobal.com,New
maritimeauto.com,New
markeline.com,New
marketingwithimagination.com,New
marketstusedautoparts.com,New
markrainwater.com,New
marks-autoparts.com,New
marksautoparts.com,New
marksparts.ca,New
marlarandsons.com,New
marlboroautowreckers.com,New
marlerauto.com,New
maroneysforeigncar.com,New
marops.co.uk,New
marquisautoparts.com,New
mars-atp.com,New
mars-autoparts.com,New
marshautoparts.com,New
marshautosalvageandscale.com,New
marthachildlaw.com,New
martianmarinelander.com,New
martiniautoparts.com,New
martinrecyclingusa.com,New
martinspreowned.com,New
martinssalvage.com,New
martinsupplyhwy34.com,New
martyscityauto.com,New
marutohooks.com,New
marvelguy.co.uk,New
marycartomante.it,New
marylandusedautoparts.com,New
marysville-firstumc.org,New
marzioitalo.com,New
masbiaboropark.org,New
masoncoautosales.com,New
massautorecyclinginc.com,New
masseysautoparts.com,New
massofisiomacri.it,New
masterpartsautosalvage.com,New
masterpooh.com80,New
mastersonautoparts.com,New
matadorautosales.com,New
matchory.com,New
mathworks.com,New
matlockused.com,New
matrang.net,New
matronline.com,New
mattatuckscrap.com,New
matthewrenze.com,New
matthews-autorecycling.com,New
matthewsautoparts.com,New
mattlantz.com,New
mattuchiometal.com,New
maughanautosalvage.com,New
mavis.com,New
maxautosalvage.com,New
maxlevinescrapmetals.com,New
maxwebsearch.com,New
maxwellsauto.com,New
maycityrollingmills.com,New
mayfairautowreckers.com,New
mayoclinic.org,New
mazmart.com,New
maztoy.com,New
mazzaandsons.com,New
mbiparts.com,New
mbopusa.com,New
mbsrprogram.org,New
mccartyauto.com,New
mcclure-strategies.com,New
mcclurgautoparts.com,New
mccoyautoparts.com,New
mccurleysautosales.com,New
mcdillauto.com,New
mcdonalds.com,New
mcdonoughautoparts.com,New
mcevoyandfarmer-pathology.com,New
mcfarlandhometalent.com,New
mcgregorautoparts.com,New
mckeeautoparts.com,New
mckinneyautoparts.com,New
mclambs.com,New
mclambsauto.com,New
mclaughlinauto.com,New
mcmillanmoustaches.com,New
mcmurraymotors.net,New
mcneilusautoandtruckparts.com,New
mcorim.com,New
mcqueenrealty.com,New
mcss-usa.org,New
me-tos.com,New
meadowsauto.com,New
meadowsbrosauto.com,New
meandmasa.com,New
meartworld.com,New
meatrake.com,New
mec-lebanon.com,New
meccasalvage.com,New
medfordautowreckers.com,New
media.gm.com,New
mediacomtoday.com,New
medicaldietcenter.be,New
mediterraneo65.com,New
medium.com,New
meerkat-boat-trips.co.uk,New
megacarparts.com,New
megacityparts.com,New
megagrabber.ru,New
megahertzsign.com,New
megaindex.ru,New
megamix-media.com,New
megapdc.com,New
meierautosalvage.com,New
meinschwangerschaftstest.eu,New
meland-motorsport.com,New
melissadesign.net,New
melissalund.com,New
members.serped.net,New
memcons.com,New
memrise.com,New
mendozasautomotive.com,New
menjaribeure.net,New
menswearlogos.com,New
mercadopago.com,New
mercedes-parts.com,New
mercedesandbmwparts.com,New
mercedesbenzreplacementparts.com,New
mercedespartsunlimited.com,New
mercergroup.com,New
merchandising-jl.com,New
merchantcircle.com,New
mercyiowacity.org,New
meridianaw.com,New
merlinoapps.com,New
merlinsautosalvage.com,New
mertitle.com,New
metacrawler.com,New
metager.org,New
metager3.de,New
metalico.com,New
methodius.com,New
metroautoparts.com,New
metroautorecyclers.com,New
metroautosalvage.com,New
metroautosalvageinc.com,New
metroflexgym-ftw.com,New
metropolidance.com,New
metrousedautoparts.com,New
metrowideauto.com,New
mettestrikk.com,New
mexce.com.ec,New
mexico-it.net,New
meyersauto.com,New
mezcalfromoaxaca.com,New
mg.mail.yahoo.com,New
mgfalaska.com,New
mhkyda.com,New
mhscs.net,New
miamicarparts.com,New
miamipartsunlimited.com,New
miamipartylimobusbuses.com,New
miccicheauto.com,New
michaelgene.org,New
michaelsexpresscatering.com,New
michaelsonauto.com,New
michal.plevko.com,New
michigancarmart.com,New
michiganlegion.org,New
michigansalvageyard.com,New
michigantruck.com,New
mickandsarah.com,New
mickchalmers.com,New
micotidianoysorprendenteamor.info,New
microsoft.com,New
midamericacycleandrecycle.com,New
midas.com,New
midatlanticcaterham.com,New
midautodismantling.com,New
midcityautosalvage.com,New
midcityautosupply.com,New
midcityscrap.com,New
midcitytruckparts.com,New
middelautopartssmyrna.com,New
middlebeaver.com,New
middlecountryautowreckers.com,New
middlegeorgiaautosalvage.com,New
middleland.org,New
middlesopen.net,New
middletonautoparts.com,New
midislandautoparts.com,New
midmoautosalvage.v12soft.com,New
midsouthautosalvage.com,New
midstateautoparts.com,New
midtnmultisport.com,New
midtownanimalhospital.org,New
midtownautoparts.net,New
midtownimportautoparts.com,New
midway-automotive.com,New
midwayauto.com,New
midwayautowreckers.com,New
midwaytrucksalvage.com,New
midwestautotruckspring.com,New
midwestautousedparts.com,New
midwesternautoparts.com,New
midwesternsalvage.com,New
midwestjeeps.com,New
midwestrecyclers.com,New
midwestroofing.biz,New
miechielsautosalvage.com,New
mikaboomikaboo.com,New
mikemooresauto.com,New
mikesautopart.ca,New
mikesautoparts.net,New
mikesautosalvage.com,New
mikesforeignparts.com,New
mikessalvage.com,New
mikestowingandrecovery.net,New
mikeswrecking.com,New
mikeysmetsautoparts.com,New
milanmarkophotography.co.nz,New
milediva.ru,New
milehiauto.com,New
milehightruckparts.com,New
milesdist.com,New
militaryfraternity.com,New
millautoparts.com,New
millensrecycling.com,New
milleregdesign.com,New
millerimportparts.com,New
millerrecycling.com,New
millersauto.com,New
millironautoparts.com,New
millisautoparts.com,New
millsautopartsin.com,New
mimorihome.com,New
mimsautosalvage.com,New
minecraf-portal.ru,New
minecraft-rus.org,New
minedroid.com,New
mini-modus.ru,New
miniatures-philgreg.com,New
mint.intuit.com,New
mintonmotorsinc.com,New
mintonparts.com,New
miracleautoparts.net,New
miragefilmfest.com,New
mirtorrent.net,New
mirzag.com,New
misgen.com,New
missautowrecker.com,New
missionautowrecking.co.cc,New
misterbattery.org,New
mistymeadowspetkennels.com,New
mitchellsusedautoparts.com,New
mitchsautoparts.com,New
mittagautosalvage.com,New
mividaenbalance.com.mx,New
mizoneuae.com,New
mjautosalvagetn.com,New
mjid-mjm.com,New
mjlanman.com,New
mjmetalinc.com,New
mjsmetals.com,New
mkauto.com,New
mkfoodbroker.com,New
mlauto.biz,New
mlgwm.com,New
mlnorwood.com,New
mmauto.com,New
mmautopart.com,New
mmaxdeposits.com,New
mmimports.net,New
mmimportsalvage.com,New
mmmautopartsva.com,New
mmsalvage.com,New
mmtlabs.com,New
mmttravel.net,New
mmupullit.com,New
mnrmotors.com,New
moautollc.com,New
mobiasolutions.com,New
mobileimportsalvage.com,New
mobilemarketinguk.com,New
mobyleapps.com,New
modelkitcollecting.com,New
modelon.net,New
modernautopart.net,New
modernautoparts.ca,New
modernautowreckers.com,New
moderncapriparts.biz,New
modernimports.com,New
modernmuscleparts.com,New
modestoautowrecker.com,New
moesautorepairllc.com,New
mojastopa.ru,New
mojeek.com,New
mojoparts.com,New
mokanauto.com,New
mokosa.com,New
mollificioberce.it,New
moltsautoparts.com,New
momandmefoods.com,New
momsautoparts.com,New
monaimeechocolat.com,New
moneinstitute.org,New
money-a2z.com,New
money4iphone.com,New
moneygram.com,New
monfredaphotography.com,New
monicapezzoli.it,New
monitorbacklinks.com,New
monlien.org,New
monomoysalvage.com,New
monster.com,New
monsterautowreckers.com,New
monsterjunkyard.com,New
monteciue.com,New
monterreytile.com,New
montessori-uk.co.uk,New
montreal-massotherapie.com,New
montysautoparts.com,New
moodieinc.com,New
moodle.org,New
moomi-daeri.com,New
moondropherbals.com,New
moonlightdiesel.com,New
moonlighters-bigband.com,New
moonriverauto.com,New
moonsautorecycling.com,New
moonton.com,New
mooresautosalvage.com,New
moorparkhc.co.uk,New
mopartransmission.com,New
moradpartscompany.com,New
moraineautoparts.com,New
morevi.ru,New
morganautomotivega.com,New
morganhighway.com,New
morgansautoinc.com,New
mormonmafia.org,New
mornuco.com,New
morphosrestaurant.com,New
morrisandsonscars.com,New
morrisauto.net,New
morrisautosalvage.com,New
morrisonsauto.com,New
morrisrose.com,New
morrowmotors.net,New
mortensonandrafie.com,New
mortgagebuoy.com,New
mortimerandteasdale.com,New
mortonsautosalvage.com,New
morwenstowafc.co.uk,New
moseke.com,New
moshannonvalleyveteransmemorial.com,New
mossbrosautogroup.com,New
mossyheadautoparts.com,New
mostlygerman.com,New
mostlymopower.com,New
motherearthmercedes.com,New
motionwebmedia.com,New
motivetrimarans.com,New
motopart.net,New
motorcyclelessonsbrisbane.com.au,New
motors-china.ru,New
mottauto.com,New
moumine97.net,New
mountaincityantiques.com,New
mountainlakeclambake.com,New
mountainvalleyheating.com,New
mountainviewautoandtruck.com,New
mountainviewholidays.co.uk,New
mountofblessing.org,New
mover4hire.com,New
movesides.com,New
movimientohumano.com,New
moweryauto.com,New
moyerauto.com,New
moyersautowrecking.com,New
moyesautoparts.com,New
mpautoparts.com,New
mpsautosalvage.com,New
mpsc810.com,New
mr-carparts.com,New
mragroup.net,New
mrautosalvage.com,New
mrimporttn.com,New
mrpfb.com,New
mrpsinc.com,New
mrvolvoplus.ca,New
msautoparts.com,New
msautousedparts.com,New
msdrivetrain.com,New
mshei.org,New
msi.com,New
msiautoparts.com,New
msk-new.com,New
msk.onlinebay.ru,New
msmarket.coop,New
msn.com,New
msrecycling.com,New
mssociety.bm,New
mstrecycling.com,New
mstruckparts.com,New
mswlawgroup.com,New
msxml.excite.com,New
mtglawfirm.com,New
mtlautoparts.com,New
mtrec.com,New
mturkcontent.com,New
muabytish.com,New
muap.net,New
muddduckauto.com,New
muddywatersretrievers.com,New
mudm.org,New
muellersautorecyclers.com,New
mullholidaycottage.com,New
mullinsauto.com,New
multiki-online24.ru,New
multxphoto.com,New
muncysautorecycling.com,New
mundal.com,New
munichautobahn.com,New
murecstudio.com,New
murrayroach.co.uk,New
murraysautorecycling.com,New
museedit.com,New
musicstage.co.uk,New
musicsuite408.com,New
musimaciay.com,New
mustangstablesusa.com,New
mutualautoparts.com,New
mvghost.com,New
mvms.com,New
mw-autoparts.com,New
mwdauto.com,New
mwministries.org,New
mx.search.yahoo.com,New
my.gvtc.com,New
my.justhost.com,New
my.xfinity.com,New
myajcleaningpro.com,New
myalc.org,New
myamautoparts.com,New
myautolab.com,New
myautostore.com,New
myautowreckingca.com,New
mybestcouponcodes.com,New
mybornagainauto.com,New
mybottleshop.com.au,New
mycarpartsstore.net,New
myccphysician.com,New
mychoicelifeoveraids.org,New
mycopper.net,New
mycushionsonline.com.au,New
mydenverdiamonds.com,New
mydigitalcinema.net,New
myersautosalvage.com,New
myersusedparts.com,New
myfavouritewasteoftime.com,New
myglobalparts.com,New
myhughesnet.hughesnet.com,New
mykarmayoga.net,New
mylegendcars.com,New
mym3.co.uk,New
mymade.org,New
mymemorabledesigns.com,New
mymodernmixtape.com,New
mynationwideautoparts.com,New
mynaturalpet.com.au,New
myoemwheels.com,New
mypartsupply.com,New
mypcdoc.net,New
mypickapart.com,New
mypoints.com,New
mypower09.com,New
myprimeparts.com,New
myprivatesearch.com,New
myrealestateprofessionals.com,New
myrzamaldonado.com,New
mysearchresults.com,New
mysite.net10.com,New
mysite.safelink.com,New
mysite.simplemobile.com,New
mysite.straighttalk.com,New
mysite.totalwireless.com,New
mysite.tracfone.com,New
mysites.glance.com,New
mysites.taboolanews.com,New
mystieria.com,New
mytrngdept.com,New
mytruetan.com,New
myutility.us,New
mywheelrepair.com,New
myworld.atlanticbb.com,New
myworld.breezeline.com,New
myworldlllll.com,New
na-verh.ru,New
nabany.org,New
nabfc.com,New
nacap.ru,New
nachalka21.ru,New
nachi.org,New
nacwebcreations.com,New
nadiakhalilbradley.com,New
nafeerlawassociates.com,New
nagysautosales.com,New
naisesautosalvage.com,New
nakolochka.in,New
nameitgifts.co.uk,New
nanceautosalvage.com,New
nandsautoparts.com,New
nanichols.com,New
nanoagro.net,New
napletoncjd.com,New
napoakland.com,New
narparts.com,New
nasheflawfirm.com,New
nastyhabitsrock.com,New
natchezsalvage.com,New
nate-bartley.net,New
nationalautoandtrucksalvage.com,New
nationalautobody.com,New
nationalautopart.com,New
nationalgeographic.com,New
nationwidear.com,New
nationwideautorecycling.com,New
nationwideusedautoparts.com,New
nativecreativeservices.com,New
nativitybirthservices.com,New
natohausdeutschdrahthaarkennel.com,New
nature.com,New
naumkeagusedautoparts.net,New
nauticaportugalete.org,New
navro.org,New
naxtell.com,New
nbasalvage.com,New
nbautosalvage.com,New
nbay.com,New
nbcnews.com,New
nbftt.net,New
nc-autosalvage.com,New
ncawpa.com,New
ncbunkbeds.com,New
ncjunkcar.com,New
ncreobroker.com,New
nealautoparts.com,New
nearlynos.com,New
nearmetool.com,New
neata.org,New
neautotruckrecycler.com,New
necga.com,New
necycle.com,New
needhamautoparts.com,New
needlesautowrecking.com,New
neeva.com,New
neffaccounting.com,New
nelsonautosalvage.com,New
nelsonmetals.com,New
neoqd.com,New
nestersautoworks.com,New
net10.xtconnect.com,New
netdeals.com,New
netfind.com,New
netflix.com,New
netrodyne.net,New
netzerosearch.net,New
neunersautomotiverecyclers.com,New
new.bouldercurrency.com,New
new.thephotoboardstore.com,New
newamericanusedautoparts.com,New
newandusedtire.com,New
newarkmotor.com,New
newcarlisleautoparts.net,New
newclassicchevy.com,New
newcomerstruckparts.com,New
newcumberlandautoparts.com,New
newdixieusedautoparts.com,New
newenglandautoparts.com,New
newenglanddogtravel.com,New
newfleur.it,New
newnandental.com,New
news.srchmbl.com,New
news.yahoo.com,New
news.ycombinator.com,New
newsgator.com,New
newsoftinc.com,New
newsoloautoparts.com,New
newsonsa.com,New
newsweek.com,New
newtonautosalvage.com,New
newvilleautosalvage.com,New
newvoicecompany.com,New
newwayautoparts.com,New
newwestmidwives.com,New
newyorkcitycashforcars.com,New
newyorkjunkmycar.com,New
nextproduction.cz,New
nhflames.org,New
niagarafallsautoparts.com,New
nicemanmusic.com,New
nichols-online.co.uk,New
nicholsautoparts.com,New
nickartstudio.com,New
nicklinautorecyclers.com,New
nicksusedautoparts.com,New
niesonautowreckers.ca,New
nifongusedcarsandparts.com,New
nightowlcoders.com,New
nih.gov,New
nikahkan.id,New
nike.com,New
niksautoparts.com,New
nina-andresen-borud.com,New
ninabjalve.com,New
ninesautoparts.com,New
ninhthuantourist.com.vn,New
ninosautoparts.com,New
nintendo.com,New
nissanunlimitedparts.com,New
nissenbaums.com,New
niteworks.net,New
nitrouskits.co.uk,New
nixautowrecking.com,New
nj.com,New
njcashforcars.com,New
njheatpestcontrol.com,New
njnft.iscrapweb.com,New
njscrap.com,New
njunkcars.com,New
nl.search.yahoo.com,New
nllrecycling.com,New
nnawg.com,New
noaa.gov,New
nobhillautowrecking.com,New
noelfuller.com,New
nolanengland.com,New
nonnasristorante.com,New
nonprofittrainer.com,New
nonsansdroict.com,New
nopaddle.com,New
norbsauto.com,New
norcalautowrecking.com,New
nordstromsauto.com,New
norfolkjunkremovalservices.com,New
normansofshelby.com,New
norskedachshundklubbersforbund.org,New
north54salvage.com,New
northcentraltruckparts.com,New
northcolumbiaautosalvage.com,New
northeast1bsa.org,New
northeastautopa.com,New
northeastautorecyclers.com,New
northeastpreciousmetals.com,New
northendautopartsct.com,New
northendwrecking.com,New
northfieldhoteledinburgh.co.uk,New
northfordwomensclub.org,New
northgatehoa.com,New
northimportsautoparts.com,New
northjerseyaw.com,New
northlinecanada.com,New
northparkwayautosalvage.com,New
northprovidenceautosalvage.com,New
northshoretowinginc.com,New
northsideimported.com,New
northstar-auto-and-salvage-llc.business.site,New
northstarautoandsalvage.com,New
northstarautoparts.net,New
northstarautorecycling.com,New
northstatetruckandauto.com,New
northtownautoparts.com,New
northverdeautosalvage.com,New
northwestautoparts.com,New
northwestern.edu,New
northwestswimteam.org,New
northwestusedautoparts.com,New
nortonsafe.search.ask.com,New
nortyseastsideautoparts.com,New
notaiominniti.it,New
nour-leather.com,New
novagoclub.org,New
novakautoparts.com,New
novatekltda.cl,New
novellasrecycling.com,New
npww.com,New
nqfinclusive.org,New
nqvludoztrrr.com,New
nrcschools.com,New
nrofny.com,New
nsautorecycling.com,New
ntautosalvage.com,New
ntpcg.org,New
ntu.edu.sg,New
nueu.net,New
nugentautos.com,New
nuhnsautosupply.com,New
number9auto.com,New
numberoneautodismantling.com,New
numberonesolutions.com,New
nuparts.com,New
nutudaminh.org,New
nuwayautodismantling.com,New
nuwerautoparts.com,New
nveroarchitects.com,New
nvidia.com,New
nwa-parts.com,New
nwautopart.com,New
nwautorecyclers.com,New
nwautosalvagetx.com,New
nyahma.org,New
nycpainter.com,New
nygyros.com,New
nylaautos.com,New
nyprr.com,New
nzs.com,New
o-kautoparts.com,New
oakhillusedautoparts.com,New
oakleafauto.com,New
oakleafautosalvage.com,New
oaktreeauto.com,New
oasauto.ca,New
oatra.net,New
oceanhero.today,New
ocediismedia.com,New
och8-71.com,New
octagonauto.com,New
odinon.ru,New
odiscus.com,New
odumsautosalvage.com,New
oeenginecorp.com,New
oemautorecyclers.com,New
offagain4x4.com,New
office.com,New
officefurniturechoices.com,New
officiallynflshops.us.com,New
officina.justco.it,New
offthechartsevents.com,New
offtheshelfdiscountparts.cc,New
oganycc.com,New
ogtstore.com,New
ohare-international-airport.com,New
ohioauto.com,New
ohioautosupply.com,New
ohiosteelrecycling.com,New
oilcityautosalvage.com,New
oilcitysales.com,New
oisaa.com,New
oisource.com,New
okautoparts.net,New
okfma.com,New
okiboki.com,New
oklahomaforeign.com,New
oknoudoma.ru,New
okonomiservice.net,New
okutakeuap.com,New
olddominionauto.net,New
oldfactorysoap.com,New
oldjunkcar.com,New
oldlodge.co.uk,New
oldmetaltoys.com,New
oldpike27autoparts.com,New
oldpostcatering.com,New
oldtimedance.co.uk,New
oldyellerauto.com,New
olesouthauto.com,New
olgapapinaphotography.com,New
oliverautorecycling.com,New
olliesautoparts.com,New
olmstedautoparts.com,New
olsensauto.net,New
olstons.com,New
oltdancecompany.com,New
oly4x4.com,New
olympicauto-ezparts.com,New
omaticsgps.com,New
omcsenigallia.it,New
omegadanes.com,New
omegatrainingsolutions.com,New
omelethousehenderson.com,New
omgili.com,New
omniauto.com,New
omusha.com,New
ondom2.com,New
oneagelwings.org,New
onecalljunkhaul.com,New
onelifeofvirginia.org,New
onelineeng.com,New
onesearch.com,New
onesilkenshoe.com,New
onesteel.com,New
onestopautosalvage.ca,New
onestopkfalls.com,New
onewayautosalvage.com,New
oneworldlimo.net,New
onlinegameer.com,New
onlinepartsupply.com,New
onlyonesearch.com,New
ontimeautos.com,New
ontrackperu.com,New
ooyuz.com,New
openlinkprofiler.org,New
operationprosper.com,New
oppo.com,New
opticsandappliedphysics.com,New
optimalkompetanse.com,New
options.xyz,New
orangeautosalvage.com,New
orbitz.com,New
orcabrowser.com,New
orchidiapromo.com,New
oregon-towing.com,New
oregonautowrecking.com,New
oregonranches.com,New
orgovation.com,New
orientautoparts.com,New
originalautoparts.ca,New
orilliarecyclers.com,New
orionst.com,New
orlandoonwheels.com,New
oronocoautoparts.com,New
orthodoxautoco.com,New
osborn972.wix.com,New
oscarsautoparts.com,New
oscarusedautoparts.com,New
oshawaautoparts.com,New
osloconcertbrass.com,New
oslomagedans.com,New
oslororynight.com,New
osrcompatible.org,New
osseosalvage.com,New
ostermiller.org,New
ostricheonline.com,New
otenticautosales.com,New
otoeco.ca,New
outdooreventdesign.com,New
outlook.live.com,New
outsider21.com,New
outsmartingthedragon.com,New
overlandroverparts.com,New
overseasparts.com,New
owenautopartsandtowing.com,New
owohho.com,New
ozautobodyparts.com,New
ozonoitalia.it,New
pa.local.yahoo.biz,New
pacauto.com,New
paccollars.co.uk,New
pacific-motors.com,New
pacificautoparts.net,New
pacificautosalvage.com,New
pacificautowrecking.net,New
pacificengineco.com,New
pacificjapaneseauto.com,New
pacosautoparts.com,New
paddystumpgrindingandtreeservice.com,New
padstowcoincentre.com.au,New
pagn.info,New
pagravel.com,New
pallinaturacontoterzi.it,New
palmerbrothersdodge.com,New
palmettousedauto.com,New
palominosautomotive.com,New
pamdevorefortcollins.com,New
pamsauto.com,New
panasonic.com,New
panddauto.com,New
pandgauto.ca,New
pandlautoparts.com,New
pandlmotorsports.com,New
pandolfesauto.com,New
pandsauto.ca,New
paperandbling.com,New
papiusedautoparts.com,New
paraalemdoavatar.com,New
paradiseautoparts.com,New
paradisegardenservices.co.uk,New
paraisokawaii.cl,New
paramountautoparts.com,New
parapubinternational.com,New
parent-mediation.com,New
parimar-francharte.com,New
parkautoparts.com,New
parkermotors.com,New
parkerstautoparts.com,New
parkhotelvarazze.it,New
parkmotorsalvage.com,New
parksautosalvage.com,New
parksdrilling.com,New
parkwayautorecyclers.com,New
parsonautoparts.com,New
parsonsautoparts.com,New
partidounionliberal.com,New
partnerads-test.ysm.yahoo.net,New
partnerads.ysm.yahoo.com,New
partovirealty.com,New
parts-co.com,New
parts-of-cars.ca,New
parts-parts.com,New
parts-x-press.com,New
parts4less.org,New
parts4trucks.com,New
partsbarnva.com,New
partsbyconnors.com,New
partsdepottaylor.com,New
partsexpressincauto.com,New
partsforlessaz.com,New
partsgroup.com,New
partskingautoandtruck.com,New
partslinkent.com,New
partsplanet.net,New
partsrus-ga.com,New
partsruscolumbusga.com,New
partsrusorland.com,New
partssanantonio.com,New
partsunlimitedtexas.com,New
partswarehouseinc.com,New
partsworldinc.com,New
partyblast.com,New
partysparkphotobooth.com,New
pasalvage.com,New
pascapco.com,New
pascoautosalvagefl.com,New
pascoautowrecking.com,New
passepartoutcasa.it,New
passoverworldwide.com,New
patautoparts.com,New
patch.com,New
patersonusedauto.com,New
patnealwildlife.net,New
patriciashone.co.uk,New
patrickautomotivecompany.com,New
patriotautomotivenj.com,New
patsautosalvage.com,New
pattersonaw.com,New
paulamartha.com,New
paulandsonsauto.com,New
paulgro.com,New
paus.ca,New
pavaneo.com,New
pavesegomme.it,New
payless4parts.com,New
paylessautoparts.us,New
paylessautosalvage.com,New
paylessautosalvageks.com,New
paynesbodyshop.com,New
paynesvilleautoparts.com,New
pbase.com,New
pc-lessons.ru,New
pc-serv.net,New
pcandweb.si,New
pcautoparts.com,New
pcmetalsbpt.com,New
pcsblount.com,New
pdf-technologies.com,New
pdfnow.net,New
pdpbeautycenter.it,New
peacockautosalvage.net,New
pear.php.net,New
pearlroadautoparts.com,New
pearlwalker.com,New
pearsonsautowrecking.com,New
peekautoparts.com,New
peiusedtruckparts.com,New
pemberleydigital.com,New
pencis.com,New
penguinauto.com,New
penhela.com,New
penneysauto.com,New
penningtonautoparts.com,New
penroseautosalvage.com,New
pens-n-stuff.com,New
pensacolaautosalvage.com,New
penstarautosalvage.com,New
people.rovenkismi.com.ua,New
pepboys.com,New
pepsico.com,New
percinque.it,New
performanceautomotive.us,New
performancedepotusa.com,New
performanceparts104.com,New
performancesupercycle.net,New
perksautoparts.com,New
perlmanrecycling.com,New
perryautomotive1.com,New
perryautosalvage.com,New
perryautowrecking.com,New
perrysautoparts.com,New
persaya.com,New
perspicalia.com,New
pesquisa.sapo.pt,New
petalauto.com,New
petalsearch.com,New
petelamb.com,New
petesauto.net,New
petesautowrecking.com,New
petitspinpins.fr,New
petlife.biz,New
petrillosauto.com,New
petromar-thecompany.com,New
petryauto.com,New
petteys.net,New
pewitt.org,New
peytonperformance.com,New
pfarhan.com,New
pferreira.net,New
pgautowrecking.com,New
pggscientific.com,New
ph.search.yahoo.com,New
phantomjsproxy.azurewebsites.net,New
phantomjsproxy.cloudapp.net,New
philiplewissonsscrapmetal.com,New
philipmcl.com,New
phillresources.com,New
philmontexplorer.com,New
philmontexplorer.comcheap,New
philmontexplorer.comlouis,New
philsautoparts.net,New
philsautorecycling.com,New
philsautosalvage.com,New
phlairporttaxi.net,New
phoenixautoparts.com,New
phoenixautowreckingllc.com,New
phoenixfab.net,New
phoo.com,New
photographe-corporate-paris.com,New
photopcm.com,New
photowoodshop.com,New
phpmyadmin.net,New
phxautocores.com,New
picardrecyclage.com,New
piccolo-feudo.it,New
pick4parts.com,New
pickleballdepot.ca,New
pickmeister.com,New
picknpull.com,New
pickup-partstx.com,New
pickupbeauce.com,New
pickupcity.com,New
pickuppartsandsales.com,New
pickupsalvage.com,New
pickuptrucksalvage.com,New
pictureperfectscans.com,New
pieces-auto-usage-montreal.ca,New
piecesautoduvernay.com,New
piecesautofleurimont.ca,New
piecesautostourville.com,New
piecescarignan.com,New
piecesdautos007.com,New
piecesdautosroussel.com,New
piecesdautossetl.com,New
piecesgoulet.com,New
piedmont447.org,New
pierceauto.blogspot.com,New
pierceauto.com,New
pietradifontanarosa.it,New
pigeoncreeksalvage.com,New
pilandauto.com,New
pinchal-co.com,New
pineautosalvage.com,New
pinedaleautowreckers.ca,New
pinholecoffee.com,New
pinimaurizio.it,New
pinkeyscapitalautobody.com,New
pinkpilatesonline.com,New
pinnacletitle.com,New
pinojodice.com,New
pintendre.com,New
pinwallcycle.com,New
pioneerautodismantling.com,New
pipermotors.com,New
pipesforeigncarparts.com,New
pitbullguitars.com,New
pittkeepers.com,New
pittmonauto.com,New
pittsautoparts.com,New
pixel-concepts.co.uk,New
pizzaconez.com,New
pizzahut.com,New
pjkarlsen.com,New
pjs4lkq.com,New
plagscan.com,New
planitsalvage.com,New
plantcityautosalvage.net,New
platinumrecovery.org,New
playdreamgrow.com,New
playstation.com,New
plazausedautoparts.com,New
plazek.com,New
plex.page,New
plglawyers.com,New
plida-shop.com,New
plottappraisals.com,New
pluckapart.com,New
plumbertampafl.com,New
plus.url.google.com,New
pml.dp.ua,New
pmrinc.com,New
pnoren.se,New
pnwmetal.com,New
poconospringscompany.com,New
podiatry-lincoln.co.uk,New
poeboyssalvage.com,New
poehlsautorecyclers.com,New
poellsent.com,New
pohpllc.com,New
pointagency.com,New
poisk-zakona.ru,New
polarkunst.com,New
polesitionsllc.com,New
polina.harbertstudio.com,New
polingautoparts.com,New
poloralphlaurennz.freewebhost.co.nz,New
polymergarage.com,New
polytainer.com,New
ponderer.org,New
pontebellastore.com,New
pontinirappresentanze.it,New
popdinerusa.com,New
popejane.com,New
popow-sons.com,New
porcelaineacroquer.com,New
porfor.com,New
porkchop4tattoos.com,New
pornogig.com,New
pornokajf.com,New
porta-grazer.com,New
portadryblade.com,New
portal.ambt.co,New
portal.headwaycapital.com,New
portal.tds.net,New
portal.uscellular.com,New
portarelief.com,New
porterautomotiveonline.com,New
portgibsonumc.com,New
porthcawlmarine.co.uk,New
portlandautoandtruck.com,New
portlanddental.co.uk,New
portlandimportautoparts.com,New
portlandmaine.gov,New
portlandsalvage.com,New
portmurrayautosalvage.com,New
portperryauto.com,New
portsydneyrecyclers.com,New
poshukach.com,New
postbrothersautoparts.com,New
postech.ac.kr,New
postins.com,New
postroadusedautoparts.com,New
powellpantherstore.com,New
powellsgarageinc.com,New
powergroup.com.co,New
powerhouseauto.us,New
powerhouseautoparts.com,New
powerhousepart.com,New
ppa.brokengroundgame.com,New
ppa.covadoc.vn,New
ppmglobal.com.au,New
praderephilipjames.com,New
prairievistadental.com,New
prattsautosalvage.com,New
pravoslavieto.com,New
preachingwithsacredfire.com,New
preciseautopartsdis.com,New
precisionautopartsandsales.com,New
precisionsteer.com,New
pregnancyandbirth.org,New
premierauto-parts.com,New
premierdriveways.co.uk,New
premierelogllc.com,New
premierwomenshostel.com,New
premiumautopartsinc.com,New
premiumpokerservices.com,New
presbyrecycling.com,New
presearch.com,New
pressroom.toyota.com,New
prestigeartists.com,New
prestigeautoparts.ca,New
prestigeautoparts.com,New
prestigemustang.com,New
priceline.com,New
pricesautoparts.net,New
pricesuperstores.com,New
priceusedparts.com,New
primeauto.yolasite.com,New
primeragroupinc.com,New
princemetal.com,New
princeton.edu,New
princetondentist.net,New
princetonlighting.com,New
priory-art.co.uk,New
prisma-cultura.it,New
prisontopraise.org,New
priusrebuilders.com,New
privateacupuncturegp.co.uk,New
privatelee.com,New
proairbags.com,New
proautosalesmn.com,New
procarpetcleaners.net,New
prod.uhrs.playmsn.com,New
produce.dofollowlinks.org,New
product-solutions.net,New
producthunt.com,New
profastauto.com,New
professional-bodyguard.com,New
professorslp.com,New
profound.net,New
progettoitaliagroup.it,New
prointeractives.com,New
projectcontrolsonline.com,New
prolocodivilladelconte.it,New
propaintandbody.com,New
propartworks.com,New
propellertop.com,New
propertymanagementclayton.com,New
prorab-sar.ru,New
prospectdesign.me,New
prospectusedautoparts.com,New
prosper-mental-health.com,New
protruckandvan.com,New
provoautowrecking.com,New
proxybreaking.com,New
pruittsautoparts.com,New
psbergamo.it,New
psctrinkets.com,New
pseja.com,New
psicologaroma.org,New
pslreia.com,New
pssheavenonearth.com,New
psywellbeing.com,New
ptheart.com,New
ptysolutions.com,New
puandvanheaven.com,New
publicimagehair.com,New
publimarketpro.cl,New
pugetparkdental.com,New
pugetsounddoulacare.com,New
pulizieluce.it,New
puma.com,New
puntodevistacr.com,New
puregusto.com,New
purehealthforyou.com,New
purelocal.com,New
purplenetwork.co.uk,New
purrfectrags.com,New
pussnpooch.biz,New
pv-services.ru,New
q1autoparts.ca,New
qartx.com,New
qas-me.com,New
qbedge.com,New
qbmax.com,New
qcarparts.com,New
qdpconline.com,New
qemup.com,New
qgautoparts.com,New
qml.us,New
qpmassage.com.au,New
qpolitical.com,New
qq.com,New
qrobe.it,New
qt-research.com,New
qtweb.net,New
quakercityparts.com,New
qualityautomotiveva.com,New
qualityautosalvage.com,New
qualitycarcare-tgmotors.com,New
qualitycomputers.co,New
qualitypartsandtowing.com,New
qualitypartsfast.com,New
qualitypossystems.com,New
qualitystucco.net,New
qualityusedautoparts.com,New
qualityusedparts.net,New
qualityuvlamps.com,New
qualityweldingcville.com,New
quallsautosalvage.com,New
quamsautosalvage.com,New
quandtautosalvage.com,New
quantumengr.com,New
quarnosalvage.com,New
quarpro.com,New
quickcarparts.com,New
quickdryfloodcleanupwestvirginia.com,New
quickjunkmycar.com,New
quikshakes.com,New
quiltersgardenpatch.com,New
quiltstore.com,New
quintonandsons.net,New
quiznetonline.com,New
qwant.com,New
qwikparts.com,New
r-notracking.onesearch.com,New
r-sauto.com,New
r.duckduckgo.com,New
r.search.aol.com,New
r.search.yahoo.com,New
r4alliance.org,New
raafordparts.com,New
rabotaru.5bb.ru,New
raceautoparts.com,New
racecraftproducts.com,New
racewayauto.com,New
rachelbreeding.com,New
racquetwar.com,New
radgepublishing.com,New
radgivingkv.com,New
radiatorsrus.com,New
radicaldreams.com,New
radiofreeblood.com,New
radiogogirl.com,New
raffles-iao.com,New
rainbowandwish.com,New
rainbowautosalvage.com,New
rainbowgarden88.com,New
rainbowresearchsc.com,New
rainmakertech.com,New
rajaharris55.paks.pk,New
raleighscrapmetalrecycling.com,New
ralphsautoparts.com,New
ralphsautosalvage.com,New
ralphscarandtractor.com,New
ramaservicios.com.mx,New
ramaxsearch.com,New
rammesautosalvage.com,New
ramonaruffino.com,New
ramparosalvage.com,New
ramsass.com,New
ramsautoparts.com,New
ramseysautorecyclers.com,New
ranaindia.com,New
ranchocpd.com,New
ranchofordtruckandvan.com,New
ranchojeeprecyclers.com,New
ranchonissan.com,New
ranchotoyotatruckparts.com,New
randaautosalvage.com,New
randbautosalvage.com,New
randfautoparts.com,New
randmassetsolutions.com,New
randrautoandtrucksalvage.com,New
randrautopartsinc.com,New
randrind.com,New
rands-autoparts.com,New
randysautoandtruck.com,New
randysautopartsandtowing.com,New
randysautopartsmaine.com,New
randysautosales.com,New
randyshomecenterllc.com,New
rangerexplorer.com,New
rankineconstruction.com,New
rapidimportsalvage.com,New
raptorage.com,New
rascotruckparts.com,New
rastro74.com,New
rastrococo.wix.com,New
rastrounique.com,New
rathes-salvage.com,New
rauldelcampo.com,New
ravenrockcanmore.ca,New
raviagric.com,New
raymondbliu.com,New
raysautomotivesales.com,New
raysautoparts.net,New
raysautopartsllc.com,New
raysautostorage.net,New
rayscrap.com,New
raysproperties.com,New
rbautoparts.ca,New
rbd-polonia.com,New
rbdouglass.com,New
rbschuttlaw.com,New
rc-aa.org,New
rcade.tk,New
rcamusement.com,New
rcboa.com,New
rcocashforcars.com,New
rcrampton.com,New
rcsautoparts.com,New
rdauto.com,New
rdautopartsinc.com,New
re-investsolutions.com,New
realchimicaforafrica.com,New
realme.com,New
realpages.com,New
realtastecatering.com,New
reasonableridesky.com,New
reavesautosalvage.com,New
rebeccatee.com,New
rebeldietitian.us,New
rebelmouse.com,New
rebelridermagazine.com,New
rebleen.co.uk,New
rebuiltcars.com,New
receptions2remember.com,New
reclaimedhome.com,New
rectangleautosupply.com,New
recyclageautostlazare.com,New
recyclagest-bruno.com,New
recyclecars4cash.com,New
recycledautopartsillinois.com,New
recycledtruckparts.com,New
recycler.car-part.com,New
recycler.car-parts.com,New
red-apple-publishing.com,New
redcottagestudios.com,New
redfin.com,New
redlakesalvage.com,New
redline-racing.com,New
redlineparts.com,New
redlionsalvage.com,New
redlsauto.com,New
redneckcarparts.com,New
redsrubbish.com,New
redwinesalvage.com,New
redwingautorecyclers.com,New
reedsautomotive.com,New
reedsautoparts.com,New
reefrebel.com,New
reevesautowrecking.com,New
refdesk.com,New
refs4u.com,New
regal-limos.com,New
regalrecycling.net,New
regalusedautoparts.com,New
reganmetal.com,New
regexformat.com,New
reginacertified.com,New
region5services.com,New
regionsap.com,New
regsautowreckers.ca,New
reidsauto.ca,New
reidsautoparts.net,New
reitephoto.com,New
reitmanautoparts.com,New
relaksion.ru,New
reliableautoparts.com,New
reliableautosalvage.com,New
rematter.lightning.force.com,New
rembrandtlights.com,New
remhol.com,New
remingtonauto.com,New
remingtonautoparts.com,New
removemyjunk.us,New
reneesheart.com,New
renler.com,New
renosautoparts.com,New
renowow.ca,New
rent.com,New
replaysportsconsignments.com,New
repquip.com,New
republic-a1auto.com,New
research.aimultiple.com,New
residenceloisa.com,New
residential-landscape-lighting-design.com,New
residentialpropertymaintenanceinc.com,New
resortproperties.com,New
responseaudiony.com,New
restontaxionline.com,New
restoran-pb.ru,New
resulthunter.com,New
results.dogpile.com,New
results.excite.com,New
results.searchlock.com,New
results.searchlock3.com,New
results.turbosearch.co,New
retailcloudhouse.com,New
retailconcepts.cc,New
retiredguysworld.com,New
retiremycar.com,New
retrofestivals.org,New
reuters.com,New
revavazen.seetra.com,New
revcon.net,New
reviewhaynhat.net,New
reviews.birdeye.com,New
revivaltradingco.com,New
revolucioncapilar.com,New
revolutionofpraise.com,New
rexforeignautoparts.com,New
reynoldsautosalvage.com,New
reysautoparts.com,New
rgpic.com,New
rhbremoval.com,New
rhcorporation.com,New
rhineauto.com,New
rhinelanderautosalvage.com,New
rhodesautosss.com,New
rhtrans.com,New
ri.search.yahoo.com,New
rich-industries.com,New
richardbarretophotography.com,New
richardsautosalvage.com,New
richardtylerpollard.com,New
richardwaymire.com,New
richardyoungmagic.com,New
richlandauto.org,New
richlandmckenziegroup.com,New
richmondautowreckersandparts.com,New
richsautoparts.com,New
richswrecking.com,New
richterorthodontics.com,New
ricksautopart.com,New
ricksautopartsmn.com,New
ricksparts.com,New
ricosignal.com,New
riddelsskincarecenter.com,New
riddler.io,New
ridgerdauto.com,New
riding4hope.org,New
righttoworkcommittee.com,New
rigsbeeautoparts.com,New
rigsbysautosalvage.com,New
rijunkmycar.com,New
ringcraft.org,New
rinostrinidad.com,New
riograndeparts.com,New
riosecowine.com,New
ripplesserviceinc.com,New
riservaboscopianelle.it,New
ristorantelocandadeifiorucci.it,New
ritch.com.mx,New
riteawayautomn.com,New
ritenourauto.com,New
ritewayauto.com,New
ritewayautoparts.com,New
ritewayautorecyclers.com,New
ritewayautosalvage.com,New
ritornoallalira.it,New
rivercitymetals.com,New
riversautoparts.com,New
riversbendproperties.com,New
riversedgegallery.net,New
rivershoreused.com,New
riversidecarpart.com,New
riversidesalvageokc.com,New
riversideupullit.com,New
riversidewrecking.com,New
rivervalleyrecycling.net,New
rjautorecyclers.com,New
rltruckparts.com,New
rlwheelwright.com,New
rmg.rmginv.com,New
rmlmetals.com,New
rmlstudios.com,New
rmrecyclers.com,New
rmservices.pk,New
rmward.org,New
roadrunnerjunkcar.com,New
roadsidesalvage.com,New
roadwayautoparts.com,New
roanauto.com,New
roar-fosnes.com,New
robbinsautoparts.net,New
robbinsautosalvage.com,New
robertamilia.it,New
roberthallsautosalvage.com,New
robertseifert.com,New
robertsengines.com,New
robertshawdesign.com,New
robertsonautosalvage.com,New
robertsonsusedautoparts.com,New
robertsparts.com,New
robinbatista.com,New
roblins.net,New
robot-forex.biz,New
robustwebservices.com,New
roccosautoparts.com,New
rockandrollautoparts.com,New
rockawayrecycling.com,New
rockcrestgardens.com,New
rockfordautoparts.com,New
rockitopauto.com,New
rockstargames.com,New
rockvilleusedautoparts.com,New
rockwoodautoparts.com,New
rockyautoparts.com,New
rockyhillautoparts.com,New
rockymountainroos.com,New
rodcarrentals.com,New
rodgeroatley.co.uk,New
rodrigomorselli.blog.br,New
rodwayautoparts.com,New
rogersautoparts.com,New
rogersautosales.com,New
rogilliorealestate.com,New
rohnersautoparts.com,New
rohpo.com,New
rolexclone-elio.it,New
rollasalvage.com,New
rollowhately.com,New
romaartmeeting.net,New
rondaautoparts.com,New
ronnieslatemodel.com,New
ronniewells.com,New
ronnvik.v360s.com,New
ronspartsinc.com,New
roopamedia.com,New
ropermotor.com,New
ropho.com,New
rosautoinc.com,New
roseautowrecking.com,New
rosenandbergerauto.com,New
rosettastone.com,New
rosewoodcommercial.net,New
rospromtest.ru,New
rossiautoparts.com,New
rossusedautopartsct.com,New
rossyoungsbarbershop.com,New
roswellwrecking.com,New
rotary.org,New
rotelle.com,New
rothsautowrecking.com,New
round2motorsports.com,New
rousselinsurance.com,New
route12autoparts.com,New
route20autoparts.com,New
route51auto.com,New
route65auto.com,New
route7auto.com,New
roverlandinc.com,New
rowlandautorecycling.com,New
roxburyauto.com,New
roy-yautowrecking.com,New
royalauto.ca,New
royalcaribbean.com,New
royalhometownlimosandevents.com,New
royalusedautoparts.com,New
roymillerautosalvage.com,New
rozauto.com,New
rpmaero.com,New
rpmcarparts.com,New
rpmoflumberton.com,New
rpreynolds.com,New
rpsautoparts.com,New
rpslng.com,New
rrautorecycling.com,New
rrautosalvage.com,New
rrivaenterprises.com,New
rssbandit.org,New
rstroud.com,New
rt14autoparts.com,New
rt43autoparts.com,New
rt57parts.com,New
rte117usedautoparts.net,New
rtsalvage.com,New
rtsl.us,New
rubiconrecycling.co,New
rubinobrothersinc.com,New
rubins.com,New
rudystowingroswell.com,New
ruggieriautoparts.com,New
rugoneimports.com,New
ruidosochristmasjubilee.net,New
rumahjahithaifa.com,New
runfastergear.com.au,New
runionsrecyclinginc.com,New
runningfreeonline.com,New
runnymedetrust.org,New
runthetrailbreaker.com,New
runzerstruckparts.ca,New
rushsautoparts.com,New
russellimports.com,New
russetrivervizslas.com,New
russeuropeanonly.com,New
russianoptics.net,New
rustbullet.com,New
rustyhookautosalvage.com,New
rustynuts14.com,New
rustysautosalvage.com,New
rwhi.us,New
rwsalesandsalvage.com,New
ryanpett.com,New
ryansautoparts.com,New
ryanspickapart.com,New
rzautopartsllc.com,New
rzeszoff-on.pl,New
rzmetal.com,New
s-t-a-r-usedparts.com,New
s.liv4water.org,New
s.newsearchers.com,New
s0.2mdn.net,New
s1-us3.ixquick.com,New
s2-eu4.ixquick.com,New
s9-eu5.ixquick.com,New
sabrinahsart.com,New
saccar.com,New
saccityautoparts.com,New
sacredstickers.com,New
safe.menlosecurity.com,New
safe.search.tools,New
safecircuitsconfigurator.com,New
safehavenlight.com,New
safercar.gov,New
safesearch.ask.com,New
safesearch.net,New
safesearch.raaz.io,New
safetypro4you.com,New
sagehillcapital.com,New
sageza.com,New
sahss.org.za,New
sainatos.com,New
saintsusedcars.com,New
saksici.net,New
salamoyua.com,New
salemusedautoparts.com,New
salidasalvageyard.com,New
salisburyautosalvage.com,New
salisburysalvage.com,New
salitskyalloys.com,New
salsautoparts.com,New
salsexports.com,New
saluteinedilizia.it,New
salvageautosupplies.com,New
salvagebid.com,New
salvagechicantiques.com,New
salvagehunter.net,New
salvagekingautoparts.com,New
salvageoneusedparts.com,New
salvageparts.biz,New
salvagepools.com,New
salvagestylenj.com,New
salvagezone.com,New
salvolett.es,New
sambuccibros.com,New
samerghostine.com,New
sampanpie2.bloggersdelight.dk,New
samsautopartsinc.com,New
samsautosalvage.com,New
samsriverside.com,New
samsung.com,New
samsusedparts.com,New
sanbenedettomontepulciano.it,New
sanbenitoauto.com,New
sandasalvage.com,New
sandesalvage.com,New
sandhautoparts.com,New
sandhillautosalvage.com,New
sandjmotorco.com,New
sandlauto.com,New
sandmautoparts.com,New
sandrajoneshealing.com,New
sandrautotrucksalvage.com,New
sandsautoparts.com,New
sandssalesandservice.com,New
sandssalvage.net,New
sandssalvage.org,New
sandwauto.com,New
sandysauto.com,New
sanfordandsonautoparts.com,New
sanfordautosalvage.com,New
sanjoseusedparts.com,New
sankalaw.com,New
sanluisautosalvage.net,New
sanoonviolinacademy.com,New
santiagosuncanyon.com,New
sarahbutane9.bloggersdelight.dk,New
sarahreecejewellery.com,New
sarasotaacupunctureonline.com,New
sarcham.com,New
sarecycling.com,New
sasonbisolar.com,New
sassautomotive.com,New
satelliteautony.com,New
satterfieldautotrucksalvage.com,New
saturnautosalvage.com,New
saunaspecialist.ca,New
saundersautoparts.com,New
sautopart.com,New
save-onauto.net,New
saveaton.org,New
saveonparts.ca,New
saverichmondbattlefields.org,New
savonautosalvage.com,New
savvychicclothing.com,New
sawmillauto.com,New
sawparts.wix.com,New
saxonburgautoparts.com,New
sayersautowrecking.com,New
sb-securities.com,New
sbep-law.com,New
scadadoctor.com,New
scarboroauto.com,New
scarletlodge.com,New
schaeferauto.com,New
schillingweb.com,New
schimmicksauto.com,New
schmidtsauto.com,New
schnitzersteel.com,New
scholastic.com,New
scholzautoandtruckparts.com,New
schoolmentors.org,New
schoolstreettruck.com,New
schramauto.com,New
schrieverautoparts.com,New
schronceusedparts.com,New
sciclubscarpone-castelletto.com,New
sciencedaily.com,New
sciencedirect.com,New
sciencemag.org,New
sciteqsoft.com,New
scottsautosalvage.com,New
scottsbodyshopandparts.com,New
scottsdalewc.com,New
scottsgaragema.com,New
scottstreetauto.com,New
scottysautoparts.com,New
scpspr.com,New
scrapandtow.com,New
scrapcarnj.com,New
scrapit.us,New
scrapking.ca,New
scrapmiller.com,New
scrapmyjunkcar.com,New
scrapriverside.com,New
scrapy.org,New
script.google.com,New
sdjunkyard.com,New
sdusedparts.com,New
sdvoservices.com,New
se11locksmith.co.uk,New
se12locksmith.co.uk,New
se13locksmith.co.uk,New
seadug.com,New
seakeymodels.com,New
search-dra.dt.dbankcloud.com,New
search-error.com,New
search-help.sprint.com,New
search.1and1.com,New
search.alot.com,New
search.aol.ca,New
search.aol.co.uk,New
search.aol.com,New
search.app-mobile-solutions.com,New
search.ask.com,New
search.avira.net,New
search.babylon.com,New
search.becovi.com,New
search.blekko.com,New
search.brave.com,New
search.carsgenius.com,New
search.centurylink.com,New
search.com,New
search.comcast.net,New
search.disconnect.me,New
search.dnsassist.verizon.net,New
search.domainnotfound.optimum.net,New
search.earthlink.net,New
search.entireweb.com,New
search.excite.com,New
search.fbdownloader.com,New
search.findwide.com,New
search.frontier.com,New
search.gboxapp.com,New
search.genieo.com,New
search.google.com,New
search.gosearch.io,New
search.iminent.com,New
search.juno.com,New
search.lycos.com,New
search.mapquest.com,New
search.mediacomcable.com,New
search.monstercrawler.com,New
search.mysearch.com,New
search.myway.com,New
search.mywebsearch.com,New
search.nation.com,New
search.ozipcompression.com,New
search.pch.com,New
search.protectedio.com,New
search.sidecubes.com,New
search.sidewalk.com,New
search.slimbrowser.org,New
search.smartshopping.com,New
search.snapdo.com,New
search.socialdownloadr.com,New
search.suddenlink.net,New
search.tb.ask.com,New
search.thegobrowser.com,New
search.thunderstone.com,New
search.twcc.com,New
search.us.com,New
search.visymo.com,New
search.whiteskyservices.com,New
search.wow.com,New
search.xfinity.com,New
search.xtconnect.com,New
search.yahoo.co.jp,New
search.yahoo.com,New
search.zonealarm.com,New
search2.staging.xfinity.com,New
searchall.com,New
searchandnews.com,New
searchassist.net,New
searchassist.verizon.com,New
searchencrypt.com,New
searches.safehomepage.com,New
searches.vi-view.com,New
searchfunmoods.com,New
searchguide.level3.com,New
searchguide.tds.net,New
searchguide.windstream.net,New
searchincognito.com,New
searchingballardhomes.com,New
searchlock.com,New
searchmobileonline.com,New
searchnewshighlights.com,New
searchparts.com,New
searchprivacy.co,New
searchresults.verizon.com,New
searchsafe.co,New
searchshield.co,New
searchthis.com,New
sears.com,New
searx.ru,New
searx.solusar.de,New
seasky.org,New
sebringohio.net,New
secondspinautoparts.com,New
secretstoryshop.com,New
secureofficemovers.com,New
securesearch.co,New
sedleyauto.ca,New
seek.gosrch.co,New
seek.theweb.com,New
seekautoparts.com,New
sega.com,New
seguridadcenturion.cl,New
select-part.com,New
selectautopartsfl.com,New
selectautopartsmilwaukee.com,New
selecteuropean.com,New
selfas.com,New
selfserveparts.com,New
selfstudythai.com,New
selldamagedcars.com,New
sellgh.com,New
selljunkcarcolumbus.com,New
sellscrap.com,New
sellyourclunker.com,New
semanticjuice.com,New
semnmiracleleague.com,New
semperfifirearms.net,New
semperlaser.com,New
semrush.com,New
sendearnings.com,New
seniorsabouttown.com,New
sentrysalvage.com,New
seo-url.tk,New
seotrucos.net,New
seoulup.com,New
serch.it,New
serenitylilimarleen.com,New
serpukhov.xxxrus.org,New
serrurier-pas-cher.net,New
servicereproduction.com,New
servicetitan.com,New
sevanautoparts.com,New
sevasearch.org,New
sevennorthmall.com,New
sevenseasauto.com,New
seventhavenueauto.com,New
sewingmachin.es,New
sexhd.tv,New
sextonsautoparts.com,New
seycsa.com,New
seymourauto.com,New
sfa-pump.ru,New
sfaonline.org,New
sficompliance.com,New
sfr.fr,New
sfu.ca,New
sg.search.yahoo.com,New
sgi.as,New
sgi.sk.ca,New
sginfonet.com,New
sgmasonry.com,New
sgt-scrap.com,New
sh-ritterschaft.de,New
shadesiren.com,New
shadesoftexas.com,New
shadowtrailers.com,New
shadysideschool.org,New
shamelautoparts.com,New
shanafeltautoco.com,New
shangadesigns.com,New
sharonauto.com,New
sharpesautosalvage.ca,New
shawautoparts.com,New
shawsauto.com,New
shcheben.biz,New
shdauto.com,New
shedroadautoparts.com,New
sheelachari.com,New
sheerseo.com,New
sheilajministries.com,New
shelby.im,New
shelbyautosalvage.com,New
shelbyvilleauto.com,New
sheldonsusedautoparts.com,New
shenandoahautoparts.com,New
shenautosal.com,New
shepherdauto.net,New
shepherdsautosalvage.com,New
sheridanautopartsinc.com,New
sherpakonsult.com,New
sherrillsauto2.com,New
sherwoodsautoparts.com,New
shilohsauces.com,New
shilohumcmidstate.org,New
shinysearch.com,New
shiotsu-used-car.com,New
shipmanauto.com,New
shippingklubbenaalesund.com,New
shlepjunk.com,New
shnette.com,New
shock-eyewear.co.uk,New
shocks-coilovers.com,New
shop.lakecityhonda.com,New
shop.reefculture.co.uk,New
shopgardenclub.org,New
shoplocalinverness.com,New
shopmaybay.ru,New
shopused.com,New
shorelineauto.net,New
shorepoint.com,New
shoreshapers.com,New
shortit.info,New
shortsalvage.com,New
shortysautoparts.com,New
showerrods.com,New
showmelocal.com,New
shreetirupaticourier.net,New
shroyerautoparts.com,New
shrumauto.com,New
shtowing.com,New
shufu8.tk,New
shutterstock.com,New
si-micro.com,New
sibumsautoparts.com,New
sideporkfest.com,New
sidsautoparts.com,New
sierraautodismantling-sanluisobispocounty.com,New
sierraautorecycling.com,New
sierratruckandauto.com,New
sievekingplasticsurgery.com,New
siewcp.com,New
siglospg.com,New
sigmacusa.com,New
sigmundautowreckers.com,New
signals.pro,New
signquick.com,New
signsbybennett.com,New
siljenergaard.com,New
silversautopartsmaine.com,New
silverstarautowrecking.com,New
silvertransport.co.uk,New
simmonsautoparts.com,New
simms-davies.co.uk,New
simonlittle.co.uk,New
simonwalton.me,New
simplepie.org,New
simplybirth.co.uk,New
simplycars.org,New
simplychristians.com,New
simplyhired.com,New
simpsonsinc.net,New
simpsonsusedparts.com,New
sims-game.com,New
simsmm.com,New
singerspace.com,New
singodia.org,New
sintmetpieten.nl,New
sintraer.com,New
siouxcityfence.com,New
sippysure.com,New
sirenshockey.com,New
sirsaled.com,New
sistersofmercy.org,New
siteexplorer.info,New
sites.google.com,New
sittonwebdevelopment.com,New
sixinchfetish.com,New
sjbodyfit.com,New
sjdlschool.com,New
skillshare.com,New
skindition.ca,New
skinessentialsco.com,New
skins4mine.ru,New
skipsdeluxe.com,New
skracing.co.uk,New
skylinedesigncenter.com,New
skyliners.us,New
skywayautoparts.com,New
slamsportsacademy.com,New
slapmyagent.com,New
slashdot.org,New
slatevalleyautomotive.com,New
slbodyshop.com,New
slcycle.com,New
slejpner.com,New
slidegood.com,New
slides.com,New
slinkjewellery.com,New
slipondancers.com,New
slipperyrocksportswear.com,New
smallrestaurantspecialist.com,New
smart-halyava.com,New
smart74.com,New
smarter.com,New
smartmilesusa.com,New
smartstartinc.com,New
smartwebservices.co,New
smercengineering.com,New
smimportauto.com,New
smirnoffcar.it,New
smisites.com,New
smithauto-truck.com,New
smithautoinc.com,New
smithautoparts.com,New
smithautorecycling.com,New
smithautosalvagetx.com,New
smithgarner.com,New
smithparts.com,New
smithstristate.com,New
smithvilleauto.com,New
smittysautoparts.com,New
smittysautosalvage.com,New
smittysfinewine.com,New
smittysinc.webs.com,New
smittyssalvage.com,New
smoke-screenz.com,New
smorcycles.com,New
smstech.com.au,New
smugglerscoveislamorada.com,New
snalscaserta.it,New
snapcatcher.co.za,New
snapconstruction.com,New
snapfitness.com,New
snapshotsevents.com,New
snarrdogpolice.com,New
snirtstopper.com,New
snowdragons.at,New
snowstarskiteam.com,New
snrs.jp,New
snyders-autobody.com,New
snydersalvage.com,New
soasadesigns.com,New
socalmercedesparts.com,New
sociedadesonline.com,New
socksloverub.com,New
sofia-rose-agapi.com,New
sofienberg.as,New
soflautoparts.com,New
softballpitchingtools.com,New
softrakgreens.com,New
software.schmorp.de,New
softwarelogisticamagazzino.it,New
softwaresecure.com,New
sogou.com,New
sohu.com,New
solariahomes.it,New
sololift-grundfos.ru,New
solomonmetals.com,New
solutionsautoparts.com,New
sommers-autowrecking.com,New
song5.ru,New
songsbylena.com,New
sonnysautosalvage.com,New
sonorita.it,New
sony.com,New
sophiaparpia.com,New
sophrologie-quimperle.fr,New
sorensentowing.net,New
sorrelsautoandtruck.com,New
sortasouthern.com,New
sos81.it,New
sosomao.ouzhe.com,New
sosweetcandybuffet.com,New
sothernvovo.com,New
sottilesauto.com,New
soulblu.com,New
soulchartsandtreasures.com,New
soumissionfondation.com,New
sourceonets.com,New
southardsalvage.com,New
southathensanimalclinic.com,New
southbountifulauto.com,New
southcoastautowrecking.com,New
southeastny.com,New
southelmonteautosalvage.com,New
southernautopart.com,New
southernautoparts.net,New
southernautorecycling.com,New
southerndutchman.com,New
southernimportparts.com,New
southernimportspecialist.com,New
southernlegends.net,New
southernscrapinc.com,New
southernusedautoparts.com,New
southernvovo.com,New
southfieldsalvageyard.com,New
southhialeah.com,New
southhighautowrecking.net,New
southislandimports.ca,New
southlandtrkcenter.com,New
southlawnautoparts.com,New
southsideautosalvage.net,New
southsideautowreckers.com,New
southsidesalvagehuntsville.com,New
southsideusedparts.com,New
southstateautopartsnj.com,New
southtexascathlab.com,New
southwest.com,New
southwestauto.net,New
southwestautorecycling.com,New
southwestautoth.com,New
southwindsorautoparts.com,New
sovaautoparts.com,New
sowchillies.co.uk,New
spacegnoise.com,New
spadaforaautoparts.com,New
spaldings.com,New
spanishfly7aug.260mb.net,New
spap.us,New
spartanautoworx.com,New
spatztennis.com,New
spb-velo.ru,New
spb.onlinebay.ru,New
spbharill.com,New
speakingsounddoctrine.com,New
specialautomotiveservices.com,New
specialinteresttowing.com,New
specialisedparts.com,New
specialistparts.com,New
specializedgerman.com,New
specializedhyundaiparts.com,New
specializedpartsplanet.com,New
specialtyautoparts.net,New
speedieauto.com,New
speedtestgizmo.com,New
speedway.ws,New
speedwayap.com,New
speedwayautopartsmedford.com,New
speedwayautowreckers.com,New
speedwayrecyclers.com,New
speedwaytruckautosalvage.com,New
speedyautoremoval.com,New
speedysusedparts.com,New
spencerautosalvage.com.50megs.com,New
spencerinsurance.co.uk,New
sperryauto.com,New
spikesjunkyarddogs.com,New
spilmanauto.com,New
spinreact.com.mx,New
spirit.com,New
spiritsconnect.com,New
spitzautoparts.com,New
spiveyautosalvage.com,New
spj-dvds.co.uk,New
spmguardians.org,New
spoofrod.com,New
spookhollowautowreckers.com,New
sporg.ru,New
sport-komplekt.ru,New
sportsandimport.com,New
sportscarsalvage.us,New
sportsimports.biz,New
sportstoday.lk,New
spotify.com,New
spraymarketing.com,New
springautowreckers.com,New
springer.com,New
springhillsautowrecking.com,New
sproutsparts.com,New
spuzzle.com,New
spy-sts.com,New
spy.toolszam.co,New
spyfu.com,New
square-enix.com,New
squaredealautoparts.com,New
squires-cafe.co.uk,New
srchcoupons.com,New
srchsales.com,New
srsairbagsinc.com,New
ssautosalvage.com,New
sscgwebsites.com,New
ssironmetal.com,New
ssjphila.org,New
sspparts.com,New
staceyraval.com,New
stackoverflow.com,New
stadiumautoparts.com,New
stadiumautowreckers.com,New
stadlersspacioussands.com,New
staffords-auto-parts.com,New
staffordsautoparts.com,New
staffordupvcwindows.co.uk,New
staggsautoparts.com,New
stahlzart.de,New
stairliftsguide.com,New
stalphege-preschool.org.uk,New
stammler.com.br,New
standardap.net,New
standardautoinc.com,New
standardautorecycling.com,New
standardautowreckers.com,New
standardusedautoparts.com,New
standridgeauto.com,New
stanleyonbible.com,New
stanlin.com,New
stansautowreckage.com,New
stanselmsofshoreham.org,New
starautowreckers.com,New
starcityauto.com,New
starkeyauto.com,New
start.att.net,New
start.facemoods.com,New
start.funmoods.com,New
start.iminent.com,New
start.localnet.com,New
start.me,New
start.toshiba.com,New
startpage.com,New
startupbuenosaires.com,New
startupwebsolutions.com.au,New
starzautosalesandsalvage.com,New
stateelectronicschallenge.net,New
statefairautoparts.com,New
statelineautoparts.net,New
statewideautorecycling.com,New
statics.teams.cdn.office.net,New
stauntonwrecking.com,New
stavefallsautowrecking.com,New
stayinsafe.com,New
staysun.ru,New
stbernardauto.com,New
stcloudautowrecking.com,New
stcroixautoparts.com,New
stcroixvalleycorvettes.com,New
ste-claire.com,New
steampowered.com,New
steamslingers.com,New
steamysounds.co.uk,New
stearnscompanies.com,New
stearnsparts.com,New
stedmundswestlancs.co.uk,New
steel-head.com,New
steelbrousa.com,New
steelteamconstruction.co.uk,New
stegbertcatholicschool.org,New
steinersautoparts.com,New
stellarsauce.com,New
stende.com,New
step2003.it,New
stephanieschecter.com,New
stephasautosalvage.com,New
stephen-ramos.com,New
stephenrockey.co.uk,New
stephenselke.ca,New
steppsautoandtrucksalvage.com,New
stereofone.de,New
sterlingsautomotive.com,New
stevensusedautoparts.com,New
stevesautoinc.com,New
stevewitman.com,New
stewartsautoparts.com,New
stfrancisauto.wix.com,New
stfrancisautopartsmn.com,New
stjamesauto.com,New
stjamesautoparts.com,New
stjamescbc.org,New
stlouismomls.info,New
stmaryss.com,New
stmichaelsabbey.com,New
stoautoparts.com,New
stockleytrucking.com,New
stocktonauto.com,New
stonecrushingplants.com,New
stoneforest.net,New
stonelandltd.com,New
stoneycreekauto.com,New
stoneysautosalvage.com,New
stopbrakedust.com,New
stopworkerabuse.org,New
storageunlimitedgreenville.com,New
store.com,New
stores.advanceautoparts.com,New
stores.shop.ebay.com,New
storiesretold.com,New
storm-support.com,New
stormchaser.ca,New
stoutpestcontrol.com,New
stoystownauto.com,New
stoystownauto.net,New
stppjkobllnn.com,New
strachanlaw.com,New
straighttalk.xtconnect.com,New
strandbergauto.com,New
stratfordplacebr.com,New
stratospherejet.com,New
straussautomotive.com,New
strawberrymotorco.com,New
streamlineautoparts.net,New
strickerbros.com,New
strictlygermanonline.com,New
stropssalvage.com,New
stroseoflimaparish.net,New
stuckmansalvageinc.com,New
studio28tattoosnyc.com,New
studioassociatopratesi.it,New
studiobrescia.it,New
studiodefeo.it,New
studiomixxaz.com,New
studiomorosini41.it,New
studiomvd.it,New
studioservida.it,New
studiosevenartists.com,New
studyoaskin.com,New
stupsauto.com,New
sturtevantauto.com,New
stutesmunautosalvage.com,New
subaruautorecycling.com,New
subarupartsused.com,New
suburbanwheelcover.com,New
subway.com,New
subwaytruckparts.com,New
succulentplantershop.com,New
suche.gmx.net,New
sucuri.net,New
sudburygladiators.com,New
suesalves.com,New
suffolklaw.com,New
suffolkusedautoparts.com,New
sughaisacp.com,New
suimin.ni2.biz,New
suivi-gps.dmic.fr,New
sulasogelag.org,New
summerscre.com,New
sunandmoonmktg.com,New
sunautosalvage.com,New
sunbowbio.com,New
sunflowerstrategies.com,New
sunlightautoparts.com,New
sunline-chase.com,New
sunnydaystherapy.com,New
sunriseforeignautoparts.com,New
sunrisenissan.net,New
sunroofs4u.com,New
sunsetbeachautoparts.com,New
sunsetcurve.com,New
sunsetgrilldoorcounty.com,New
sunshineautopartstx.com,New
sunshineautosalvage.com,New
sunshinepools.co,New
supercell.com,New
superfi.es,New
superiorautopartsandrepair.com,New
superiorautosalvage.com,New
superiormotorsales.net,New
superlauto.com,New
supermach.com,New
supernotizie.it,New
superrupair.com,New
supersecurepack.com,New
support.addthis.com,New
support.embed.ly,New
support.google.com,New
supportmymoto.com,New
surfcanyon.com,New
surfmetal.us,New
surfwithus.co.uk,New
surrey-foot-health.co.uk,New
susanashaw.co.uk,New
susanminerinteriordesigns.com,New
sushi-katana.com,New
suspension-grob.com,New
susqweb.com,New
sutton-sports.co.uk,New
suttyssalvage.com,New
suvtruckparts.com,New
suwanneesalvage.com,New
suzannebelair.com,New
suzukicarparts.com,New
sv.search.yahoo.com,New
sv21.wadax.ne.jp,New
svdpck.org,New
sviluppoappmobile.it,New
svlimos.com,New
svsturkiye.com,New
sw4locksmith.co.uk,New
sw5locksmith.co.uk,New
sw8locksmith.co.uk,New
sw9locksmith.co.uk,New
swagbucks.com,New
swampfoxparts.com,New
swampsauto.com,New
swanderfulmusic.com,New
swaynesfirs.co.uk,New
sweetooth0.com,New
swforeignautoparts.com,New
swiggy.com,New
swimmingplanet.com,New
swingthruna.com,New
swisscows.com,New
swisstuerk.ch,New
swvaelk.com,New
sycffc.com,New
sydseastsideauto.com,New
symbionyx.com,New
symphonysoftware.com,New
synaptic-sdlc.com,New
synthroidpill.fora.pl,New
systematicgroup.com,New
syteshirt.com,New
szao-portal.ru,New
szukaj.wp.pl,New
t-5.biz,New
t-jib.com,New
t-nt.pw,New
t.co,New
t3-photo.com,New
taarcom.com,New
tacticainnovacion.com,New
taeusedautopartsfl.com,New
tahliacott.com,New
taihouse.ru,New
tailgunneroptics.com,New
take5moment.com,New
takejunk.com,New
takethehelmnyc.com,New
talentedteens.com,New
taleroauto.com,New
talewskys.com,New
talismansolutions.com,New
tallantbrosautoparts.com,New
tamartedesign.com,New
tammysautomotive.com,New
tamontap.com,New
tamworthflorist.com.au,New
tandeautowreckers.com,New
tandemandstark.com,New
tandfonline.com,New
tandgscrapmetal.com,New
tandjsalvage.com,New
tandsautorecycling.com,New
tandtcarbide.com,New
tanfoam.com,New
tanzaniaexplored.com,New
tapatioautoparts.com,New
tapnaples.com,New
taprecycling.net,New
tapusedparts.com,New
target.com,New
targetautowrecking.com,New
targetusedparts.com,New
tarheelautoparts.com,New
tarnc.com,New
tarocchidellamore.biz,New
tasteofclarkesville.com,New
tateservicecenter.com,New
tatkoauto.com,New
tavolietavoli.net,New
taxbloom.com,New
taxnetwealth.com,New
taylormotor.net,New
taylorsauto.com,New
tbforegon.com,New
tccdoitright.net,New
tcitransportation.com,New
tcoopertotalfitness.com,New
teachmeenglishmrevan.com,New
teakita.com,New
teamauto.mb.ca,New
teamingenieria.com,New
teaminternational.net,New
teammojofoundation.org,New
teampursuits.com,New
teamworxinc.org,New
tearaparts.com,New
tec-copier.com,New
techcrunch.com,New
technopet.co.za,New
tecnoservicenapoli.com,New
tecspb.ru,New
teddybearsusedparts.com,New
tedrowauto.com,New
tedsautosalvage.net,New
tedspawn.com,New
tedxparkcity.org,New
tekcellence.com,New
tele-target.net,New
telephoneactivity.com,New
telfordchristiancouncil.co.uk,New
telkoinc.com,New
tema-x.com,New
temeculahistoricalsociety.org,New
tenacresinc.com,New
tenaflyautoparts.com,New
tendedilauro.it,New
tendenzid.net,New
tenderimpulse.com,New
tendevela.it,New
tenerifeislandrentals.com,New
tennesseeautosalvage.com,New
tentauto23.ru,New
teoma.us,New
teplitzmetalpro.com,New
tepukeceramics.co.nz,New
tequilabargrill.com,New
terrilisa.com,New
terrysautoparts.com,New
terryvilleauto.com,New
tessmall.com,New
tessners.com,New
test.co.kr,New
testimonioscristianos.net,New
tetcos.com,New
texasautorecyclers.com,New
texasautosalvage.com,New
texascommem.com,New
texasdefensivecourse.com,New
texasindependencewinetrail.com,New
texasrunningofthebulls.com,New
tf.xtconnect.com,New
tf.xtopoly.com,New
tganasc.org,New
tgautomotive.com,New
th.ly,New
thaiwinter.com,New
thatbrand.net,New
thatsmybabyultrasound.com,New
the24karatclub.org,New
the5m.com,New
theautismquilt.org,New
theautochannel.com,New
theautoglassinstalled.com,New
theautoparts.info,New
theautoworks.com,New
thebabycorner.be,New
thebiblepen.com,New
thebicu.com,New
thebikeshopict.com,New
thebobdutkoblog.com,New
theborgfirm.com,New
thebourbonlodge.com,New
thebvautoschool.com,New
thecapeonline.com,New
theclunkerjunker.com,New
thecreativeedgeaveda.com,New
thecultofscottbakula.com,New
thedailyhomepages.com,New
thedailyoutsource.com,New
thedayspaw.com,New
thededdaveshow.com,New
thedelkband.com,New
thedogdiditbook.com,New
theelauto.com,New
thefathersstorehouse.com,New
thefinniest.com,New
theflagshiptexas.com,New
thefourseasonswayoflife.com,New
theftsandwrecks.com,New
thegarlicunderground.com,New
thegolf-hotel.com,New
thegourdstudio.com,New
thegrandconspiracy.com,New
thegrumpyoldlimey.com,New
theguardian.com,New
thehatranch.org,New
thehealthyyouprogram.com,New
thehistorychannel.agarangemaster.com,New
thehubcapdepot.com,New
thehuntersupplystore.com,New
theinventorsdepot.com,New
thejamesgrouptx.com,New
thejourneyhouse.org,New
thejunkyard.ca,New
thekeypeople.com,New
thekronicles.com,New
thelakesassociation.com,New
thelearningpoint.co.za,New
thelemonadesite.com,New
thelexusking.com,New
thelocavorechef.com,New
themeingsolutions.com,New
themetalfarm.com,New
themetalgiant.com,New
themetalroofguys.com,New
themobileturtle.com,New
themusicshoppeindiana.com,New
thenewcountryautoparts.com,New
thenopalgroup.com,New
theohioexpress.com,New
theparishgroup.net,New
thepartnersgallery.com,New
thepartsdept.com,New
thepccure.net,New
thepelicanusa.com,New
thepenguys.net,New
theplantschoice.com,New
theplatinumtraveler.com,New
theportholegallery.co.uk,New
thepreposterousostrich.com,New
thepruittcompany.com,New
thequantumcorp.com,New
therapeuticprofessionals.com,New
therapyatplay.com,New
thereadup.ca,New
thereadycompany.com,New
theremanguy.com,New
theresiliencyinstitute.com,New
theriderslounge.com,New
therightsourceinc.com,New
thermalmate.co.za,New
thermodyneboilers.com,New
therocketburger.com,New
theroverspot.com,New
thesalvagecenter.com,New
thescoopdog.com,New
thesearchforweb.com,New
theshopofag.com,New
thesmartsearch.net,New
thestarz.biz,New
thestraightway.org,New
theswcl.org,New
thetimes.co.uk,New
thetmba.com,New
thetradedesk.com,New
theultimateshave.net,New
theurbanmerchant.com,New
theusualsuspectsband.net,New
thevapequeen.com,New
theverge.com,New
thewildlifesanctuary.com,New
theworkshop-ad.com,New
thisandthatauto.com,New
thisoldhouse.com,New
thoitrangxitin.net,New
thomasmotorsandsalvage.com,New
thompsonautosalvage.com,New
thompsonautotruck.com,New
thompsonautowrecking.com,New
thoroldauto.com,New
thorpeauto.ca,New
threekingsgroundskeeping.com,New
threesunbeams.com,New
thrivelifehomestore.com,New
throwernationnj.com,New
thruwaypa.com,New
tiamiajewelry.com,New
tickledpinkforacure.org,New
ticoeurpieces.com,New
tidung.com,New
tiemponeto.com,New
tigerautosalvagellc.com,New
tikitimetee.com,New
tilghmansautoparts.com,New
timberlinelax.com,New
timbesautosalvage.com,New
timbukthree4wd.com,New
timesharelending.net,New
timetanks.org,New
timfurness.com,New
timgreatbatch.com,New
timmsautosalvage.com,New
timosautosales.com,New
timothygstockman.com,New
timpsontrading.com,New
timsautoparts.com,New
timsautosalvageonline.com,New
tinatheaud.net,New
tinhocthanhlong.com,New
tinnitushelp.info,New
tinysatlanticrow.com,New
tipz.io,New
tislersalvage.com,New
tissuscauchois.com,New
titanaw.com,New
titaniumaz.com,New
titaporcelain.com,New
tito-urias.com,New
tjsauto.net,New
tjse7en.net,New
tlcunit.com,New
tlhnewbeginnings.org,New
tls.smartsousou.com,New
tlsautorecycling.com,New
tmg.nu,New
tmhconstruction.net,New
tnij.lagata.pl,New
tnimportsautosalvage.com,New
tnjice.com,New
tntautocenteraz.com,New
tntautoparts.org,New
tntrockit.net,New
tntscrap.com,New
tntsmogcheck.com,New
to.ly,New
to2ko.ru,New
toast-ed.com,New
toastedtoadcellars.com,New
toastofnaples.com,New
tobiasgroup.com,New
toddmacdonaldmusic.com,New
toddswreckedcars.com,New
todiscotowing.com,New
toffeeart.co.uk,New
toko1688.com,New
tokopedia.com,New
tolbertenterprisesinc.com,New
toledoautopart.com,New
toledotowingco.com,New
tollgateauto.com,New
tolpas.com,New
tomarmbruster.com,New
tomdany.com,New
tomnowicki.info,New
tompkinsvilleautosalvage.com,New
tomprogramming.com,New
tomsautoparts.com,New
tomscarparts.com,New
tomsford.com,New
tomsforeign.com,New
tomsparts.net,New
tomsusedautoparts.com,New
tonsbergibk.com,New
tonted.com,New
tonysautopart.com,New
tonysautosalvage.com,New
tonysusedparts.com,New
toolbarqueries.google.es,New
tools14.bluechipbacklinks.com,New
top.allresultsweb.com,New
top.faqtoids.com,New
top.results.vip,New
top.theresultsengine.com,New
top10answers.com,New
topbrassbuildingservices.com,New
topcashforjunkcars.com,New
topcoat-llc.com,New
topnotchdealz.net,New
topnotchservicecenter.com,New
topplerbowl.com,New
topshelfclosets.com,New
topsoftwarecompanies.co,New
toptal.com,New
toptenengine.com,New
toptrowelmasonry.com,New
topwaitstaff.com,New
torabigroup.com,New
torgersonswrecking.com,New
torontofrenchmontessori.com,New
torovoiceover.com,New
torquayhoteloffers.co.uk,New
torulabags.com,New
total.xtconnect.com,New
totaladvisors.com.my,New
totallawncareoflf.com,New
totallendersolutions.com,New
totokidogo.com,New
toughwareprx.com,New
touseef.com,New
towandsalvage.com,New
towingnearyou.com,New
towingservicenewyork.com,New
towjunkcarsforcash.com,New
towmasters-parts.com,New
townandcountryautoandtruckparts.com,New
toyautomart1.com,New
toyokingsusedparts.com,New
toyopartsonly.com,New
toyotaofelcajon.com,New
toyotarecycling.com,New
toyotasalvage.com,New
toyotaworldautowrecking.com,New
toytruckscalifornia.com,New
tracfone.xtconnect.com,New
tracfone.xtopoly.com,New
traciecakesdsm.com,New
tracyauto.com,New
tracymckithernphotography.com,New
trade1064.car-part.com,New
trade1208.car-part.com,New
trade1368.car-part.com,New
trade1540.lkqcorp.com,New
trade1541.lkqcorp.com,New
trade1543.lkqcorp.com,New
trade1545.lkqcorp.com,New
trade1546.lkqcorp.com,New
trade1547.lkqcorp.com,New
trade1550.lkqcorp.com,New
trade1551.lkqcorp.com,New
trade1552.lkqcorp.com,New
trade1554.lkqcorp.com,New
trade1555.lkqcorp.com,New
trade1556.lkqcorp.com,New
trade1558.lkqcorp.com,New
trade1559.lkqcorp.com,New
trade1562.lkqcorp.com,New
trade1564.lkqcorp.com,New
trade1565.lkqcorp.com,New
trade1569.lkqcorp.com,New
trade1570.lkqcorp.com,New
trade1571.lkqcorp.com,New
trade1575.lkqcorp.com,New
trade1576.lkqcorp.com,New
trade1577.lkqcorp.com,New
trade1583.lkqcorp.com,New
trade1586.lkqcorp.com,New
trade1588.lkqcorp.com,New
trade1589.lkqcorp.com,New
trade1591.lkqcorp.com,New
trade2184.car-part.com,New
trade2302.car-part.com,New
trade2320.car-part.com,New
trade2367.car-part.com,New
trade2510.car-part.com,New
trade2597.car-part.com,New
trade2598.car-part.com,New
trade2599.car-part.com,New
trade2604.car-part.com,New
trade2605.car-part.com,New
trade2977.lkqcorp.com,New
trade3200.car-part.com,New
trade3291.car-part.com,New
trade3466.car-part.com,New
trade3549.car-part.com,New
trade3677.car-part.com,New
trade3682.car-part.com,New
trade3744.car-part.com,New
trade3752.car-part.com,New
trade3780.car-part.com,New
trade3844.car-part.com,New
trade3888.car-part.com,New
trade4007.car-part.com,New
trade4039.car-part.com,New
trade4054.car-part.com,New
trade4244.car-part.com,New
trade4248.car-part.com,New
trade4249.car-part.com,New
trade4322.car-part.com,New
trade4348.car-part.com,New
trade4412.car-part.com,New
trade4428.car-part.com,New
trade4438.car-part.com,New
trade4446.car-part.com,New
trade4500.lkqcorp.com,New
trade4504.lkqcorp.com,New
trade4506.lkqcorp.com,New
trade4507.lkqcorp.com,New
trade4515.lkqcorp.com,New
trade4516.lkqcorp.com,New
trade4527.lkqcorp.com,New
trade4536.lkqcorp.com,New
trade4537.lkqcorp.com,New
trade4539.lkqcorp.com,New
trade4542.lkqcorp.com,New
trade4545.lkqcorp.com,New
trade4547.lkqcorp.com,New
trade4551.lkqcorp.com,New
trade4552.lkqcorp.com,New
trade4553.lkqcorp.com,New
trade4561.lkqcorp.com,New
trade4570.lkqcorp.com,New
trade4575.lkqcorp.com,New
trade4587.lkqcorp.com,New
trade4588.lkqcorp.com,New
trade4596.lkqcorp.com,New
trade4598.lkqcorp.com,New
trade4599.lkqcorp.com,New
trade4784.car-part.com,New
trade4788.car-part.com,New
trade4832.car-part.com,New
trade4862.car-part.com,New
trade4910.car-part.com,New
trade4922.car-part.com,New
trade4947.car-part.com,New
trade5000.car-part.com,New
trade5008.car-part.com,New
trade5045.car-part.com,New
trade5061.car-part.com,New
trade5231.car-part.com,New
trade5262.car-part.com,New
trade5335.car-part.com,New
trade5340.car-part.com,New
trade5361.car-part.com,New
trade5371.car-part.com,New
trade5486.car-part.com,New
trade5532.car-part.com,New
trade5567.car-part.com,New
trade5609.car-part.com,New
trade5667.car-part.com,New
trade5802.car-part.com,New
trade5828.car-part.com,New
trade5830.car-part.com,New
trade5852.car-part.com,New
trade5955.car-part.com,New
trade6027.car-part.com,New
trade6038.car-part.com,New
trade6060.car-part.com,New
trade6068.car-part.com,New
trade6069.car-part.com,New
trade6072.car-part.com,New
trade6089.car-part.com,New
trade6185.car-part.com,New
trade6204.car-part.com,New
trade6250.car-part.com,New
trade6263.car-part.com,New
trade6281.car-part.com,New
trade6299.car-part.com,New
trade6310.car-part.com,New
trade6338.car-part.com,New
trade6370.car-part.com,New
trade6374.car-part.com,New
trade6474.car-part.com,New
trade6512.car-part.com,New
trade6573.car-part.com,New
trade6582.car-part.com,New
trade6702.car-part.com,New
trade6761.car-part.com,New
trade6819.car-part.com,New
trade6902.car-part.com,New
trade6909.car-part.com,New
trade6912.car-part.com,New
trade6922.car-part.com,New
trade6940.car-part.com,New
trade6949.car-part.com,New
trade6971.car-part.com,New
trade7023.car-part.com,New
trade7035.car-part.com,New
trade7048.car-part.com,New
trade7070.car-part.com,New
trade7074.car-part.com,New
trade7197.car-part.com,New
trade7206.car-part.com,New
trade7216.car-part.com,New
trade7231.car-part.com,New
trade7246.car-part.com,New
trade7247.car-part.com,New
trade7263.car-part.com,New
trade7278.car-part.com,New
trade7280.car-part.com,New
trade7283.car-part.com,New
trade7288.car-part.com,New
trade7294.car-part.com,New
trade7296.car-part.com,New
trade7299.car-part.com,New
trade7306.car-part.com,New
trade7459.lkqcorp.com,New
trade7460.lkqcorp.com,New
trade7463.lkqcorp.com,New
trade7464.lkqcorp.com,New
trade7467.lkqcorp.com,New
trade7468.lkqcorp.com,New
trade7469.lkqcorp.com,New
trade7480.lkqcorp.com,New
trade7481.lkqcorp.com,New
trade7482.lkqcorp.com,New
trade7484.lkqcorp.com,New
trade7486.lkqcorp.com,New
trade7489.lkqcorp.com,New
trade7490.lkqcorp.com,New
trade7492.lkqcorp.com,New
trade7493.lkqcorp.com,New
trade7494.lkqcorp.com,New
trade7495.lkqcorp.com,New
trade7499.lkqcorp.com,New
trade7501.lkqcorp.com,New
trade7502.lkqcorp.com,New
trade7503.lkqcorp.com,New
trade7506.lkqcorp.com,New
trade7507.lkqcorp.com,New
trade7508.lkqcorp.com,New
trade7509.lkqcorp.com,New
trade7510.lkqcorp.com,New
trade7578.car-part.com,New
trade7588.car-part.com,New
trade7609.car-part.com,New
trade7617.car-part.com,New
trade7619.car-part.com,New
trade7621.car-part.com,New
trade7664.car-part.com,New
trade7665.car-part.com,New
trade7669.car-part.com,New
trade7676.car-part.com,New
trade7698.car-part.com,New
trade7749.car-part.com,New
trade7802.car-part.com,New
trade7818.car-part.com,New
trade7864.car-part.com,New
trade7916.car-part.com,New
trade7963.car-part-im.com,New
trade7971.car-part.com,New
trade8114.car-part.com,New
trade8139.car-part.com,New
trade8197.car-part.com,New
trade8209.car-part.com,New
trade8210.car-part.com,New
trade8249.car-part.com,New
trade8261.car-part.com,New
trade8284.car-part.com,New
trade8370.car-part.com,New
trade8380.car-part.com,New
trade8381.car-part.com,New
trade8442.car-part.com,New
trade8472.car-part.com,New
trade8477.car-part.com,New
trade8610.car-part.com,New
trade8615.car-part.com,New
trade8656.car-part.com,New
trade8680.car-part.com,New
trade8763.car-part.com,New
trade8771.car-part.com,New
trade8831.car-part.com,New
trade8890.car-part.com,New
trade8913.car-part.com,New
trade8944.car-part.com,New
trade8964.car-part.com,New
trade8979.car-part.com,New
trade8986.car-part.com,New
trade8995.car-part.com,New
trade9008.car-part.com,New
trade9034.car-part.com,New
trade9073.car-part.com,New
trade9091.car-part.com,New
trade9093.car-part.com,New
trade9157.car-part.com,New
trade9159.car-part.com,New
trade9191.car-part.com,New
trade9301.car-part.com,New
trade9364.car-part.com,New
trade9467.car-part.com,New
tradecenterauto.com,New
trademark-models.com,New
tradingusedautoparts.com,New
trailcam411.com,New
trailsendauto.com,New
tramzhotels.com,New
tranautoparts.com,New
tranmerehomebrewcentre.co.uk,New
transcendentone.com,New
translate.google.ca,New
translate.googleusercontent.com,New
transtarautosalvage.com,New
transwestauto.com,New
transwestautoparts.com,New
trappersautoparts.com,New
trash-can-willys.com,New
travaux-publics-setrap-17.com,New
travel.savings.org,New
travelmagthailand.com,New
travelocity.com,New
traversauto.com,New
trctrs.com,New
trdusa.com,New
treesranch4x4.com,New
treesunlimitedtwo.com,New
trek.es,New
trekallor.com,New
trentonautosalvage.net,New
tri-cityautoparts.com,New
triadautosalvage.com,New
trianglemediationservices.com,New
tricityautoparts.net,New
tricityautosalvage.com,New
trickit.it,New
triconea.it,New
tricosoft.com,New
tricountyautoparts.com,New
tricsconvention.com,New
trileniumrecyclers.com,New
trimarcojewelers.com,New
trinet.com.my,New
trinitymanagementllc.net,New
trinitystettin.org,New
trinomax.com,New
tripadvisor.com,New
triple-a-autoparts.com,New
triplecinc.com,New
triplecrecycling.com,New
tripledeckerautoparts.com,New
triplerautosalvage.com,New
tripplegee.com,New
tristarparts.com,New
tristatejr.com,New
tristatetruckandauto.com,New
trisup.net,New
triver.net,New
trollermayer.com,New
trolleyautoparts.com,New
tronicbay.com,New
trovu.komun.org,New
trubadoors.com,New
truckandvanparts.com,New
truckparts-unlimited.com,New
truckpartscompany.com,New
truckpartsunlimited.com,New
trucksandimportsin.com,New
trucksincorp.com,New
trucktimeautowrecking.com,New
trucktownllc.com,New
truckwrecking.com,New
trudelauto.com,New
trudoteka.ru,New
truecar.com,New
trueessencecounselling.com,New
truegravityrocks.com,New
truepositiontech.com,New
trumpshobbies.com,New
trustlust.co.uk,New
trxframework.net,New
tryonlaw.com,New
tsalisbury.com,New
tsautomotive.com,New
tsautoparts.com,New
tsbcd.com,New
tsgintegrations.com,New
tsvsolln.de,New
ttprotour.com,New
ttupullit.com,New
tualgoprestado.com,New
tubbsautoparts.com,New
tubecityims.com,New
tuethainyc.com,New
tulsaautosalvageinc.com,New
tumblr.com,New
tundra.co.nz,New
turbo-transport.com,New
turbocitydismantlers.com,New
turbogodstoys.com,New
turbotoysautosales.com,New
turnerandsonsautoparts.com,New
turnerautosalvage.net,New
turnersautowrecking.com,New
turnertransmissions.com,New
turnkeycomm.com,New
turnpikeautoparts.com,New
turnpikeautoparts.net,New
turrialbadigital.com,New
tusksearch.com,New
tveiten.name,New
tweetedtimes.com,New
twikle.co.uk,New
twikle.com,New
twilightmist.com,New
twinkleglobe.com,New
twinlakesautosalvage.com,New
twinriverslandingllc.com,New
twitch.tv,New
twobrothersscrapmetal.com,New
tybecenergy.com,New
tylergolfclub.com,New
tyroneautosalvage.com,New
tysbassline.com,New
u-pick-it-arizona.com,New
u.vsil.org,New
uapofsouthampton.com,New
uapoh.com,New
ubisoft.com,New
ublaze.ru,New
ucasab.com,New
uchicago.edu,New
ucslb.com,New
udemy.com,New
udoschoice.ie,New
ufa-medosmotr.ru,New
ufixit.ca,New
ufomeroni.com,New
uhcwinc.org,New
uhrs.ai,New
uk.search.yahoo.com,New
uk.yhs4.search.yahoo.com,New
ukibc.org,New
ullapoolcatering.co.uk,New
ultimatefunthemes.com,New
ultimatesleep.com.au,New
ultimateusedautoparts.com,New
ultimateusedcarparts.com,New
ultrapurewaterinc.com,New
ultrasurfing.com,New
umbat.com,New
umbriafashion.it,New
umcthorndale.com,New
umdkedma.com,New
umpquavalleybassmasters.com,New
unascabile.it,New
unboxingelements.com,New
uncertainfarms.com,New
underarmour.com,New
underpassautoparts.com,New
underwoodautoparts.com,New
underwoodautosalvage.com,New
unftrd.com,New
unicornvalley.net,New
unimelb.edu.au,New
union-halluinoise-football.fr,New
unionauto.net,New
unionautos.co,New
unionautowreckers.com,New
unionracquets.ca,New
uniprocms.com,New
uniqueautoreconditioning.com,New
uniqueconcretesolutions.com.au,New
uniqueeventsinteractive.com,New
unisa.edu.au,New
united.com,New
unitedautopartsphx.com,New
unitedautorecyclers.com,New
unitedautosalesandservice.com,New
unitedforeigndomesticautotruckparts.com,New
unitedtruckdism.com,New
universalautopartsinc.com,New
universalautos.us,New
universalautosalesandsalvage.com,New
universalautosalvage.com,New
universaljointinc.com,New
universalsalvage.net,New
universalusedautopart.com,New
universalusedautoparts.com,New
universel.qc.ca,New
universityautorec.com,New
unlimitedusedparts.com,New
unlock4mobile.com,New
unocardealers.com,New
unsecuredloansource.com,New
unum.lightning.force.com,New
unutmam.net,New
unwastedyouth.com,New
uottawa.ca,New
upartit.com,New
updownsite.com,New
upicksave.com,New
upstatepathfinders.com,New
upstateshredding.com,New
uptmedia.com,New
upullfl.com,New
upullit.jksalvageco.com,New
upullitautoparts.com,New
upullitautosalvage.com,New
upullusavecny.com,New
uq.edu.au,New
urban-masala.fr,New
urbandwellerstesting.com,New
urbanminers.com,New
urineguru.com,New
urldirectory.net,New
urlolibero.it,New
urlopener.com,New
uronm.com,New
us-mg6.mail.yahoo.com,New
us.alhea.com,New
us.emrgroup.com,New
us.intoautos.com,New
us.sbuckinghams.com,New
us.search.yahoo.com,New
us.when.com,New
us.wow.com,New
us.yhs4.search.yahoo.com,New
us1autoparts.com,New
us2.ixquick.com,New
us258autoparts.com,New
usa-metals.com,New
usaboxingaz.com,New
usapothecary.com,New
usascrapnj.com,New
usatoday.com,New
usatrucksandparts.com,New
usautosupplymi.com,New
usaveusedauto.com,New
usdockandhardware.com,New
useableused.com,New
useblender.com,New
usedaudiparts.com,New
usedautoparts-tx.com,New
usedautopartsandtowing.com,New
usedautopartsdenver.co,New
usedautopartsfl.com,New
usedautopartsnh.com,New
usedautopartspeoriail.com,New
usedautopartstore.com,New
usedautotruckpartssanbernardino.com,New
usedcarparts.ca,New
usedcarpartsmaine.com,New
useddlt.net,New
usedeuroparts.ca,New
usedminivanparts.com,New
usedparts4u.com,New
usedpartsformel.com,New
usejack.com,New
userclick.su,New
usgasnj.com,New
ushomealarm.com,New
usjunkcars.com,New
usmarcar.com,New
usrecyclingco.com,New
utahautowrecking.com,New
utililab.mysearchguardian.com,New
utoronto.ca,New
uwrenchitonline.com,New
v-wmotors.com,New
v2.jrmartinezauto.com,New
vaaler.net,New
vaautoparts.com,New
vacreek.com,New
valdostawrecking.com,New
valentiadesign.com,New
valleyautomotive.ca,New
valleyautorecyclers.com,New
valleyautosalvageinc.com,New
valleyautowreckersandtowing.com,New
valleyautowrecking.com,New
valleyaw.com,New
valleymotorsgm.com,New
vamotorsllc.biz,New
vanasonssalon.com,New
vanautowrecking.com,New
vandemarkco.com,New
vandsautodismantlers.com,New
vanengineering.com,New
vangby.com,New
vangorpia.com,New
vanhornautoparts.com,New
vanninsurance.com,New
vansautoparts.net,New
varcoautoparts.com,New
variclear.info,New
vasilias.nikoklis.com,New
vastreamlines.com,New
vatandoc.com,New
vausedautoparts.com,New
vbcoastaldermatology.com,New
vcahospitals.com,New
ve.search.yahoo.com,New
veldmansautoparts.com,New
veleztowing.com,New
vendcentral.com,New
venezuelaauto.com,New
venturesparts.com,New
vepoints.com,New
veracorprinting.com,New
verandas-vendee-dubois-85.com,New
verdiblanco.com,New
verhalenvanverre.nl,New
vernandkirsten.co.uk,New
vernonautowreckers.com,New
vernsplace4parts.com,New
versesokken.nl,New
vertono.com,New
verveaustin.com,New
veteranseldercare.net,New
veterinaricasinalbo.it,New
vevmestern.net,New
viadeloitaly.it,New
vibraanalysis.ca,New
vickyemma.com,New
vicsautorecycling.com,New
victoria8563peoplepc.com,New
vidaliaautosalvageinc.com,New
view.appen.io,New
viewness.com,New
vikingautosalvage.com,New
vikingdream.info,New
vikingtruckandauto.com,New
viktoria-center.ru,New
village-motors.com,New
villagemotorsinc.net,New
villageoflexington.net,New
villamarina-hotel.ru,New
villanena.it,New
villaparkautoparts.com,New
villasaralavallina.com,New
villasinpolis.com,New
villeari.it,New
vinamericas.com,New
vincentgonska.com,New
vincentisrl.it,New
vinpad.com,New
vintageimportsinc.com,New
violetcowboy.com,New
vip-master-shop.com.ua,New
vip.golden168.com,New
vip0.ru,New
vipautomotiveky.com,New
viper-ts.com,New
vippo.it,New
virginiashows.com,New
virginiatruckparts.com,New
virtualbodyshop.com,New
visionbuildltd.co.uk,New
visitawinery.info,New
vistamoney.com,New
visualtint.co.uk,New
vitaityfl.com,New
vitalizemediagroup.com,New
vitallifeconcepts.com,New
vividyogaandwellness.com,New
vivo.com,New
vjspl.org,New
vk.com,New
vlautosalvage.com,New
vleak.com,New
vmacremoval.com,New
vnvmclvmc-arkx.com,New
volldex.com,New
volleywila.ch,New
voltsystems.com,New
volunteerglasgow.org,New
voluparts.com,New
volvobylnb.com,New
volvosalvage.com,New
volvosetc.com,New
voronezh-vrachi.ru,New
voronezh.assix.ru,New
vosiedafricaonline.org,New
votedanross.com,New
vousvitamin.com,New
voxcambridge.com,New
vpihnul.ru,New
vranic.ca,New
vscargo.co,New
vscomputertech.com,New
vseproaveo.ru,New
vssgw.com,New
vthirtyfive.com,New
vulcanscrap.com,New
vw-eg.com,New
vyalikavalayyappatemple.org,New
w7s.ru,New
wabashsanantonio.com,New
wagnersauto.com,New
wahltowahlauto.com,New
wailuainstruments.com,New
waiteautosalvage.com,New
wakeforestauto.com,New
wakeforestplumbingrepair.com,New
wakeshmatownship.com,New
walker400.com,New
walkercushions.com,New
walksautoservice.com,New
wallacepartsandsalvage.com,New
walloomsacrecycling.com,New
wallpapera.net,New
wallpaperjazz.co.uk,New
wallpapers.red,New
wallysauto.com,New
wallysautosalvage.com,New
wallysupullit.com,New
walmart.com,New
walshandhenry.com,New
waltonrealtyinc.com,New
waltsauto.com,New
waltspangler.com,New
wandwautopartsinc.com,New
wantaghdentalarts.com,New
wanted.de,New
wantednoeyesore.webs.com,New
wap.sogou.com,New
warfordautoparts.com,New
warrenlaserdentistry.com,New
warringtonbank.com,New
warsawusedautoparts.com,New
warwickshireaviation.com,New
wasatchpainsolutions.com,New
washingtonislandpolice.com,New
washingtonlinkagegroup.com,New
washingtonparishassessor.org,New
wassupbengee.com,New
wassupbengee.comwassupbengee.com,New
waste2water.com,New
waterburyautosalvage.com,New
waterfallaccounting.com,New
waterlooautoparts.com,New
waterslegal.com,New
waterstonegroup.net,New
waveimaging.net,New
wayneautoparts.com,New
waynemetals.com,New
waynetreemanor.com,New
wbblive.com,New
wcadonline.com,New
wcal600.com,New
wcw.su,New
wdd.isi-ska.ac.id,New
wdmast.com,New
we-buy-junk-cars.com,New
wealthcenter.com,New
wearevestiges.com,New
weather.srchmbl.com,New
weathervanehill.com,New
weaverparts.com,New
weaversgarage.com,New
web-free-files.com,New
webagent.wise-guys.nl,New
webandclicks.com,New
webbconstructioninc.com,New
webcamjesolometeo.com,New
webconfs.com,New
webcrawler.com,New
webcut.net,New
weberautopartsnh.com,New
weberbrosauto.com,New
webers.net,New
webhelper.centurylink.com,New
webiodir.com,New
webn.tv,New
weborama.com,New
webservices-secure.ericsoft.com,New
website-development.dofollowlinks.org,New
webstersusedautoparts.com,New
webtechsurvey.com,New
webtip.cc,New
webuycarscashnj.com,New
webuyjunk.com,New
webuyjunkcar.com,New
webyard.co,New
weekendrides.com,New
wegotyourpart.com,New
weibo.com,New
wejunket.com,New
welcomehomepropertyinspections.com,New
welcometrader.com,New
wellbuiltequipment.com,New
wellexperts.com,New
wellnessranch.net,New
welshent.com,New
weluvjunkcars.com,New
weluvmike.com,New
wemautoparts.com,New
wendystonestoryteller.co.uk,New
wentzvilleendo.com,New
wer4fun.com,New
westachinchanter.com,New
westandharlow.com,New
westcoastautopart.net,New
westech-green.com,New
westedgeautosalvage.com,New
westernunion.com,New
westmilfordauto.com,New
westoverautosalvage.com,New
westsideautosalvage.com,New
westsidetowinginc.com,New
wetrainharder.com,New
wewillrideinc.com,New
whatis.contentkingapp.com,New
whatsapp.com,New
whatsappnumbers.i4info.org,New
whedonverse.net,New
wheelchairlifttoday.com,New
wheelsautosalvage.com,New
wheelstx.com,New
wheeltechnologies.com,New
when.com,New
whiteeaglesway.com,New
whitemarshremodeling.com,New
whitemtauto.com,New
whiterockweather.com,New
whitesheatingandsheetmetal.com,New
whitespaceorganizing.com,New
whiteysrestaurant.com,New
whiteyswrecking.com,New
who.int,New
wickstromconstructioninc.com,New
wikeroy.com,New
wikipedia.org,New
wilbertsgmparts.com,New
wildbillsguns.com,New
wildcatautoparts.com,New
wildclearing.com,New
wildgarlicpress.net,New
wildrovermqt.com,New
wildspiritguide.com,New
wiley.com,New
wilkenandsons.com,New
willcountywolverines.com,New
willettonuniforms.com.au,New
williamwellstireandauto.com,New
willimansettwaste.com,New
willishall.com,New
willowgreenllc.com,New
willsonauto.com,New
willsteedhomes.com,New
willswrecker.com,New
willwatsonart.com,New
wilsondelcourt.com,New
windiestrading.com,New
windows4me.com,New
windshieldworks.com,New
windstream.net,New
wingleedispensary.com,New
winjevoll.com,New
winkdav.com,New
wired.com,New
wisdombuddhadorjeshugden.org,New
wise-guys.nl,New
wiselythemes.com,New
wisemanconst.com,New
wisen-tech.com,New
wisepies.com,New
wisewordjournal.com,New
wittwerarms.com,New
wjlee.com,New
wma.su,New
wo-beta04.cloud.huawei.com,New
wo3.hicloud.com,New
wofarms.com,New
woglutheran.org,New
wokingsnooker.co.uk,New
wolfepackfishing.com,New
wolverinejazzband.com,New
woodbinebaptistchurch.org,New
woodesign.us,New
woodfins.com,New
woodoperation.nl,New
woodridgepto.com,New
woodshopconcepts.net,New
woodwinggoldens.com,New
woonsocketauto.com,New
wordandtruthchurch.com,New
wordpress.org,New
wordpresstutorials.biz,New
wordsmithwriter.com,New
works.appsbow.com,New
world4ufree.guru,New
worldcarfans.com,New
worldcupbowling.com,New
worldfallingaway.org,New
wortschatz.uni-leipzig.de,New
wow.com,New
wowway.net,New
wowweddingdetails.com,New
wpsafesearch.com,New
wpwriter.com,New
wrapade.com,New
wreckstore.com,New
wrightautoparts.com,New
wrightstownautoparts.com,New
wsap.com,New
wsasparts.com,New
wseonline.co.uk,New
wsi4.me,New
wsj.com,New
wslingluff.com,New
wte.com,New
wtsmobilaol.com,New
wummel.github.io,New
wunderfilm.com,New
wwmotors.com,New
www-superpages-com.cdn.ampproject.org,New
www-yellowpages-com.cdn.ampproject.org,New
www1.myprivatesearch.com,New
www1.search-results.com,New
www2.bing.com,New
www2.inbox.com,New
www2.looksmart.com,New
www4.bing.com,New
www7.buyerpricer.com,New
www9.buyerpricer.com,New
wwwarviesauctionworld.net,New
wwwcoder.com,New
wwwtradeautowreckers.com,New
wyandstrailerrentals.com,New
wyethwoodworking.com,New
wyomingjunkyards.com,New
x-musics.com,New
xbox.com,New
xclusiveautomotive.com,New
xcom-systems.net,New
xcyrus.com,New
xehospitality.com,New
xiaomi.com,New
xlee.sinaapp.com,New
xlmanagement.co.uk,New
xmas1970.com,New
xml-sitemaps.com,New
xmlsitemapgenerator.org,New
xn----7sbagdsv7dj8d7d.xn--p1ai,New
xn--80ahdks.net,New
xrlive.biz,New
xtremegraphicsnj.com,New
xxpoker.nl,New
xxx-ru.com,New
y2kimports.com,New
ya.ru,New
yably.ca,New
yahoo.co.jp,New
yahoo.com,New
yales.com,New
yalodijocasimiroparker.es,New
yamaha-it.co.uk,New
yanabah.com,New
yandex.com,New
yandex.kz,New
yandex.ru,New
yard4.net,New
yardquest.com,New
yarnclubknits.com,New
yasmineauto.com,New
ybiz.com,New
ydelay.com,New
yeagerauto.com,New
yellowpagescoupons.net,New
yellowskyactions.com,New
yellowstonervandboatshow.com,New
yersoftware.com,New
yeruamuebles.com.ar,New
yesterdaysjewelry.com,New
yfenglab.com,New
ygm.com,New
yippy.com,New
ykjunkcar.com,New
yogaloft.biz,New
yorkcountyaction.com,New
yorkmma.com,New
yosemitesprings.com,New
yotayard.com,New
you.com,New
youcallwehaul.com,New
youngplanners.org.uk,New
youraudivwwarehouse.com,New
yourdesirehouse.com,New
yourenginestore.com,New
yourfinance.ga,New
yourgaragepros.com,New
yourhigherself.com,New
yourjunkcar.com,New
yourls.org,New
youtube.com,New
ypnri.com,New
yt-d.com,New
yuandaknitting.com,New
yuridar.ru,New
yuvamandal.com,New
yvettasimonyan.com,New
ywec.ru,New
ywycbj.com,New
z-audi.ru,New
zaarc.org,New
zabelillustration.com,New
zackstack.com,New
zacsautoparts.com,New
zafererkan.com,New
zagvlawdfadz.com,New
zandlawfirm.com,New
zapmeta.com,New
zapmeta.ws,New
zapmetasearch.com,New
zavaschi.com,New
zazones.com,New
zdsearch.com,New
zealotusa.com,New
zebradudka.com,New
zeigerzingers.com,New
zenithbank.com,New
zenprivatewealth.com,New
zensearch.com,New
zenzeroecannella.info,New
zerbiniodes.it,New
zijlmo.nl,New
zillow.com,New
znetpro.com,New
zonafrancalacandelaria.com.co,New
zone13.net,New
zoneg.ru,New
zonguie.com,New
zorbathegreat.com,New
zum.name,New
zynga.com,New
