old_url,status,available_content,new_route_exists
https://junkyardsnearme.com/junkyards/tennessee/9998708-dennis-halls-auto-salvage-memphis-tn,unknown,unknown,Yes
https://junkyardsnearme.com/junkyards/british-columbia=&p=4,unknown,unknown,Yes
https://junkyardsnearme.com/junkyards/florida=&p=26?%2Fjunkyards%2Fflorida=&p=27,unknown,unknown,Yes
https://junkyardsnearme.com/junkyards/ohio/9997282-a-1-auto-parts-toledo-oh,unknown,unknown,Yes
https://junkyardsnearme.com/junkyards/texas/9997674-americas-best-auto-parts-kennedale-tx,unknown,unknown,Yes
https://junkyardsnearme.com/junkyards/minnesota/10000030-lanoues-auto-parts-marshall-mn,unknown,unknown,Yes
https://junkyardsnearme.com/junkyards/vermont/10000737-paradise-salvage-wolcott-vt,unknown,unknown,Yes
https://junkyardsnearme.com/junkyards/indiana/4960966-national-auto-part-carmel-in,unknown,unknown,Yes
https://junkyardsnearme.com/junkyards/michigan/9997124-davison-auto-parts-detroit-mi,unknown,unknown,Yes
https://junkyardsnearme.com/junkyards/massachusetts/10000096-flynns-auto-salvage-charlestown-ma,unknown,unknown,Yes
https://junkyardsnearme.com/junkyards/california/9997409-aaa-foreign-auto-recycling-chula-vista-ca,unknown,unknown,Yes
https://junkyardsnearme.com/junkyards/michigan/10001172-precise-auto-parts-distributors-llc-fair-haven-mi,unknown,unknown,Yes
https://junkyardsnearme.com/junkyards=&p=332?%2Fjunkyards=&p=333,unknown,unknown,Yes
https://junkyardsnearme.com/junkyards/ohio=&p=8,unknown,unknown,Yes
https://junkyardsnearme.com/junkyards/massachusetts/10000341-eco-recycling-brockton-ma,unknown,unknown,Yes
https://junkyardsnearme.com/junkyards/connecticut/10000842-leveilles-auto-recycling-somers-ct,unknown,unknown,Yes
https://junkyardsnearme.com/junkyards/wisconsin/9999880-kadinger-salvage-inc-downing-wi,unknown,unknown,Yes
https://junkyardsnearme.com/junkyards/colorado/9997821-avalanche-auto-parts-denver-co,unknown,unknown,Yes
https://junkyardsnearme.com/junkyards/new-hampshire=&p=6,unknown,unknown,Yes
https://junkyardsnearme.com/junkyards=&p=59?%2Fjunkyards=&p=60,unknown,unknown,Yes
https://junkyardsnearme.com/junkyards/oklahoma/9999892-kc-auto-recyclers-elmore-city-ok,unknown,unknown,Yes
https://junkyardsnearme.com/junkyards/virginia/9999088-fitzgeralds-used-auto-parts-sales-fredericksburg-va,unknown,unknown,Yes
https://junkyardsnearme.com/junkyards/oregon/9997866-b-r-auto-wrecking-springfield-or,unknown,unknown,Yes
https://junkyardsnearme.com/junkyards/british-columbia/9998288-chapman-motors-cobble-hill-bc,unknown,unknown,Yes
https://junkyardsnearme.com/junkyards/michigan=&p=2?%2Fjunkyards%2Fmichigan=&p=3,unknown,unknown,Yes
https://junkyardsnearme.com/junkyards=&p=232?%2Fjunkyards=&p=233,unknown,unknown,Yes
https://junkyardsnearme.com/junkyards/new-hampshire/10000297-londonderry-salvage-londonderry-nh,unknown,unknown,Yes
https://junkyardsnearme.com/junkyards/new-york/9998695-junk-my-jalopy-mineola-ny,unknown,unknown,Yes
https://junkyardsnearme.com/junkyards/texas/9999747-j-r-martinez-auto-south-laredo-tx,unknown,unknown,Yes
https://junkyardsnearme.com/junkyards/texas/8432667-wheels-auto-recyclers-nevada-tx,unknown,unknown,Yes
https://junkyardsnearme.com/junkyards/new-jersey/9998884-d-d-recycling-industries-corporation-trenton-nj,unknown,unknown,Yes
https://junkyardsnearme.com/junkyards/north-carolina/9999905-kennys-used-jeep-truck-parts-washington-nc,unknown,unknown,Yes
https://junkyardsnearme.com/junkyards/quebec,unknown,unknown,Yes
https://junkyardsnearme.com/junkyards/florida/9998212-captain-rastro-auto-parts-hialeah-fl,unknown,unknown,Yes
https://junkyardsnearme.com/junkyards/colorado/9999564-honda-toyota-menders-foreign-automotive-denver-co,unknown,unknown,Yes
https://junkyardsnearme.com/junkyards/washington=&p=2,unknown,unknown,Yes
https://junkyardsnearme.com/junkyards=&p=12?%2Fjunkyards=&p=13,unknown,unknown,Yes
https://junkyardsnearme.com/junkyards/vermont/10000738-bettis-autoland-salvage-yard-hancock-vt,unknown,unknown,Yes
https://junkyardsnearme.com/junkyards=&p=467?%2Fjunkyards=&p=466,unknown,unknown,Yes
https://junkyardsnearme.com/junkyards=&p=180?%2Fjunkyards=&p=179,unknown,unknown,Yes
https://junkyardsnearme.com/junkyards/texas/10001260-rams-auto-salvage-san-antonio-tx,unknown,unknown,Yes
https://junkyardsnearme.com/junkyards=&p=509?%2Fjunkyards=&p=510,unknown,unknown,Yes
https://junkyardsnearme.com/junkyards/maine/9999720-jims-used-cars-and-auto-repair-inc-ellsworth-me,unknown,unknown,Yes
https://junkyardsnearme.com/junkyards/florida/2434774-regions-auto-parts-llc-tampa-fl,unknown,unknown,Yes
https://junkyardsnearme.com/junkyards/north-carolina/3241985-s-s-salvage-salisbury-nc,unknown,unknown,Yes
https://junkyardsnearme.com/junkyards/ohio/10000897-northtown-auto-parts-toledo-oh,unknown,unknown,Yes
https://junkyardsnearme.com/junkyards=&p=320,unknown,unknown,Yes
https://junkyardsnearme.com/junkyards/virginia=&p=2,unknown,unknown,Yes
https://junkyardsnearme.com/junkyards/south-carolina/9999909-ken-baker-salvage-inc-marion-sc,unknown,unknown,Yes
https://junkyardsnearme.com/junkyards=&p=270?%2Fjunkyards=&p=269,unknown,unknown,Yes
https://junkyardsnearme.com/junkyards/michigan/10001241-r-w-auto-sales-kawkawlin-mi,unknown,unknown,Yes
https://junkyardsnearme.com/junkyards=&p=272?%2Fjunkyards=&p=271,unknown,unknown,Yes
https://junkyardsnearme.com/junkyards/minnesota/10000402-marco-auto-recycling-inc-red-wing-mn,unknown,unknown,Yes
https://junkyardsnearme.com/junkyards/virginia/9999286-global-used-auto-parts-woodford-va,unknown,unknown,Yes
https://junkyardsnearme.com/junkyards/georgia=&p=4,unknown,unknown,Yes
https://junkyardsnearme.com/junkyards/missouri/9997506-advantage-metals-recycling-llc-higginsville-mo,unknown,unknown,Yes
https://junkyardsnearme.com/junkyards/illinois/10000729-mowery-auto-parts-freeport-il,unknown,unknown,Yes
https://junkyardsnearme.com/junkyards/maine/9999712-k-k-towing-auto-salvage-palmyra-me,unknown,unknown,Yes
https://junkyardsnearme.com/junkyards/michigan=&p=1,unknown,unknown,Yes
https://junkyardsnearme.com/junkyards/ohio=&p=9?%2Fjunkyards%2Fohio=&p=10,unknown,unknown,Yes
https://junkyardsnearme.com/junkyards=&p=460?%2Fjunkyards=&p=459,unknown,unknown,Yes
https://junkyardsnearme.com/junkyards/florida/9997521-after-hours-salvage-ocala-fl,unknown,unknown,Yes
https://junkyardsnearme.com/junkyards/virginia/10001756-star-city-auto-parts-roanoke-va,unknown,unknown,Yes
https://junkyardsnearme.com/junkyards/north-carolina/9999638-hunter-wrecker-charlotte-nc,unknown,unknown,Yes
https://junkyardsnearme.com/junkyards/ohio/8799910-pinwall-cycle-parts-inc-massillon-oh,unknown,unknown,Yes
https://junkyardsnearme.com/junkyards=&p=181,unknown,unknown,Yes
https://junkyardsnearme.com/junkyards/illinois/9600667-aps-auto-parts-effingham-il,unknown,unknown,Yes
https://junkyardsnearme.com/junkyards=&p=318?%2Fjunkyards=&p=317,unknown,unknown,Yes
https://junkyardsnearme.com/junkyards=&p=178,unknown,unknown,Yes
https://junkyardsnearme.com/junkyards/kansas/9997213-a-a-auto-and-truck-parts-inc-topeka-ks,unknown,unknown,Yes
https://junkyardsnearme.com/junkyards=&p=388?%2Fjunkyards=&p=389,unknown,unknown,Yes
https://junkyardsnearme.com/junkyards/kentucky/10000654-minton-motors-inc-bowling-green-ky,unknown,unknown,Yes
https://junkyardsnearme.com/junkyards/minnesota/10001189-pro-auto-sales-service-ortonville-mn,unknown,unknown,Yes
https://junkyardsnearme.com/junkyards=&p=263,unknown,unknown,Yes
https://junkyardsnearme.com/junkyards/georgia/9998040-bohanon-used-auto-truck-parts-rossville-ga,unknown,unknown,Yes
https://junkyardsnearme.com/junkyards/british-columbia/9998224-cariboo-auto-recyclers-150-mile-house-bc,unknown,unknown,Yes
https://junkyardsnearme.com/junkyards=&p=444,unknown,unknown,Yes
https://junkyardsnearme.com/junkyards/quebec/10001113-pieces-autos-samson-granby-qc,unknown,unknown,Yes
https://junkyardsnearme.com/junkyards=&p=446?%2Fjunkyards=&p=447,unknown,unknown,Yes
https://junkyardsnearme.com/junkyards/new-jersey/10001165-port-murray-auto-salvage-port-murray-nj,unknown,unknown,Yes
https://junkyardsnearme.com/junkyards=&p=303,unknown,unknown,Yes
https://junkyardsnearme.com/junkyards/rhode-island=&p=7,unknown,unknown,Yes
https://junkyardsnearme.com/junkyards/pennsylvania/9997842-b-c-auto-wreckers-montgomery-pa,unknown,unknown,Yes
https://junkyardsnearme.com/junkyards/maryland/9997857-b-m-king-george-auto-parts-clinton-md,unknown,unknown,Yes
https://junkyardsnearme.com/junkyards/idaho/10001748-stans-auto-wreckage-pocatello-id,unknown,unknown,Yes
https://junkyardsnearme.com/junkyards/maine/10000606-schnitzer-northeast-auburn-me,unknown,unknown,Yes
https://junkyardsnearme.com/junkyards/wyoming/10000741-mr-rs-auto-salvage-buffalo-wy,unknown,unknown,Yes
https://junkyardsnearme.com/junkyards=&p=23?%2Fjunkyards=&p=24,unknown,unknown,Yes
https://junkyardsnearme.com/junkyards/virginia/9999165-frenchs-auto-parts-new-market-va,unknown,unknown,Yes
https://junkyardsnearme.com/junkyards/arizona/9823600-apache-auto-wrecking-apache-junction-az,unknown,unknown,Yes
https://junkyardsnearme.com/junkyards/iowa=&p=5,unknown,unknown,Yes
https://junkyardsnearme.com/junkyards/illinois=&p=7,unknown,unknown,Yes
https://junkyardsnearme.com/junkyards/vermont=&p=3,unknown,unknown,Yes
https://junkyardsnearme.com/junkyards/wisconsin/9997728-arrow-auto-parts-green-bay-wi,unknown,unknown,Yes
https://junkyardsnearme.com/junkyards/new-york/3819090-metro-auto-salvage-sales-ridgewood-ny,unknown,unknown,Yes
https://junkyardsnearme.com/junkyards/south-carolina/9997168-1-auto-parts-woodruff-sc,unknown,unknown,Yes
https://junkyardsnearme.com/junkyards/california/9997813-autocity-salvage-sun-valley-ca,unknown,unknown,Yes
https://junkyardsnearme.com/junkyards/oregon=&p=3,unknown,unknown,Yes
https://junkyardsnearme.com/junkyards/pennsylvania/10001816-swamps-used-auto-parts-upper-black-eddy-pa,unknown,unknown,Yes
https://junkyardsnearme.com/junkyards=&p=241,unknown,unknown,Yes
https://junkyardsnearme.com/junkyards=&p=384,unknown,unknown,Yes
https://junkyardsnearme.com/junkyards=&p=502,unknown,unknown,Yes
https://junkyardsnearme.com/junkyards/new-york/9997555-alex-auto-parts-bronx-ny,unknown,unknown,Yes
https://junkyardsnearme.com/junkyards/saskatchewan=&p=1?%2Fjunkyards%2Fsaskatchewan=&p=2,unknown,unknown,Yes
https://junkyardsnearme.com/junkyards/maryland/9998513-cox-auto-parts-dundalk-md,unknown,unknown,Yes
https://junkyardsnearme.com/junkyards/vermont/9999840-all-metals-recycling-williston-vt,unknown,unknown,Yes
https://junkyardsnearme.com/junkyards/massachusetts/10000047-courys-used-auto-parts-services-north-adams-ma,unknown,unknown,Yes
https://junkyardsnearme.com/junkyards/ohio/7614887-carthage-auto-parts-co-cincinnati-oh,unknown,unknown,Yes
https://junkyardsnearme.com/junkyards/utah/10000678-moonlight-diesel-logan-ut,unknown,unknown,Yes
https://junkyardsnearme.com/junkyards/oregon/9998152-burnside-used-truck-parts-portland-or,unknown,unknown,Yes
https://junkyardsnearme.com/junkyards/new-york/10000259-lopez-auto-salvage-westbury-ny,unknown,unknown,Yes
https://junkyardsnearme.com/junkyards/minnesota/10000955-oronoco-auto-parts-oronoco-mn,unknown,unknown,Yes
https://junkyardsnearme.com/junkyards/ohio/2821364-rockys-auto-wrecking-mingo-junction-oh,unknown,unknown,Yes
https://junkyardsnearme.com/junkyards/louisiana/10001770-stevens-used-auto-parts-new-orleans-la,unknown,unknown,Yes
https://junkyardsnearme.com/junkyards/utah/5293211-country-auto-salvage-aurora-ut,unknown,unknown,Yes
https://junkyardsnearme.com/junkyards/tennessee=&p=12?%2Fjunkyards%2Ftennessee=&p=13,unknown,unknown,Yes
https://junkyardsnearme.com/junkyards/north-carolina/10001828-t-s-automotive-thomasville-nc,unknown,unknown,Yes
https://junkyardsnearme.com/junkyards/arkansas=&p=4,unknown,unknown,Yes
https://junkyardsnearme.com/junkyards/washington/9999071-federal-way-auto-wrecking-auburn-wa,unknown,unknown,Yes
https://junkyardsnearme.com/junkyards=&p=169?%2Fjunkyards=&p=170,unknown,unknown,Yes
https://junkyardsnearme.com/junkyards/quebec/9998276-centre-de-recyclage-st-bruno-saint-bruno-qc,unknown,unknown,Yes
https://junkyardsnearme.com/junkyards/california/9999567-honda-heaven-san-jose-ca,unknown,unknown,Yes
https://junkyardsnearme.com/junkyards/tennessee=&p=12,unknown,unknown,Yes
https://junkyardsnearme.com/junkyards/washington/6587311-tnd-auto-parts-seattle-wa,unknown,unknown,Yes
https://junkyardsnearme.com/junkyards/west-virginia=&p=2,unknown,unknown,Yes
https://junkyardsnearme.com/junkyards/arizona/9681111-pick-a-part-of-mesa-mesa-az,unknown,unknown,Yes
https://junkyardsnearme.com/junkyards/michigan/3500005-diehl-auto-parts-southfield-mi,unknown,unknown,Yes
https://junkyardsnearme.com/junkyards/montana/9998846-cf-auto-parts-missoula-mt,unknown,unknown,Yes
https://junkyardsnearme.com/junkyards/pennsylvania/9999316-grants-auto-salvage-zionhill-pa,unknown,unknown,Yes
https://junkyardsnearme.com/junkyards/british-columbia/10001197-pull-save-quality-used-auto-truck-parts-maple-ridge-bc,unknown,unknown,Yes
https://junkyardsnearme.com/junkyards/michigan=&p=12?%2Fjunkyards%2Fmichigan=&p=13,unknown,unknown,Yes
https://junkyardsnearme.com/junkyards/massachusetts/10000586-all-gone-amesbury-ma,unknown,unknown,Yes
https://junkyardsnearme.com/junkyards/tennessee=&p=5?%2Fjunkyards%2Ftennessee=&p=4,unknown,unknown,Yes
https://junkyardsnearme.com/junkyards/arkansas/9997668-american-pickup-salvage-paragould-ar,unknown,unknown,Yes
https://junkyardsnearme.com/junkyards/new-york/2261003-elite-auto-parts-lindenhurst-ny,unknown,unknown,Yes
https://junkyardsnearme.com/junkyards/virginia=&p=10,unknown,unknown,Yes
https://junkyardsnearme.com/junkyards/ohio/9998202-canton-auto-salvage-canton-oh,unknown,unknown,Yes
https://junkyardsnearme.com/junkyards/missouri/9997542-als-auto-salvage-sales-saint-louis-mo,unknown,unknown,Yes
https://junkyardsnearme.com/junkyards/maine=&p=7?%2Fjunkyards%2Fmaine=&p=6,unknown,unknown,Yes
https://junkyardsnearme.com/junkyards/missouri/9999752-jacks-auto-salvage-saint-charles-mo,unknown,unknown,Yes
https://junkyardsnearme.com/junkyards/tennessee/9998532-cripple-creek-auto-salvage-watauga-tn,unknown,unknown,Yes
https://junkyardsnearme.com/junkyards/wisconsin/9997632-alpha-automotive-green-bay-wi,unknown,unknown,Yes
https://junkyardsnearme.com/junkyards/california/10000663-mlh-auto-dismantling-rancho-cordova-ca,unknown,unknown,Yes
https://junkyardsnearme.com/junkyards/new-york/10001549-rivera-auto-salvage-inc-bronx-ny,unknown,unknown,Yes
https://junkyardsnearme.com/junkyards/michigan/10000719-mostly-mo-power-shepherd-mi,unknown,unknown,Yes
https://junkyardsnearme.com/junkyards/alaska/10000745-msi-auto-parts-fairbanks-ak,unknown,unknown,Yes
https://junkyardsnearme.com/junkyards/south-carolina/9998431-columbia-auto-parts-west-columbia-sc,unknown,unknown,Yes
https://junkyardsnearme.com/junkyards/arizona/9999182-g-r-auto-recyclers-storage-tucson-az,unknown,unknown,Yes
https://junkyardsnearme.com/junkyards=&p=30?%2Fjunkyards=&p=31,unknown,unknown,Yes
https://junkyardsnearme.com/junkyards/new-york/10000309-adlers-antique-autos-inc-stephentown-ny,unknown,unknown,Yes
https://junkyardsnearme.com/junkyards/illinois/9998899-eco-auto-recycler-llc-joliet-il,unknown,unknown,Yes
https://junkyardsnearme.com/junkyards=&p=372?%2Fjunkyards=&p=373,unknown,unknown,Yes
https://junkyardsnearme.com/junkyards/minnesota/9997820-automotive-recyclers-rochester-mn,unknown,unknown,Yes
https://junkyardsnearme.com/junkyards/florida/9997346-5-star-auto-sales-hialeah-fl,unknown,unknown,Yes
https://junkyardsnearme.com/junkyards/new-york/10001431-roosevelt-auto-wrecking-corona-ny,unknown,unknown,Yes
https://junkyardsnearme.com/junkyards/new-hampshire/9999604-chaya-brothers-auto-salvage-plaistow-nh,unknown,unknown,Yes
https://junkyardsnearme.com/junkyards/california=&p=15?%2Fjunkyards%2Fcalifornia=&p=16,unknown,unknown,Yes
https://junkyardsnearme.com/junkyards/arkansas/6982263-chinquapin-auto-salvage-batesville-ar,unknown,unknown,Yes
https://junkyardsnearme.com/junkyards/new-york/3380032-motorworks-westbury-ny,unknown,unknown,Yes
https://junkyardsnearme.com/junkyards/california/8790275-american-autonetworks-inc-van-nuys-ca,unknown,unknown,Yes
https://junkyardsnearme.com/junkyards/kentucky=&p=2?%2Fjunkyards%2Fkentucky=&p=3,unknown,unknown,Yes
https://junkyardsnearme.com/junkyards/saskatchewan/3547797-dale-lisas-farm-auto-ltd-mossbank-sk,unknown,unknown,Yes
https://junkyardsnearme.com/junkyards/michigan/10001358-richland-auto-llc-richland-mi,unknown,unknown,Yes
https://junkyardsnearme.com/junkyards/michigan/10002024-us-auto-supply-detroit-mi,unknown,unknown,Yes
https://junkyardsnearme.com/junkyards=&p=393?%2Fjunkyards=&p=394,unknown,unknown,Yes
https://junkyardsnearme.com/junkyards/maryland/8352827-c-t-transmissions-inc-glen-burnie-md,unknown,unknown,Yes
https://junkyardsnearme.com/junkyards/connecticut=&p=4,unknown,unknown,Yes
https://junkyardsnearme.com/junkyards/florida/10000147-lkq-auto-parts-ft-myers-fort-myers-fl,unknown,unknown,Yes
https://junkyardsnearme.com/junkyards/new-jersey=&p=9?%2Fjunkyards%2Fnew-jersey=&p=8,unknown,unknown,Yes
https://junkyardsnearme.com/junkyards=&p=122?%2Fjunkyards=&p=121,unknown,unknown,Yes
https://junkyardsnearme.com/junkyards/florida/9998931-auto-elijah-opa-locka-fl,unknown,unknown,Yes
https://junkyardsnearme.com/junkyards/mississippi=&p=2,unknown,unknown,Yes
https://junkyardsnearme.com/junkyards/oregon/10001048-pick-a-part-independence-independence-or,unknown,unknown,Yes
https://junkyardsnearme.com/junkyards/florida=&p=10?%2Fjunkyards%2Fflorida=&p=9,unknown,unknown,Yes
https://junkyardsnearme.com/junkyards/ontario/9998249-caughill-auto-wreckers-niagara-on-the-lake-on,unknown,unknown,Yes
https://junkyardsnearme.com/junkyards/virginia/9997651-american-auto-salvage-woodbridge-va,unknown,unknown,Yes
https://junkyardsnearme.com/junkyards/florida/10001673-solutions-auto-parts-tampa-fl,unknown,unknown,Yes
https://junkyardsnearme.com/junkyards/louisiana/9997765-austins-auto-salvage-ferriday-la,unknown,unknown,Yes
https://junkyardsnearme.com/junkyards/mississippi/9997429-abc-auto-salvage-biloxi-ms,unknown,unknown,Yes
https://junkyardsnearme.com/junkyards/california/9997304-a-car-auto-wrecking-montclair-ca,unknown,unknown,Yes
https://junkyardsnearme.com/junkyards/delaware/9997385-a-1-auto-parts-sales-wilmington-de,unknown,unknown,Yes
https://junkyardsnearme.com/junkyards/iowa/10001821-swifts-trails-end-auto-recycling-des-moines-ia,unknown,unknown,Yes
https://junkyardsnearme.com/junkyards/ontario=&p=3,unknown,unknown,Yes
https://junkyardsnearme.com/junkyards/texas/6931227-quality-auto-parts-spicewood-tx,unknown,unknown,Yes
https://junkyardsnearme.com/junkyards=&p=68,unknown,unknown,Yes
https://junkyardsnearme.com/junkyards/alabama/9997605-all-star-auto-salvage-theodore-al,unknown,unknown,Yes
https://junkyardsnearme.com/junkyards/georgia/9998434-columbia-used-auto-parts-decatur-ga,unknown,unknown,Yes
https://junkyardsnearme.com/junkyards/maine/10000688-hy-way-services-llc-milford-me,unknown,unknown,Yes
https://junkyardsnearme.com/junkyards/washington/10001714-special-interest-auto-wrecking-kent-wa,unknown,unknown,Yes
https://junkyardsnearme.com/junkyards/missouri/10000659-missouri-automobile-truck-recyclers-jefferson-city-mo,unknown,unknown,Yes
https://junkyardsnearme.com/junkyards/minnesota/10000134-litchfield-recycling-auto-salvage-litchfield-mn,unknown,unknown,Yes
https://junkyardsnearme.com/junkyards/michigan/10001609-shroyer-auto-parts-lansing-mi,unknown,unknown,Yes
https://junkyardsnearme.com/junkyards/virginia/9997088-gainesville-green-site-gainesville-va,unknown,unknown,Yes
https://junkyardsnearme.com/junkyards/michigan/10000070-lear-auto-sales-brownstown-auto-parts-romulus-mi,unknown,unknown,Yes
https://junkyardsnearme.com/junkyards/new-jersey/6528861-call-car-cash-florham-park-nj,unknown,unknown,Yes
https://junkyardsnearme.com/junkyards/indiana/5473101-all-kinds-of-scrap-inc-cannelton-in,unknown,unknown,Yes
https://junkyardsnearme.com/junkyards/illinois/10000385-macks-auto-recyclers-urbana-il,unknown,unknown,Yes
https://junkyardsnearme.com/junkyards=&p=112?%2Fjunkyards=&p=111,unknown,unknown,Yes
https://junkyardsnearme.com/junkyards/new-york/9998648-j-and-v-auto-parts-brooklyn-ny,unknown,unknown,Yes
https://junkyardsnearme.com/junkyards/illinois/10002043-valley-auto-wreckers-aurora-il,unknown,unknown,Yes
https://junkyardsnearme.com/junkyards/california/9997306-a-king-auto-dismantling-sun-valley-ca,unknown,unknown,Yes
https://junkyardsnearme.com/junkyards/north-carolina/10001477-s-r-auto-truck-salvage-charlotte-nc,unknown,unknown,Yes
https://junkyardsnearme.com/junkyards/missouri/3350238-junior-sinn-auto-parts-llc-cape-girardeau-mo,unknown,unknown,Yes
https://junkyardsnearme.com/junkyards/new-york/9997520-affordable-used-auto-parts-brooklyn-ny,unknown,unknown,Yes
https://junkyardsnearme.com/junkyards/new-jersey/10001340-john-blewett-inc-howell-nj,unknown,unknown,Yes
https://junkyardsnearme.com/junkyards/ohio/4436735-g-cor-automotive-columbus-oh,unknown,unknown,Yes
https://junkyardsnearme.com/junkyards/illinois/7580388-suburban-wheel-cover-hubcaps-wheels-accessories-elk-grove-village-il,unknown,unknown,Yes
https://junkyardsnearme.com/junkyards/new-york/9997918-bay-auto-parts-recycling-inc-bellport-ny,unknown,unknown,Yes
https://junkyardsnearme.com/junkyards=&p=93?%2Fjunkyards=&p=92,unknown,unknown,Yes
https://junkyardsnearme.com/junkyards/pennsylvania=&p=22,unknown,unknown,Yes
https://junkyardsnearme.com/junkyards/north-carolina/9328690-beavers-garage-inc-mooresville-nc,unknown,unknown,Yes
https://junkyardsnearme.com/junkyards/new-hampshire/10000159-lkq-car-world-candia-nh,unknown,unknown,Yes
https://junkyardsnearme.com/junkyards/california/9997573-all-chrysler-dodge-auto-wrecking-rancho-cordova-ca,unknown,unknown,Yes
https://junkyardsnearme.com/junkyards=&p=250?%2Fjunkyards=&p=249,unknown,unknown,Yes
https://junkyardsnearme.com/junkyards/nebraska/9999975-kramers-auto-parts-grand-island-ne,unknown,unknown,Yes
https://junkyardsnearme.com/junkyards/ontario/2868686-standard-auto-wreckers-toronto-on,unknown,unknown,Yes
https://junkyardsnearme.com/junkyards/texas/9998814-eagle-mountain-auto-salvage-fort-worth-tx,unknown,unknown,Yes
https://junkyardsnearme.com/junkyards/utah/9999335-greenbox-recycling-tooele-ut,unknown,unknown,Yes
https://junkyardsnearme.com/junkyards=&p=159?%2Fjunkyards=&p=160,unknown,unknown,Yes
https://junkyardsnearme.com/junkyards/michigan/9998811-eagle-auto-parts-south-three-rivers-mi,unknown,unknown,Yes
https://junkyardsnearme.com/junkyards/virginia/9997413-aaaa-co-yard-6-lorton-va,unknown,unknown,Yes
https://junkyardsnearme.com/junkyards/kentucky/10000423-mason-county-auto-sales-dover-ky,unknown,unknown,Yes
https://junkyardsnearme.com/junkyards/maine/5392905-lashins-auto-salvage-oxford-me,unknown,unknown,Yes
https://junkyardsnearme.com/junkyards/michigan=&p=5?%2Fjunkyards%2Fmichigan=&p=4,unknown,unknown,Yes
https://junkyardsnearme.com/junkyards/washington/7744546-foreign-engines-inc-lynnwood-wa,unknown,unknown,Yes
https://junkyardsnearme.com/junkyards/iowa/10001504-sams-riverside-auto-salvage-des-moines-ia,unknown,unknown,Yes
https://junkyardsnearme.com/junkyards/arizona/9998672-deer-valley-used-parts-phoenix-az,unknown,unknown,Yes
https://junkyardsnearme.com/junkyards/virginia=&p=2?%2Fjunkyards%2Fvirginia=&p=1,unknown,unknown,Yes
https://junkyardsnearme.com/junkyards/oklahoma/10001040-phillips-auto-salvage-bokchito-ok,unknown,unknown,Yes
https://junkyardsnearme.com/junkyards/massachusetts/9999250-1-800-got-junk-boston-central-charlestown-ma,unknown,unknown,Yes
https://junkyardsnearme.com/junkyards/arizona/9997324-aa-auto-parts-tucson-az,unknown,unknown,Yes
https://junkyardsnearme.com/junkyards/colorado/9999363-h-h-loveland-auto-parts-loveland-co,unknown,unknown,Yes
https://junkyardsnearme.com/junkyards/manitoba/8642000-direct-auto-parts-winnipeg-mb,unknown,unknown,Yes
https://junkyardsnearme.com/junkyards=&p=45,unknown,unknown,Yes
https://junkyardsnearme.com/junkyards/california/9999331-green-light-used-auto-parts-sun-valley-ca,unknown,unknown,Yes
https://junkyardsnearme.com/junkyards/colorado/9997608-all-truck-parts-pueblo-co,unknown,unknown,Yes
https://junkyardsnearme.com/junkyards/indiana=&p=3?%2Fjunkyards%2Findiana=&p=4,unknown,unknown,Yes
https://junkyardsnearme.com/junkyards=&p=329?%2Fjunkyards=&p=330,unknown,unknown,Yes
https://junkyardsnearme.com/junkyards=&p=504?%2Fjunkyards=&p=503,unknown,unknown,Yes
https://junkyardsnearme.com/junkyards/michigan/9997650-american-auto-recycler-detroit-mi,unknown,unknown,Yes
https://junkyardsnearme.com/junkyards=&p=224?%2Fjunkyards=&p=223,unknown,unknown,Yes
https://junkyardsnearme.com/junkyards/north-carolina/4823486-stoney-point-used-auto-parts-shelby-nc,unknown,unknown,Yes
https://junkyardsnearme.com/junkyards/kansas/8389288-euroasian-auto-inc-wichita-ks,unknown,unknown,Yes
https://junkyardsnearme.com/junkyards/ohio=&p=5,unknown,unknown,Yes
https://junkyardsnearme.com/junkyards/british-columbia=&p=1,unknown,unknown,Yes
https://junkyardsnearme.com/junkyards/florida=&p=21?%2Fjunkyards%2Fflorida=&p=20,unknown,unknown,Yes
https://junkyardsnearme.com/junkyards=&p=79,unknown,unknown,Yes
https://junkyardsnearme.com/junkyards/new-hampshire/10000564-kemps-used-auto-parts-greenfiel-nh,unknown,unknown,Yes
https://junkyardsnearme.com/junkyards/virginia/9999326-greears-used-cars-parts-coeburn-va,unknown,unknown,Yes
https://junkyardsnearme.com/junkyards/california=&p=24,unknown,unknown,Yes
https://junkyardsnearme.com/junkyards=&p=242,unknown,unknown,Yes
https://junkyardsnearme.com/junkyards=&p=161?%2Fjunkyards=&p=162,unknown,unknown,Yes
https://junkyardsnearme.com/junkyards/wisconsin/2635100-mid-city-auto-salvage-parts-milwaukee-wi,unknown,unknown,Yes
https://junkyardsnearme.com/junkyards=&p=105,unknown,unknown,Yes
https://junkyardsnearme.com/junkyards/colorado/9997569-all-auto-recyclers-colorado-springs-co,unknown,unknown,Yes
https://junkyardsnearme.com/junkyards/georgia/8929090-eco-green-auto-parts-atlanta-ga,unknown,unknown,Yes
https://junkyardsnearme.com/junkyards/arizona/10000143-lkq-all-models-phoenix-az,unknown,unknown,Yes
https://junkyardsnearme.com/junkyards/new-jersey=&p=16,unknown,unknown,Yes
https://junkyardsnearme.com/junkyards/new-jersey/3617070-roxbury-auto-wreckers-inc-kenvil-nj,unknown,unknown,Yes
https://junkyardsnearme.com/junkyards/west-virginia,unknown,unknown,Yes
https://junkyardsnearme.com/junkyards=&p=510,unknown,unknown,Yes
https://junkyardsnearme.com/junkyards=&p=261?%2Fjunkyards=&p=262,unknown,unknown,Yes
https://junkyardsnearme.com/junkyards/texas/9998710-denton-county-auto-salvage-denton-tx,unknown,unknown,Yes
https://junkyardsnearme.com/junkyards/indiana=&p=6?%2Fjunkyards%2Findiana=&p=5,unknown,unknown,Yes
https://junkyardsnearme.com/junkyards/california/9997421-aarons-auto-group-sun-valley-ca,unknown,unknown,Yes
https://junkyardsnearme.com/junkyards/florida/9997482-action-auto-salvage-of-okeechobee-okeechobee-fl,unknown,unknown,Yes
https://junkyardsnearme.com/junkyards/british-columbia/9997513-affordable-auto-parts-burnaby-bc,unknown,unknown,Yes
https://junkyardsnearme.com/junkyards/new-jersey/4227289-cash-for-any-cars-union-nj,unknown,unknown,Yes
https://junkyardsnearme.com/junkyards/washington/9998161-byrds-auto-wrecking-repair-omak-wa,unknown,unknown,Yes
https://junkyardsnearme.com/junkyards/minnesota/9997859-b-r-auto-truck-parts-mapleton-mn,unknown,unknown,Yes
https://junkyardsnearme.com/junkyards/ontario/9998065-bray-auto-truck-center-acton-on,unknown,unknown,Yes
https://junkyardsnearme.com/junkyards=&p=146?%2Fjunkyards=&p=145,unknown,unknown,Yes
https://junkyardsnearme.com/junkyards=&p=334?%2Fjunkyards=&p=335,unknown,unknown,Yes
https://junkyardsnearme.com/junkyards=&p=242?%2Fjunkyards=&p=243,unknown,unknown,Yes
https://junkyardsnearme.com/junkyards/saskatchewan=&p=2?%2Fjunkyards%2Fsaskatchewan=&p=1,unknown,unknown,Yes
https://junkyardsnearme.com/junkyards/georgia/9999321-gray-white-auto-parts-decatur-ga,unknown,unknown,Yes
https://junkyardsnearme.com/junkyards/pennsylvania/9998450-connors-colwell-lane-auto-parts-conshohocken-pa,unknown,unknown,Yes
https://junkyardsnearme.com/junkyards/manitoba/10001194-progressive-auto-parts-grande-pointe-mb,unknown,unknown,Yes
https://junkyardsnearme.com/junkyards/pennsylvania=&p=24,unknown,unknown,Yes
https://junkyardsnearme.com/junkyards/illinois/9997508-aero-auto-parts-chicago-il,unknown,unknown,Yes
https://junkyardsnearme.com/junkyards/michigan/9999734-j-s-auto-salvage-flint-mi,unknown,unknown,Yes
https://junkyardsnearme.com/junkyards/colorado/9997956-best-foreign-auto-parts-colorado-springs-co,unknown,unknown,Yes
https://junkyardsnearme.com/junkyards=&p=466,unknown,unknown,Yes
https://junkyardsnearme.com/junkyards/oklahoma=&p=2?%2Fjunkyards%2Foklahoma=&p=1,unknown,unknown,Yes
https://junkyardsnearme.com/junkyards/california/9998758-dodge-city-auto-wrecking-los-angeles-ca,unknown,unknown,Yes
https://junkyardsnearme.com/junkyards=&p=232,unknown,unknown,Yes
https://junkyardsnearme.com/junkyards/missouri/9999742-j-c-auto-truck-yard-1-monroe-city-mo,unknown,unknown,Yes
https://junkyardsnearme.com/junkyards/missouri/9998936-elite-automotive-owensville-mo,unknown,unknown,Yes
https://junkyardsnearme.com/junkyards=&p=348?%2Fjunkyards=&p=347,unknown,unknown,Yes
https://junkyardsnearme.com/junkyards/louisiana/10001399-riverside-used-auto-parts-marrero-la,unknown,unknown,Yes
https://junkyardsnearme.com/junkyards/california/10001263-rancho-chevy-cycle-rancho-cordova-ca,unknown,unknown,Yes
https://junkyardsnearme.com/junkyards/new-jersey/10001232-giancola-auto-parts-east-brunswick-nj,unknown,unknown,Yes
https://junkyardsnearme.com/junkyards/maine=&p=4,unknown,unknown,Yes
https://junkyardsnearme.com/junkyards/colorado/6931400-kimmer-transmission-gear-centennial-co,unknown,unknown,Yes
https://junkyardsnearme.com/junkyards/indiana/4931553-mills-auto-parts-fort-wayne-in,unknown,unknown,Yes
https://junkyardsnearme.com/junkyards/washington/1234567-nw-auto-recyclers-lake-stevens-wa,unknown,unknown,Yes
https://junkyardsnearme.com/junkyards/pennsylvania/9999497-highline-auto-parts-marysville-pa,unknown,unknown,Yes
https://junkyardsnearme.com/junkyards/new-york/10001283-real-city-auto-parts-bronx-ny,unknown,unknown,Yes
https://junkyardsnearme.com/junkyards/california/10000971-pacific-auto-wrecking-chula-vista-ca,unknown,unknown,Yes
https://junkyardsnearme.com/junkyards/pennsylvania=&p=10,unknown,unknown,Yes
https://junkyardsnearme.com/junkyards=&p=339?%2Fjunkyards=&p=340,unknown,unknown,Yes
https://junkyardsnearme.com/junkyards/south-carolina/8622891-thompsons-auto-parts-fountain-inn-sc,unknown,unknown,Yes
https://junkyardsnearme.com/junkyards/maine,unknown,unknown,Yes
https://junkyardsnearme.com/junkyards/new-hampshire=&p=10,unknown,unknown,Yes
https://junkyardsnearme.com/junkyards/illinois/9997314-a-z-enterprises-inc-justice-il,unknown,unknown,Yes
https://junkyardsnearme.com/junkyards/missouri/9997822-avenue-auto-wrecking-kansas-city-mo,unknown,unknown,Yes
https://junkyardsnearme.com/junkyards/mississippi/10001473-s-e-towing-salvage-jackson-ms,unknown,unknown,Yes
https://junkyardsnearme.com/junkyards/georgia=&p=5?%2Fjunkyards%2Fgeorgia=&p=4,unknown,unknown,Yes
https://junkyardsnearme.com/junkyards/florida/9999555-hollands-auto-parts-hollister-fl,unknown,unknown,Yes
https://junkyardsnearme.com/junkyards/virginia=&p=6,unknown,unknown,Yes
https://junkyardsnearme.com/junkyards/north-carolina/9997202-70-east-auto-salvage-marion-nc,unknown,unknown,Yes
https://junkyardsnearme.com/junkyards/alabama/10001382-riteway-auto-salvage-munford-al,unknown,unknown,Yes
https://junkyardsnearme.com/junkyards/quebec/9998791-dumas-fils-pieces-dauto-cookshire-qc,unknown,unknown,Yes
https://junkyardsnearme.com/junkyards/rhode-island/10000498-kingstown-auto-recycling-north-kingstown-ri,unknown,unknown,Yes
https://junkyardsnearme.com/junkyards/florida/10001274-rastro-unique-used-auto-parts-hialeah-fl,unknown,unknown,Yes
https://junkyardsnearme.com/junkyards/north-carolina=&p=4,unknown,unknown,Yes
https://junkyardsnearme.com/junkyards/florida/9999290-go-auto-recycling-jacksonville-fl,unknown,unknown,Yes
https://junkyardsnearme.com/junkyards/nebraska/5320112-bebak-auto-sales-north-platte-ne,unknown,unknown,Yes
https://junkyardsnearme.com/junkyards/oregon=&p=5?%2Fjunkyards%2Foregon=&p=6,unknown,unknown,Yes
https://junkyardsnearme.com/junkyards/colorado/9997773-auto-elements-denver-co,unknown,unknown,Yes
https://junkyardsnearme.com/junkyards/tennessee/9258000-raceway-auto-truck-parts-savannah-tn,unknown,unknown,Yes
https://junkyardsnearme.com/junkyards/texas/9997543-als-foreign-wrecking-yard-nevada-tx,unknown,unknown,Yes
https://junkyardsnearme.com/junkyards/michigan/9999806-joes-auto-parts-spring-lake-mi,unknown,unknown,Yes
https://junkyardsnearme.com/junkyards/new-jersey/10001395-cosmoss-ocean-county-auto-wreckers-inc-bayville-nj,unknown,unknown,Yes
https://junkyardsnearme.com/junkyards/mississippi/10000186-lkq-plunk-s-truck-parts-equipment-byram-ms,unknown,unknown,Yes
https://junkyardsnearme.com/junkyards/new-brunswick/10001326-reynolds-auto-salvage-hampton-nb,unknown,unknown,Yes
https://junkyardsnearme.com/junkyards/florida/9997670-american-used-trucks-japanese-parts-hialeah-fl,unknown,unknown,Yes
https://junkyardsnearme.com/junkyards/new-brunswick/9997259-a-lot-of-used-auto-parts-aftermarket-auto-parts-saint-john-nb,unknown,unknown,Yes
https://junkyardsnearme.com/junkyards=&p=174,unknown,unknown,Yes
https://junkyardsnearme.com/junkyards=&p=81?%2Fjunkyards=&p=82,unknown,unknown,Yes
https://junkyardsnearme.com/junkyards/pennsylvania/10001927-jfr-salvage-inc-wind-gap-pa,unknown,unknown,Yes
https://junkyardsnearme.com/junkyards=&p=342,unknown,unknown,Yes
https://junkyardsnearme.com/junkyards/rhode-island/10000521-golds-auto-recycling-middletown-ri,unknown,unknown,Yes
https://junkyardsnearme.com/junkyards=&p=237,unknown,unknown,Yes
https://junkyardsnearme.com/junkyards/maine/10000597-lashins-auto-sales-salvage-yard-oxford-me,unknown,unknown,Yes
https://junkyardsnearme.com/junkyards/california/9999666-import-center-modesto-salida-ca,unknown,unknown,Yes
https://junkyardsnearme.com/junkyards/virginia=&p=3?%2Fjunkyards%2Fvirginia=&p=2,unknown,unknown,Yes
https://junkyardsnearme.com/junkyards/michigan/7791088-m-97-auto-parts-warren-mi,unknown,unknown,Yes
https://junkyardsnearme.com/junkyards/illinois/9997610-all-type-auto-parts-east-saint-louis-il,unknown,unknown,Yes
https://junkyardsnearme.com/junkyards/arkansas/9452087-accurate-auto-recycling-north-little-rock-ar,unknown,unknown,Yes
https://junkyardsnearme.com/junkyards/iowa/9999824-jones-auto-salvage-des-moines-ia,unknown,unknown,Yes
https://junkyardsnearme.com/junkyards/missouri/9997200-66-truck-foreign-salvage-joplin-mo,unknown,unknown,Yes
https://junkyardsnearme.com/junkyards/pennsylvania=&p=21?%2Fjunkyards%2Fpennsylvania=&p=22,unknown,unknown,Yes
https://junkyardsnearme.com/junkyards/michigan=&p=12?%2Fjunkyards%2Fmichigan=&p=11,unknown,unknown,Yes
https://junkyardsnearme.com/junkyards/new-york/9998336-anton-junicic-ent-inc-brooklyn-ny,unknown,unknown,Yes
https://junkyardsnearme.com/junkyards/massachusetts/10000342-eco-recycling-brockton-ma,unknown,unknown,Yes
https://junkyardsnearme.com/junkyards/new-hampshire=&p=2?%2Fjunkyards%2Fnew-hampshire=&p=3,unknown,unknown,Yes
https://junkyardsnearme.com/junkyards/oklahoma/9999189-g-r-auto-parts-oklahoma-city-ok,unknown,unknown,Yes
https://junkyardsnearme.com/junkyards/new-york/9998328-junk-car-removal-brooklyn-new-york-iron-man-brooklyn-ny,unknown,unknown,Yes
https://junkyardsnearme.com/junkyards/new-jersey/9998479-donjon-recycling-c-m-metals-dover-nj,unknown,unknown,Yes
https://junkyardsnearme.com/junkyards/michigan/9997527-airport-auto-parts-services-detroit-mi,unknown,unknown,Yes
https://junkyardsnearme.com/junkyards/vermont/9999841-burnett-scrap-metals-llc-hinesburg-vt,unknown,unknown,Yes
https://junkyardsnearme.com/junkyards/pennsylvania/10000240-lkq-triple-nickel-chambersburg-pa,unknown,unknown,Yes
https://junkyardsnearme.com/junkyards/texas/9997681-anderson-auto-salvage-kolt-troy-tx,unknown,unknown,Yes
https://junkyardsnearme.com/junkyards=&p=342?%2Fjunkyards=&p=343,unknown,unknown,Yes
https://junkyardsnearme.com/junkyards=&p=459?%2Fjunkyards=&p=458,unknown,unknown,Yes
https://junkyardsnearme.com/junkyards/florida/9999334-green-star-auto-recyclers-orlando-fl,unknown,unknown,Yes
https://junkyardsnearme.com/junkyards/pennsylvania/9999586-hoyles-auto-salvage-clarksville-pa,unknown,unknown,Yes
https://junkyardsnearme.com/junkyards/florida/9998061-branif-enterprises-miami-fl,unknown,unknown,Yes
https://junkyardsnearme.com/junkyards/texas/9233517-chris-auto-salvage-waxahachie-tx,unknown,unknown,Yes
https://junkyardsnearme.com/junkyards/louisiana/10000209-lkq-north-louisiana-west-monroe-la,unknown,unknown,Yes
https://junkyardsnearme.com/junkyards/mississippi/3326449-browns-auto-salvage-greenville-ms,unknown,unknown,Yes
https://junkyardsnearme.com/junkyards=&p=285?%2Fjunkyards=&p=284,unknown,unknown,Yes
https://junkyardsnearme.com/junkyards/massachusetts/10000045-county-auto-wrecking-pittsfield-ma,unknown,unknown,Yes
https://junkyardsnearme.com/junkyards=&p=365?%2Fjunkyards=&p=366,unknown,unknown,Yes
https://junkyardsnearme.com/junkyards=&p=454?%2Fjunkyards=&p=455,unknown,unknown,Yes
https://junkyardsnearme.com/junkyards/georgia/10001242-r-d-auto-salvage-hazlehurst-ga,unknown,unknown,Yes
https://junkyardsnearme.com/junkyards/massachusetts/9999442-chets-scrap-metal-springfield-ma,unknown,unknown,Yes
https://junkyardsnearme.com/junkyards/michigan/2244810-travers-auto-st-johns-mi,unknown,unknown,Yes
https://junkyardsnearme.com/junkyards/georgia=&p=8,unknown,unknown,Yes
https://junkyardsnearme.com/junkyards/massachusetts/10000493-autogator-salvage-used-auto-carver-ma,unknown,unknown,Yes
https://junkyardsnearme.com/junkyards/massachusetts/9999509-j-talewsky-sons-inc-somerville-ma,unknown,unknown,Yes
https://junkyardsnearme.com/junkyards/new-hampshire/10000559-portsmith-trading-portsmouth-nh,unknown,unknown,Yes
https://junkyardsnearme.com/junkyards/new-york/2893434-aaron-auto-supply-corp-medford-ny,unknown,unknown,Yes
https://junkyardsnearme.com/junkyards=&p=376,unknown,unknown,Yes
https://junkyardsnearme.com/junkyards=&p=411?%2Fjunkyards=&p=410,unknown,unknown,Yes
https://junkyardsnearme.com/junkyards/new-york/10001058-millers-scrap-iron-metal-co-port-chester-ny,unknown,unknown,Yes
https://junkyardsnearme.com/junkyards/new-jersey=&p=5?%2Fjunkyards%2Fnew-jersey=&p=6,unknown,unknown,Yes
https://junkyardsnearme.com/junkyards/michigan/9999304-got-all-auto-parts-bay-city-mi,unknown,unknown,Yes
https://junkyardsnearme.com/junkyards/michigan/9997232-a-l-auto-recyclers-detroit-mi,unknown,unknown,Yes
https://junkyardsnearme.com/junkyards=&p=371?%2Fjunkyards=&p=370,unknown,unknown,Yes
https://junkyardsnearme.com/junkyards/pennsylvania/6892604-weekend-rides-llc-mt-cobb-pa,unknown,unknown,Yes
https://junkyardsnearme.com/junkyards/connecticut/9999935-leveilles-auto-recycling-somers-ct,unknown,unknown,Yes
https://junkyardsnearme.com/junkyards/rhode-island=&p=1?%2Fjunkyards%2Frhode-island=&p=2,unknown,unknown,Yes
https://junkyardsnearme.com/junkyards/arizona/10001378-riteway-auto-parts-phoenix-az,unknown,unknown,Yes
https://junkyardsnearme.com/junkyards/florida/10000655-mintons-auto-parts-opa-locka-fl,unknown,unknown,Yes
https://junkyardsnearme.com/junkyards/kentucky/9998027-blue-grass-auto-parts-lexington-ky,unknown,unknown,Yes
https://junkyardsnearme.com/junkyards/pennsylvania/3467673-denaples-auto-parts-dunmore-pa,unknown,unknown,Yes
https://junkyardsnearme.com/junkyards/pennsylvania/2521421-the-hubcap-store-inc-college-hill-pa,unknown,unknown,Yes
https://junkyardsnearme.com/junkyards/rhode-island=&p=3?%2Fjunkyards%2Frhode-island=&p=2,unknown,unknown,Yes
https://junkyardsnearme.com/junkyards/massachusetts/10000279-route-117-used-auto-parts-lancaster-ma,unknown,unknown,Yes
https://junkyardsnearme.com/junkyards/virginia/10000920-oak-hill-used-auto-parts-petersburg-va,unknown,unknown,Yes
https://junkyardsnearme.com/junkyards/manitoba?%2Fjunkyards%2Fmanitoba=&p=2,unknown,unknown,Yes
https://junkyardsnearme.com/junkyards/pennsylvania/10000243-lkq-venice-auto-parts-philadelphia-pa,unknown,unknown,Yes
https://junkyardsnearme.com/junkyards/illinois/9999994-kud-auto-parts-naperville-il,unknown,unknown,Yes
https://junkyardsnearme.com/junkyards/texas/10000158-lkq-burleson-burleson-tx,unknown,unknown,Yes
https://junkyardsnearme.com/junkyards/ohio/7336333-lkq-triplett-asap-akron-oh,unknown,unknown,Yes
https://junkyardsnearme.com/junkyards/kentucky/10000750-muncys-auto-recycling-belfry-ky,unknown,unknown,Yes
https://junkyardsnearme.com/junkyards/rhode-island/10000324-junk-that-auto-east-providence-ri,unknown,unknown,Yes
https://junkyardsnearme.com/junkyards/new-jersey/10001349-globe-metals-inc-newark-nj,unknown,unknown,Yes
https://junkyardsnearme.com/junkyards/oklahoma=&p=5?%2Fjunkyards%2Foklahoma=&p=6,unknown,unknown,Yes
https://junkyardsnearme.com/junkyards=&p=312?%2Fjunkyards=&p=311,unknown,unknown,Yes
https://junkyardsnearme.com/junkyards/arizona/8990524-desert-valley-auto-parts-phoenix-az,unknown,unknown,Yes
https://junkyardsnearme.com/junkyards/new-jersey=&p=10?%2Fjunkyards%2Fnew-jersey=&p=11,unknown,unknown,Yes
https://junkyardsnearme.com/junkyards/tennessee/9999170-frisco-auto-truck-memphis-tn,unknown,unknown,Yes
https://junkyardsnearme.com/junkyards=&p=58?%2Fjunkyards=&p=59,unknown,unknown,Yes
https://junkyardsnearme.com/junkyards/indiana=&p=4,unknown,unknown,Yes
https://junkyardsnearme.com/junkyards/north-carolina=&p=4?%2Fjunkyards%2Fnorth-carolina=&p=5,unknown,unknown,Yes
https://junkyardsnearme.com/junkyards/mississippi/9997858-b-m-salvage-verona-ms,unknown,unknown,Yes
https://junkyardsnearme.com/junkyards/georgia/9998240-carters-used-parts-cars-toccoa-ga,unknown,unknown,Yes
https://junkyardsnearme.com/junkyards/prince-edward-island,unknown,unknown,Yes
https://junkyardsnearme.com/junkyards/california=&p=19,unknown,unknown,Yes
https://junkyardsnearme.com/junkyards/colorado/10000254-lons-automotive-bayfield-co,unknown,unknown,Yes
https://junkyardsnearme.com/junkyards/michigan/10000386-macomb-auto-salvage-warren-mi,unknown,unknown,Yes
https://junkyardsnearme.com/junkyards/florida=&p=14,unknown,unknown,Yes
https://junkyardsnearme.com/junkyards/illinois/1112188-111-salvage-llc-granite-city-il,unknown,unknown,Yes
https://junkyardsnearme.com/junkyards/louisiana,unknown,unknown,Yes
https://junkyardsnearme.com/junkyards/quebec/10001131-pieces-dautos-st-robert-saint-robert-qc,unknown,unknown,Yes
https://junkyardsnearme.com/junkyards/north-carolina,unknown,unknown,Yes
https://junkyardsnearme.com/junkyards/minnesota/9997596-all-parts-pickup-auto-georgetown-mn,unknown,unknown,Yes
https://junkyardsnearme.com/junkyards/california/9998499-corona-auto-parts-recycling-corona-ca,unknown,unknown,Yes
https://junkyardsnearme.com/junkyards/california=&p=12?%2Fjunkyards%2Fcalifornia=&p=11,unknown,unknown,Yes
https://junkyardsnearme.com/junkyards=&p=434?%2Fjunkyards=&p=435,unknown,unknown,Yes
https://junkyardsnearme.com/junkyards/quebec/6693963-les-enterprise-leo-prudhomme-inc-laval-qc,unknown,unknown,Yes
https://junkyardsnearme.com/junkyards/tennessee/10002074-w-w-auto-parts-madisonville-tn,unknown,unknown,Yes
https://junkyardsnearme.com/junkyards/colorado=&p=7,unknown,unknown,Yes
https://junkyardsnearme.com/junkyards/massachusetts/9998989-kane-scrap-iron-metal-inc-chicopee-ma,unknown,unknown,Yes
https://junkyardsnearme.com/junkyards/michigan/10000933-oil-city-auto-salvage-inc-shepherd-mi,unknown,unknown,Yes
https://junkyardsnearme.com/junkyards=&p=268?%2Fjunkyards=&p=267,unknown,unknown,Yes
https://junkyardsnearme.com/junkyards/wisconsin/2829862-roz-auto-salvage-milwaukee-wi,unknown,unknown,Yes
https://junkyardsnearme.com/junkyards/california/9997499-advance-auto-wrecking-chula-vista-ca,unknown,unknown,Yes
https://junkyardsnearme.com/junkyards/mississippi/10001962-tri-state-auto-parts-walls-ms,unknown,unknown,Yes
https://junkyardsnearme.com/junkyards/pennsylvania/10000535-metalico-north-east-auto-north-east-pa,unknown,unknown,Yes
https://junkyardsnearme.com/junkyards/new-york/10000898-northway-auto-parts-queensbury-ny,unknown,unknown,Yes
https://junkyardsnearme.com/junkyards=&p=17,unknown,unknown,Yes
https://junkyardsnearme.com/junkyards/new-york/9998377-bergen-street-used-parts-brooklyn-ny,unknown,unknown,Yes
https://junkyardsnearme.com/junkyards=&p=476?%2Fjunkyards=&p=475,unknown,unknown,Yes
https://junkyardsnearme.com/junkyards/indiana/10000537-metro-auto-recyclers-indianapolis-in,unknown,unknown,Yes
https://junkyardsnearme.com/junkyards/new-hampshire/9999538-argo-cycles-and-auto-inc-raymond-nh,unknown,unknown,Yes
https://junkyardsnearme.com/junkyards/wisconsin/4948100-bay-auto-parts-inc-green-bay-wi,unknown,unknown,Yes
https://junkyardsnearme.com/junkyards/utah=&p=2?%2Fjunkyards%2Futah=&p=1,unknown,unknown,Yes
https://junkyardsnearme.com/junkyards=&p=121?%2Fjunkyards=&p=122,unknown,unknown,Yes
https://junkyardsnearme.com/junkyards/georgia/9999809-joeys-auto-truck-parts-canon-ga,unknown,unknown,Yes
https://junkyardsnearme.com/junkyards/maine/10000607-west-paris-metals-west-paris-me,unknown,unknown,Yes
https://junkyardsnearme.com/junkyards/vermont/4725794-gates-salvage-yard-inc-hardwick-vt,unknown,unknown,Yes
https://junkyardsnearme.com/junkyards=&p=235,unknown,unknown,Yes
https://junkyardsnearme.com/junkyards/california/1111117-sa-recycling-santa-ana-ca,unknown,unknown,Yes
https://junkyardsnearme.com/junkyards/connecticut/2830760-alberts-used-auto-parts-llc-thomaston-ct,unknown,unknown,Yes
https://junkyardsnearme.com/junkyards/north-carolina/9998933-elite-auto-lights-flat-rock-nc,unknown,unknown,Yes
https://junkyardsnearme.com/junkyards/tennessee/9998363-clays-warford-auto-parts-llc-memphis-tn,unknown,unknown,Yes
https://junkyardsnearme.com/terms-and-conditions,unknown,unknown,Yes
https://junkyardsnearme.com/junkyards/north-carolina/9997840-b-b-used-auto-parts-fayetteville-nc,unknown,unknown,Yes
https://junkyardsnearme.com/junkyards/new-jersey/9999289-gmill-nj-millville-nj,unknown,unknown,Yes
https://junkyardsnearme.com/junkyards/british-columbia/9997414-aabc-discount-used-auto-parts-richmond-bc,unknown,unknown,Yes
https://junkyardsnearme.com/junkyards=&p=103?%2Fjunkyards=&p=104,unknown,unknown,Yes
https://junkyardsnearme.com/junkyards=&p=104,unknown,unknown,Yes
https://junkyardsnearme.com/junkyards/florida=&p=7?%2Fjunkyards%2Fflorida=&p=6,unknown,unknown,Yes
https://junkyardsnearme.com/junkyards/pennsylvania/9997921-bears-auto-recycling-harrison-valley-pa,unknown,unknown,Yes
https://junkyardsnearme.com/junkyards/connecticut=&p=1,unknown,unknown,Yes
https://junkyardsnearme.com/junkyards=&p=224,unknown,unknown,Yes
https://junkyardsnearme.com/junkyards=&p=227?%2Fjunkyards=&p=228,unknown,unknown,Yes
https://junkyardsnearme.com/junkyards-by-location,unknown,unknown,Yes
https://junkyardsnearme.com/junkyards/prince-edward-island/9999709-island-auto-salvage-brackley-pe,unknown,unknown,Yes
https://junkyardsnearme.com/junkyards=&p=291?%2Fjunkyards=&p=290,unknown,unknown,Yes
https://junkyardsnearme.com/junkyards/tennessee/10001982-turner-auto-salvage-mcminnville-tn,unknown,unknown,Yes
https://junkyardsnearme.com/junkyards/connecticut/3454591-east-coast-auto-salvage-inc-higganum-ct,unknown,unknown,Yes
https://junkyardsnearme.com/junkyards/maryland/10001252-race-auto-parts-llc-jessup-md,unknown,unknown,Yes
https://junkyardsnearme.com/junkyards/pennsylvania/9997539-als-auto-parts-feasterville-trevose-pa,unknown,unknown,Yes
https://junkyardsnearme.com/junkyards/texas/5697451-a-1-auto-wrecking-inc-nacogdoches-tx,unknown,unknown,Yes
https://junkyardsnearme.com/junkyards/maine/9999713-aim-bangor-bangor-me,unknown,unknown,Yes
https://junkyardsnearme.com/junkyards/new-york/6931226-jaz-auto-wreckers-llc-woodridge-ny,unknown,unknown,Yes
https://junkyardsnearme.com/junkyards/ohio/9998195-camp-auto-salvage-barberton-oh,unknown,unknown,Yes
https://junkyardsnearme.com/junkyards/new-york/9998390-cash-for-junk-cars-queens-jamaica-ny,unknown,unknown,Yes
https://junkyardsnearme.com/junkyards/california/9999877-k-p-auto-dismantlers-fontana-ca,unknown,unknown,Yes
https://junkyardsnearme.com/junkyards/nebraska/6327625-richs-wrecking-salvage-gering-ne,unknown,unknown,Yes
https://junkyardsnearme.com/junkyards/north-carolina=&p=17,unknown,unknown,Yes
https://junkyardsnearme.com/junkyards=&p=226?%2Fjunkyards=&p=227,unknown,unknown,Yes
https://junkyardsnearme.com/junkyards/california/3287513-schimmicks-auto-dismantlers-inc-torrance-ca,unknown,unknown,Yes
https://junkyardsnearme.com/junkyards/ohio/8830500-eagle-auto-parts-cleveland-oh,unknown,unknown,Yes
https://junkyardsnearme.com/junkyards/rhode-island/10000519-js-junk-removal-bristol-ri,unknown,unknown,Yes
https://junkyardsnearme.com/junkyards=&p=436?%2Fjunkyards=&p=437,unknown,unknown,Yes
https://junkyardsnearme.com/junkyards=&p=277,unknown,unknown,Yes
https://junkyardsnearme.com/junkyards/georgia/9997794-auto-parts-r-us-east-dublin-ga,unknown,unknown,Yes
https://junkyardsnearme.com/junkyards/colorado=&p=8,unknown,unknown,Yes
https://junkyardsnearme.com/junkyards/florida/9998774-dougs-auto-parts-pompano-beach-fl,unknown,unknown,Yes
https://junkyardsnearme.com/junkyards/quebec/9999419-haut-richelieu-pieces-dautos-sabrevois-qc,unknown,unknown,Yes
https://junkyardsnearme.com/junkyards/louisiana/9997222-a-b-motors-amite-la,unknown,unknown,Yes
https://junkyardsnearme.com/junkyards/ohio=&p=7?%2Fjunkyards%2Fohio=&p=6,unknown,unknown,Yes
https://junkyardsnearme.com/junkyards/pennsylvania=&p=22?%2Fjunkyards%2Fpennsylvania=&p=21,unknown,unknown,Yes
https://junkyardsnearme.com/junkyards/illinois/10000833-north-shore-recycling-evanston-il,unknown,unknown,Yes
https://junkyardsnearme.com/junkyards/georgia/10000443-mazmart-atlanta-ga,unknown,unknown,Yes
https://junkyardsnearme.com/junkyards/nebraska/4674541-olstons-auto-recyclers-lincoln-ne,unknown,unknown,Yes
https://junkyardsnearme.com/junkyards/massachusetts/9999224-dorrance-recycling-corp-attleboro-ma,unknown,unknown,Yes
https://junkyardsnearme.com/junkyards/pennsylvania/10000220-lkq-pittsburgh-pittsburgh-pa,unknown,unknown,Yes
https://junkyardsnearme.com/junkyards/florida/10001758-start-drift-inc-hollywood-fl,unknown,unknown,Yes
https://junkyardsnearme.com/junkyards/new-york/3436868-anderson-service-middletown-ny,unknown,unknown,Yes
https://junkyardsnearme.com/junkyards/florida/9999851-brandon-auto-salvage-valrico-fl,unknown,unknown,Yes
https://junkyardsnearme.com/junkyards/illinois/10001408-robertsons-used-auto-parts-mapleton-il,unknown,unknown,Yes
https://junkyardsnearme.com/junkyards/nevada=&p=2?%2Fjunkyards%2Fnevada=&p=1,unknown,unknown,Yes
https://junkyardsnearme.com/junkyards/new-mexico/5985584-highway-64-truck-and-auto-salvage-kirtland-nm,unknown,unknown,Yes
https://junkyardsnearme.com/junkyards=&p=145,unknown,unknown,Yes
https://junkyardsnearme.com/junkyards=&p=439?%2Fjunkyards=&p=440,unknown,unknown,Yes
https://junkyardsnearme.com/junkyards/georgia/9999832-jps-muscle-cars-monroe-ga,unknown,unknown,Yes
https://junkyardsnearme.com/junkyards=&p=469?%2Fjunkyards=&p=468,unknown,unknown,Yes
https://junkyardsnearme.com/junkyards/pennsylvania/10001924-easton-auto-salvage-easton-pa,unknown,unknown,Yes
https://junkyardsnearme.com/junkyards=&p=425,unknown,unknown,Yes
https://junkyardsnearme.com/junkyards/louisiana/9997812-auto-tech-pineville-la,unknown,unknown,Yes
https://junkyardsnearme.com/junkyards/california/10000970-pacific-auto-company-south-el-monte-ca,unknown,unknown,Yes
https://junkyardsnearme.com/junkyards/missouri/10000669-modern-auto-parts-inc-saint-louis-mo,unknown,unknown,Yes
https://junkyardsnearme.com/junkyards/alberta/2723343-forest-lawn-auto-parts-depot-calgary-ab,unknown,unknown,Yes
https://junkyardsnearme.com/junkyards/tennessee/6662993-qualls-auto-salvage-lafayette-tn,unknown,unknown,Yes
https://junkyardsnearme.com/junkyards=&p=126,unknown,unknown,Yes
https://junkyardsnearme.com/junkyards/rhode-island/10000517-johnston-auto-salvage-johnston-ri,unknown,unknown,Yes
https://junkyardsnearme.com/junkyards=&p=290,unknown,unknown,Yes
https://junkyardsnearme.com/junkyards/california/10001220-r-f-used-auto-parts-dismantling-san-bernardino-ca,unknown,unknown,Yes
https://junkyardsnearme.com/junkyards/south-carolina/9729950-jims-auto-inc-westminster-sc,unknown,unknown,Yes
https://junkyardsnearme.com/junkyards/vermont/10000720-fairfax-salvage-repair-fairfax-vt,unknown,unknown,Yes
https://junkyardsnearme.com/junkyards=&p=53?%2Fjunkyards=&p=54,unknown,unknown,Yes
https://junkyardsnearme.com/junkyards/florida/9997333-1-a-b-c-auto-parts-orlando-fl,unknown,unknown,Yes
https://junkyardsnearme.com/junkyards/new-york/9998581-d-d-used-truck-parts-bellport-ny,unknown,unknown,Yes
https://junkyardsnearme.com/junkyards/minnesota/9998300-chesney-auto-salvage-duluth-mn,unknown,unknown,Yes
https://junkyardsnearme.com/junkyards/ohio/9998436-columbus-auto-parts-llc-grove-city-oh,unknown,unknown,Yes
https://junkyardsnearme.com/junkyards/north-carolina=&p=8?%2Fjunkyards%2Fnorth-carolina=&p=7,unknown,unknown,Yes
https://junkyardsnearme.com/junkyards/pennsylvania=&p=23?%2Fjunkyards%2Fpennsylvania=&p=22,unknown,unknown,Yes
https://junkyardsnearme.com/junkyards=&p=252?%2Fjunkyards=&p=251,unknown,unknown,Yes
https://junkyardsnearme.com/junkyards/tennessee/9998218-car-shoppe-fayetteville-tn,unknown,unknown,Yes
https://junkyardsnearme.com/junkyards=&p=115?%2Fjunkyards=&p=114,unknown,unknown,Yes
https://junkyardsnearme.com/junkyards/north-carolina/8729265-capital-chrysler-jeep-dodge-garner-nc,unknown,unknown,Yes
https://junkyardsnearme.com/junkyards/florida=&p=28?%2Fjunkyards%2Fflorida=&p=27,unknown,unknown,Yes
https://junkyardsnearme.com/junkyards/north-carolina=&p=11?%2Fjunkyards%2Fnorth-carolina=&p=12,unknown,unknown,Yes
https://junkyardsnearme.com/junkyards/quebec/10001134-pieces-dautos-reno-vaudreuil-dorion-qc,unknown,unknown,Yes
https://junkyardsnearme.com/junkyards/texas/9999667-import-salvage-parts-autos-nevada-tx,unknown,unknown,Yes
https://junkyardsnearme.com/junkyards/nova-scotia/9998022-blenkhorns-auto-recyclers-brookside-ns,unknown,unknown,Yes
https://junkyardsnearme.com/junkyards/california=&p=4?%2Fjunkyards%2Fcalifornia=&p=5,unknown,unknown,Yes
https://junkyardsnearme.com/junkyards=&p=368,unknown,unknown,Yes
https://junkyardsnearme.com/junkyards=&p=399?%2Fjunkyards=&p=398,unknown,unknown,Yes
https://junkyardsnearme.com/junkyards/virginia=&p=8?%2Fjunkyards%2Fvirginia=&p=9,unknown,unknown,Yes
https://junkyardsnearme.com/junkyards/new-york/9998333-cash-for-junk-cars-staten-island-ny,unknown,unknown,Yes
https://junkyardsnearme.com/junkyards/connecticut/9999959-heavy-weight-inc-cheshire-ct,unknown,unknown,Yes
https://junkyardsnearme.com/junkyards/michigan/10000928-oem-wheels-more-ferndale-mi,unknown,unknown,Yes
https://junkyardsnearme.com/junkyards/colorado/5074222-affordable-automotive-inc-aurora-co,unknown,unknown,Yes
https://junkyardsnearme.com/junkyards/new-jersey/7519170-get-cash-for-your-car-florham-park-nj,unknown,unknown,Yes
https://junkyardsnearme.com/junkyards/florida/10000356-m-k-used-auto-orange-city-fl,unknown,unknown,Yes
https://junkyardsnearme.com/junkyards=&p=432?%2Fjunkyards=&p=433,unknown,unknown,Yes
https://junkyardsnearme.com/junkyards/colorado=&p=5?%2Fjunkyards%2Fcolorado=&p=4,unknown,unknown,Yes
https://junkyardsnearme.com/junkyards/pennsylvania/9997317-a-e-minotto-auto-parts-inc-douglassville-pa,unknown,unknown,Yes
https://junkyardsnearme.com/junkyards/connecticut=&p=9?%2Fjunkyards%2Fconnecticut=&p=10,unknown,unknown,Yes
https://junkyardsnearme.com/junkyards/connecticut/9999946-marks-auto-parts-east-granby-ct,unknown,unknown,Yes
https://junkyardsnearme.com/junkyards/california/9998894-eco-auto-dismantling-american-canyon-ca,unknown,unknown,Yes
https://junkyardsnearme.com/junkyards=&p=260?%2Fjunkyards=&p=259,unknown,unknown,Yes
https://junkyardsnearme.com/junkyards/new-jersey/9998464-cash-for-junk-cars-newark-nj,unknown,unknown,Yes
https://junkyardsnearme.com/junkyards=&p=43,unknown,unknown,Yes
https://junkyardsnearme.com/junkyards/ontario/10001464-rushs-auto-parts-caledonia-on,unknown,unknown,Yes
https://junkyardsnearme.com/junkyards/michigan/9998282-champion-auto-parts-clio-mi,unknown,unknown,Yes
https://junkyardsnearme.com/junkyards/michigan/9998267-central-avenue-auto-parts-detroit-mi,unknown,unknown,Yes
https://junkyardsnearme.com/junkyards/california/9999921-khs-auto-dismantling-rancho-cordova-ca,unknown,unknown,Yes
https://junkyardsnearme.com/junkyards/ohio=&p=18?%2Fjunkyards%2Fohio=&p=19,unknown,unknown,Yes
https://junkyardsnearme.com/junkyards/new-jersey/9998870-aberdeen-auto-salvage-morganville-nj,unknown,unknown,Yes
https://junkyardsnearme.com/junkyards/ohio/7696050-cincinnati-auto-recycling-cincinnati-oh,unknown,unknown,Yes
https://junkyardsnearme.com/junkyards=&p=283?%2Fjunkyards=&p=284,unknown,unknown,Yes
https://junkyardsnearme.com/junkyards/michigan/9997412-aaa-used-auto-sales-parts-llc-detroit-mi,unknown,unknown,Yes
https://junkyardsnearme.com/junkyards/pennsylvania/10001926-jfr-salvage-inc-wind-gap-pa,unknown,unknown,Yes
https://junkyardsnearme.com/junkyards/massachusetts/8839410-phils-auto-parts-blackstone-ma,unknown,unknown,Yes
https://junkyardsnearme.com/junkyards=&p=147?%2Fjunkyards=&p=146,unknown,unknown,Yes
https://junkyardsnearme.com/junkyards/north-carolina/9998266-central-auto-salvage-thomasville-nc,unknown,unknown,Yes
https://junkyardsnearme.com/junkyards/florida/2695800-all-auto-salvage-titusville-fl,unknown,unknown,Yes
https://junkyardsnearme.com/junkyards/british-columbia=&p=5,unknown,unknown,Yes
https://junkyardsnearme.com/junkyards/georgia/9997872-b-w-salvage-metter-ga,unknown,unknown,Yes
https://junkyardsnearme.com/junkyards/pennsylvania=&p=23?%2Fjunkyards%2Fpennsylvania=&p=24,unknown,unknown,Yes
https://junkyardsnearme.com/junkyards/ontario/9997782-auto-part-central-north-bay-on,unknown,unknown,Yes
https://junkyardsnearme.com/junkyards/arizona/2787411-ray-bobs-truck-salvage-phoenix-az,unknown,unknown,Yes
https://junkyardsnearme.com/junkyards/wisconsin/9998835-east-troy-auto-recyclers-east-troy-wi,unknown,unknown,Yes
https://junkyardsnearme.com/junkyards/georgia/10000724-motor-vehicle-sales-of-georgia-canon-ga,unknown,unknown,Yes
https://junkyardsnearme.com/junkyards/quebec=&p=4?%2Fjunkyards%2Fquebec=&p=3,unknown,unknown,Yes
https://junkyardsnearme.com/junkyards/saskatchewan/10001297-red-wing-auto-recyclers-prince-albert-sk,unknown,unknown,Yes
https://junkyardsnearme.com/junkyards/oregon/10001047-pick-a-part-turner-par-turner-or,unknown,unknown,Yes
https://junkyardsnearme.com/junkyards/florida/9999943-kissimmee-auto-salvage-kissimmee-fl,unknown,unknown,Yes
https://junkyardsnearme.com/junkyards/massachusetts/10000496-jcm-hyannis-ma,unknown,unknown,Yes
https://junkyardsnearme.com/junkyards=&p=13,unknown,unknown,Yes
https://junkyardsnearme.com/junkyards/ohio/10001204-quaker-city-auto-parts-salem-oh,unknown,unknown,Yes
https://junkyardsnearme.com/junkyards/massachusetts/10000235-lkq-southwick-webster-ma,unknown,unknown,Yes
https://junkyardsnearme.com/junkyards/tennessee/9999142-fox-auto-salvage-oak-ridge-tn,unknown,unknown,Yes
https://junkyardsnearme.com/junkyards/washington=&p=9,unknown,unknown,Yes
https://junkyardsnearme.com/junkyards/north-carolina/10001219-r-d-auto-parts-shelby-nc,unknown,unknown,Yes
https://junkyardsnearme.com/junkyards/florida/10000012-lakeland-auto-salvage-lakeland-fl,unknown,unknown,Yes
https://junkyardsnearme.com/junkyards/rhode-island/9524993-aces-towing-providence-ri,unknown,unknown,Yes
https://junkyardsnearme.com/junkyards/ohio=&p=11,unknown,unknown,Yes
https://junkyardsnearme.com/junkyards=&p=230,unknown,unknown,Yes
https://junkyardsnearme.com/junkyards/florida/9999674-infinisan-cars-parts-hialeah-fl,unknown,unknown,Yes
https://junkyardsnearme.com/junkyards/hawaii,unknown,unknown,Yes
https://junkyardsnearme.com/junkyards/texas/9999664-import-auto-salvage-denton-tx,unknown,unknown,Yes
https://junkyardsnearme.com/junkyards=&p=52?%2Fjunkyards=&p=53,unknown,unknown,Yes
https://junkyardsnearme.com/junkyards/illinois/9998350-city-auto-parts-glass-calumet-city-il,unknown,unknown,Yes
https://junkyardsnearme.com/junkyards/california/9997585-all-hyundai-isuzu-kia-all-honda-nissan-auto-recycling-rancho-cordova-ca,unknown,unknown,Yes
https://junkyardsnearme.com/junkyards/ontario/10001520-saunders-auto-service-thorndale-on,unknown,unknown,Yes
https://junkyardsnearme.com/junkyards/tennessee/9998832-east-street-automotive-memphis-tn,unknown,unknown,Yes
https://junkyardsnearme.com/junkyards/west-virginia=&p=2?%2Fjunkyards%2Fwest-virginia=&p=1,unknown,unknown,Yes
https://junkyardsnearme.com/junkyards/arkansas/10000173-lkq-northwest-arkansas-fayetteville-ar,unknown,unknown,Yes
https://junkyardsnearme.com/junkyards/nevada/9997696-any-all-auto-parts-henderson-nv,unknown,unknown,Yes
https://junkyardsnearme.com/junkyards/new-york/10001440-roths-auto-wrecking-jamaica-ny,unknown,unknown,Yes
https://junkyardsnearme.com/junkyards/new-hampshire/9997669-american-used-auto-parts-rochester-nh,unknown,unknown,Yes
https://junkyardsnearme.com/junkyards/texas/9999521-hill-country-auto-salvage-marble-falls-tx,unknown,unknown,Yes
https://junkyardsnearme.com/junkyards/minnesota=&p=12,unknown,unknown,Yes
https://junkyardsnearme.com/junkyards=&p=495?%2Fjunkyards=&p=496,unknown,unknown,Yes
https://junkyardsnearme.com/junkyards/delaware/9998679-delaware-auto-salvage-new-castle-de,unknown,unknown,Yes
https://junkyardsnearme.com/junkyards/california/9999393-harouts-bmw-mbz-auto-parts-sun-valley-ca,unknown,unknown,Yes
https://junkyardsnearme.com/junkyards/california/9997641-alvins-automotive-recycling-scada-emeryville-ca,unknown,unknown,Yes
https://junkyardsnearme.com/junkyards/washington/9997353-97-auto-wrecking-shulls-towing-brewster-wa,unknown,unknown,Yes
https://junkyardsnearme.com/junkyards/pennsylvania/10000372-m-used-auto-parts-philadelphia-pa,unknown,unknown,Yes
https://junkyardsnearme.com/junkyards/pennsylvania/10001936-abe-auto-salvage-bethlehem-pa,unknown,unknown,Yes
https://junkyardsnearme.com/junkyards/new-brunswick/9997912-bastaraches-auto-salvage-shediac-river-nb,unknown,unknown,Yes
https://junkyardsnearme.com/junkyards/michigan/9999937-kings-auto-parts-service-highland-park-mi,unknown,unknown,Yes
https://junkyardsnearme.com/junkyards/california/9999186-g-s-auto-dismantler-rancho-cordova-ca,unknown,unknown,Yes
https://junkyardsnearme.com/junkyards=&p=435,unknown,unknown,Yes
https://junkyardsnearme.com/junkyards/arkansas,unknown,unknown,Yes
https://junkyardsnearme.com/junkyards/ohio/9293323-junk-a-car-columbus-oh,unknown,unknown,Yes
https://junkyardsnearme.com/junkyards=&p=17?%2Fjunkyards=&p=18,unknown,unknown,Yes
https://junkyardsnearme.com/junkyards/massachusetts/9999251-all-day-junk-removal-lawrence-ma,unknown,unknown,Yes
https://junkyardsnearme.com/junkyards/oklahoma=&p=3?%2Fjunkyards%2Foklahoma=&p=2,unknown,unknown,Yes
https://junkyardsnearme.com/junkyards/indiana/10000892-northside-imported-cars-cicero-in,unknown,unknown,Yes
https://junkyardsnearme.com/junkyards/virginia/10002067-virginia-auto-truck-parts-king-george-va,unknown,unknown,Yes
https://junkyardsnearme.com/junkyards=&p=424?%2Fjunkyards=&p=425,unknown,unknown,Yes
https://junkyardsnearme.com/junkyards/pennsylvania=&p=4?%2Fjunkyards%2Fpennsylvania=&p=5,unknown,unknown,Yes
https://junkyardsnearme.com/junkyards/ohio/9998370-cleveland-auto-wrecking-youngstown-oh,unknown,unknown,Yes
https://junkyardsnearme.com/junkyards/arizona=&p=3,unknown,unknown,Yes
https://junkyardsnearme.com/junkyards=&p=452,unknown,unknown,Yes
https://junkyardsnearme.com/junkyards/florida/9999094-flamingo-auto-homestead-fl,unknown,unknown,Yes
https://junkyardsnearme.com/junkyards=&p=467?%2Fjunkyards=&p=468,unknown,unknown,Yes
https://junkyardsnearme.com/junkyards/connecticut/10000873-1-800-got-junk-connecticut-no-wallingford-ct,unknown,unknown,Yes
https://junkyardsnearme.com/junkyards=&p=347?%2Fjunkyards=&p=346,unknown,unknown,Yes
https://junkyardsnearme.com/junkyards/pennsylvania/5983020-wrightstown-used-auto-truck-parts-newtown-pa,unknown,unknown,Yes
https://junkyardsnearme.com/junkyards/california/9997745-atlas-auto-salvage-hesperia-ca,unknown,unknown,Yes
https://junkyardsnearme.com/junkyards/minnesota/9998124-bud-jones-sons-auto-salvage-onamia-mn,unknown,unknown,Yes
https://junkyardsnearme.com/junkyards/oklahoma/10001239-r-s-auto-parts-moffett-ok,unknown,unknown,Yes
https://junkyardsnearme.com/junkyards/texas/9998721-diamante-auto-parts-dallas-tx,unknown,unknown,Yes
https://junkyardsnearme.com/junkyards/new-jersey/9998687-a-d-buys-junk-cars-perth-amboy-nj,unknown,unknown,Yes
https://junkyardsnearme.com/junkyards=&p=221,unknown,unknown,Yes
https://junkyardsnearme.com/junkyards/texas/4834497-greenleaf-auto-recyclers-llc-kennedale-kennedale-tx,unknown,unknown,Yes
https://junkyardsnearme.com/junkyards=&p=137?%2Fjunkyards=&p=138,unknown,unknown,Yes
https://junkyardsnearme.com/junkyards=&p=28?%2Fjunkyards=&p=29,unknown,unknown,Yes
https://junkyardsnearme.com/junkyards=&p=309?%2Fjunkyards=&p=308,unknown,unknown,Yes
https://junkyardsnearme.com/junkyards/california/9997917-bavarian-auto-recycling-rancho-cordova-ca,unknown,unknown,Yes
https://junkyardsnearme.com/junkyards=&p=142?%2Fjunkyards=&p=143,unknown,unknown,Yes
https://junkyardsnearme.com/junkyards/ontario/9999721-j-j-auto-recyclers-leamington-on,unknown,unknown,Yes
https://junkyardsnearme.com/junkyards/indiana/9999637-hundts-auto-salvage-plymouth-in,unknown,unknown,Yes
https://junkyardsnearme.com/junkyards/arizona/9998441-complete-auto-recyclers-phoenix-az,unknown,unknown,Yes
https://junkyardsnearme.com/junkyards/california/9997454-ace-auto-wrecking-sacramento-ca,unknown,unknown,Yes
https://junkyardsnearme.com/junkyards/delaware/10000568-mid-del-auto-parts-used-cars-smyrna-de,unknown,unknown,Yes
https://junkyardsnearme.com/junkyards/indiana/10000710-morgans-auto-inc-paoli-in,unknown,unknown,Yes
https://junkyardsnearme.com/junkyards=&p=35?%2Fjunkyards=&p=34,unknown,unknown,Yes
https://junkyardsnearme.com/junkyards=&p=137,unknown,unknown,Yes
https://junkyardsnearme.com/junkyards/connecticut/2249920-arite-used-auto-parts-new-britain-ct,unknown,unknown,Yes
https://junkyardsnearme.com/junkyards/massachusetts/9997743-atlantic-used-truck-salvage-lowell-ma,unknown,unknown,Yes
https://junkyardsnearme.com/junkyards=&p=66?%2Fjunkyards=&p=67,unknown,unknown,Yes
https://junkyardsnearme.com/junkyards/michigan=&p=3?%2Fjunkyards%2Fmichigan=&p=4,unknown,unknown,Yes
https://junkyardsnearme.com/junkyards=&p=322,unknown,unknown,Yes
https://junkyardsnearme.com/junkyards=&p=484,unknown,unknown,Yes
https://junkyardsnearme.com/junkyards/kentucky/8456060-jrs-auto-salvage-flemingsburg-ky,unknown,unknown,Yes
https://junkyardsnearme.com/junkyards/nevada/10000795-nevada-pic-a-part-henderson-nv,unknown,unknown,Yes
https://junkyardsnearme.com/junkyards/florida=&p=30?%2Fjunkyards%2Fflorida=&p=31,unknown,unknown,Yes
https://junkyardsnearme.com/junkyards=&p=206,unknown,unknown,Yes
https://junkyardsnearme.com/junkyards/massachusetts/10000317-atlantic-metal-recycling-hanson-ma,unknown,unknown,Yes
https://junkyardsnearme.com/junkyards/connecticut/7427351-andover-used-auto-parts-andover-ct,unknown,unknown,Yes
https://junkyardsnearme.com/junkyards/illinois=&p=10?%2Fjunkyards%2Fillinois=&p=9,unknown,unknown,Yes
https://junkyardsnearme.com/junkyards/oregon/9998128-buds-auto-wrecking-portland-or,unknown,unknown,Yes
https://junkyardsnearme.com/junkyards=&p=136?%2Fjunkyards=&p=135,unknown,unknown,Yes
https://junkyardsnearme.com/junkyards/pennsylvania/9997913-bastins-truck-parts-tarentum-pa,unknown,unknown,Yes
https://junkyardsnearme.com/junkyards/michigan/5412011-ryans-auto-parts-ferndale-mi,unknown,unknown,Yes
https://junkyardsnearme.com/junkyards/south-carolina/10000377-m-m-motors-of-hemingway-hemingway-sc,unknown,unknown,Yes
https://junkyardsnearme.com/junkyards/arizona/9999342-durable-metals-llc-tempe-az,unknown,unknown,Yes
https://junkyardsnearme.com/junkyards/ohio/2175800-pay-less-auto-parts-middletown-oh,unknown,unknown,Yes
https://junkyardsnearme.com/junkyards/virginia?%2Fjunkyards%2Fvirginia=&p=2,unknown,unknown,Yes
https://junkyardsnearme.com/junkyards=&p=500,unknown,unknown,Yes
https://junkyardsnearme.com/junkyards/indiana/9998191-calvin-sons-auto-wrecking-kingman-in,unknown,unknown,Yes
https://junkyardsnearme.com/junkyards/new-jersey/9998682-faulk-scrap-metal-llc-kearny-nj,unknown,unknown,Yes
https://junkyardsnearme.com/junkyards/georgia/9997443-ac-auto-salvage-hull-ga,unknown,unknown,Yes
https://junkyardsnearme.com/junkyards/minnesota/9999916-key-city-auto-parts-lake-crystal-mn,unknown,unknown,Yes
https://junkyardsnearme.com/junkyards/tennessee/9998167-c-h-auto-salvage-ii-union-city-tn,unknown,unknown,Yes
https://junkyardsnearme.com/junkyards=&p=65?%2Fjunkyards=&p=64,unknown,unknown,Yes
https://junkyardsnearme.com/junkyards/british-columbia/10000721-mostly-german-auto-recycling-port-coquitlam-bc,unknown,unknown,Yes
https://junkyardsnearme.com/junkyards/missouri/10001425-rolla-auto-salvage-sales-rolla-mo,unknown,unknown,Yes
https://junkyardsnearme.com/junkyards=&p=340,unknown,unknown,Yes
https://junkyardsnearme.com/junkyards=&p=341?%2Fjunkyards=&p=340,unknown,unknown,Yes
https://junkyardsnearme.com/junkyards/utah/9997439-above-all-auto-repair-cedar-city-ut,unknown,unknown,Yes
https://junkyardsnearme.com/junkyards=&p=322?%2Fjunkyards=&p=321,unknown,unknown,Yes
https://junkyardsnearme.com/junkyards/massachusetts/9999221-bobs-tire-co-new-bedford-ma,unknown,unknown,Yes
https://junkyardsnearme.com/junkyards/iowa/9997836-b-b-salvage-sioux-center-ia,unknown,unknown,Yes
https://junkyardsnearme.com/junkyards=&p=182?%2Fjunkyards=&p=181,unknown,unknown,Yes
https://junkyardsnearme.com/junkyards/minnesota/9998229-carney-auto-austin-mn,unknown,unknown,Yes
https://junkyardsnearme.com/junkyards=&p=364?%2Fjunkyards=&p=365,unknown,unknown,Yes
https://junkyardsnearme.com/junkyards/pennsylvania/9998314-chucks-auto-salvage-douglassville-pa,unknown,unknown,Yes
https://junkyardsnearme.com/junkyards/pennsylvania/9997708-aps-recycling-stroudsburg-pa,unknown,unknown,Yes
https://junkyardsnearme.com/junkyards/washington/9997544-als-lynnwood-truck-parts-everett-wa,unknown,unknown,Yes
https://junkyardsnearme.com/junkyards/nebraska/9999364-h-h-owl-auto-parts-grand-island-ne,unknown,unknown,Yes
https://junkyardsnearme.com/junkyards/iowa/9997837-b-b-salvage-sioux-center-ia,unknown,unknown,Yes
https://junkyardsnearme.com/junkyards=&p=12?%2Fjunkyards=&p=11,unknown,unknown,Yes
https://junkyardsnearme.com/junkyards/oklahoma/10000135-lkq-1st-choice-auto-parts-tulsa-ok,unknown,unknown,Yes
https://junkyardsnearme.com/junkyards=&p=512?%2Fjunkyards=&p=511,unknown,unknown,Yes
https://junkyardsnearme.com/junkyards/california/9999046-extreme-auto-parts-rancho-cordova-ca,unknown,unknown,Yes
https://junkyardsnearme.com/junkyards/iowa/9999421-hawkeye-auto-salvage-de-soto-ia,unknown,unknown,Yes
https://junkyardsnearme.com/junkyards/kansas/9998311-chrisman-truck-auto-recycling-wichita-ks,unknown,unknown,Yes
https://junkyardsnearme.com/junkyards/iowa/10001352-rich-metals-co-muscatine-ia,unknown,unknown,Yes
https://junkyardsnearme.com/junkyards/new-jersey/4770880-brick-recycling-co-inc-brick-nj,unknown,unknown,Yes
https://junkyardsnearme.com/junkyards/texas/10000398-manuels-used-auto-parts-2-houston-tx,unknown,unknown,Yes
https://junkyardsnearme.com/junkyards/massachusetts/9999130-cash-for-junk-cars-in-framingham-framingham-ma,unknown,unknown,Yes
https://junkyardsnearme.com/junkyards/tennessee=&p=7?%2Fjunkyards%2Ftennessee=&p=6,unknown,unknown,Yes
https://junkyardsnearme.com/junkyards=&p=381?%2Fjunkyards=&p=382,unknown,unknown,Yes
https://junkyardsnearme.com/junkyards/michigan/9997801-auto-recyclers-association-of-mi-grand-blanc-mi,unknown,unknown,Yes
https://junkyardsnearme.com/junkyards/maryland/9997951-best-auto-parts-llc-frederick-md,unknown,unknown,Yes
https://junkyardsnearme.com/junkyards/wisconsin/9998509-cousineau-auto-parts-appleton-wi,unknown,unknown,Yes
https://junkyardsnearme.com/junkyards/new-jersey/9998023-bloomfield-auto-wreckers-bloomfield-nj,unknown,unknown,Yes
https://junkyardsnearme.com/junkyards/north-carolina/9999931-king-auto-salvage-mebane-nc,unknown,unknown,Yes
https://junkyardsnearme.com/junkyards=&p=35,unknown,unknown,Yes
https://junkyardsnearme.com/junkyards/florida/10000131-lima-king-used-auto-parts-opa-locka-fl,unknown,unknown,Yes
https://junkyardsnearme.com/junkyards/massachusetts/9999014-car-guyz-auto-recyclers-springfield-ma,unknown,unknown,Yes
https://junkyardsnearme.com/junkyards/ontario/3642740-hanover-auto-wreckers-limited-hanover-on,unknown,unknown,Yes
https://junkyardsnearme.com/junkyards/missouri/10000124-liberty-auto-parts-saint-louis-mo,unknown,unknown,Yes
https://junkyardsnearme.com/junkyards/connecticut/10000857-atlas-auto-recycling-new-haven-ct,unknown,unknown,Yes
https://junkyardsnearme.com/junkyards/british-columbia/9998256-ceegees-auto-recycling-richmond-bc,unknown,unknown,Yes
https://junkyardsnearme.com/junkyards/pennsylvania/2392601-ritenour-sons-auto-wrecking-ellsworth-pa,unknown,unknown,Yes
https://junkyardsnearme.com/junkyards/california/9997447-ace-auto-wrecking-los-angeles-ca,unknown,unknown,Yes
https://junkyardsnearme.com/junkyards/california/9997938-bells-trucks-vans-wrecking-sun-valley-ca,unknown,unknown,Yes
https://junkyardsnearme.com/junkyards/ohio/9998793-dundee-automotive-dundee-oh,unknown,unknown,Yes
https://junkyardsnearme.com/junkyards/georgia=&p=1,unknown,unknown,Yes
https://junkyardsnearme.com/junkyards/michigan/9997233-a-m-auto-parts-store-ypsilanti-mi,unknown,unknown,Yes
https://junkyardsnearme.com/junkyards/pennsylvania/9998528-cresent-pa-morrisville-pa,unknown,unknown,Yes
https://junkyardsnearme.com/junkyards/washington/6531006-coveys-auto-parts-inc-marysville-wa,unknown,unknown,Yes
https://junkyardsnearme.com/junkyards=&p=187?%2Fjunkyards=&p=188,unknown,unknown,Yes
https://junkyardsnearme.com/junkyards/florida/10000782-nba-salvage-llc-mims-fl,unknown,unknown,Yes
https://junkyardsnearme.com/junkyards/minnesota=&p=5,unknown,unknown,Yes
https://junkyardsnearme.com/junkyards/maine/9999686-brunswick-auto-recycling-brunswick-me,unknown,unknown,Yes
https://junkyardsnearme.com/junkyards/virginia/10001701-southers-auto-salvage-buena-vista-va,unknown,unknown,Yes
https://junkyardsnearme.com/junkyards/connecticut/9998362-classic-used-auto-parts-west-haven-ct,unknown,unknown,Yes
https://junkyardsnearme.com/junkyards=&p=328,unknown,unknown,Yes
https://junkyardsnearme.com/junkyards/new-york/9998863-d-a-guaranteed-auto-sales-brooklyn-ny,unknown,unknown,Yes
https://junkyardsnearme.com/junkyards/illinois/10002062-villa-park-auto-parts-villa-park-il,unknown,unknown,Yes
https://junkyardsnearme.com/junkyards/alabama/9999353-gumbys-auto-parts-cottondale-al,unknown,unknown,Yes
https://junkyardsnearme.com/junkyards/washington/9999073-feltons-auto-parts-snohomish-wa,unknown,unknown,Yes
https://junkyardsnearme.com/junkyards/florida/9998269-central-florida-auto-salvage-zephyrhills-fl,unknown,unknown,Yes
https://junkyardsnearme.com/junkyards=&p=183,unknown,unknown,Yes
https://junkyardsnearme.com/junkyards/minnesota/10001651-skips-deluxe-auto-parts-alexandria-mn,unknown,unknown,Yes
https://junkyardsnearme.com/junkyards/illinois=&p=12,unknown,unknown,Yes
https://junkyardsnearme.com/junkyards/pennsylvania/10001296-red-lion-salvage-red-lion-pa,unknown,unknown,Yes
https://junkyardsnearme.com/junkyards/ontario=&p=4?%2Fjunkyards%2Fontario=&p=3,unknown,unknown,Yes
https://junkyardsnearme.com/junkyards/florida/3349482-chancey-trucking-inc-jacksonville-fl,unknown,unknown,Yes
https://junkyardsnearme.com/junkyards/minnesota/2748497-french-lake-auto-parts-annandale-mn,unknown,unknown,Yes
https://junkyardsnearme.com/junkyards/new-york/9998396-envirotron-limited-new-york-ny,unknown,unknown,Yes
https://junkyardsnearme.com/junkyards=&p=34?%2Fjunkyards=&p=33,unknown,unknown,Yes
https://junkyardsnearme.com/junkyards=&p=218,unknown,unknown,Yes
https://junkyardsnearme.com/junkyards=&p=390?%2Fjunkyards=&p=391,unknown,unknown,Yes
https://junkyardsnearme.com/junkyards/nebraska/10000551-mid-city-auto-supply-hastings-ne,unknown,unknown,Yes
https://junkyardsnearme.com/junkyards/new-hampshire/9999622-harding-metals-inc-northwood-nh,unknown,unknown,Yes
https://junkyardsnearme.com/junkyards/indiana=&p=7?%2Fjunkyards%2Findiana=&p=8,unknown,unknown,Yes
https://junkyardsnearme.com/junkyards/michigan/9997130-s-and-h-auto-parts-new-boston-mi,unknown,unknown,Yes
https://junkyardsnearme.com/junkyards/new-hampshire=&p=5?%2Fjunkyards%2Fnew-hampshire=&p=6,unknown,unknown,Yes
https://junkyardsnearme.com/junkyards/oregon/6201987-cash-for-cars-portland-portland-or,unknown,unknown,Yes
https://junkyardsnearme.com/junkyards/ohio/6770499-lone-kiwi-parts-finder-akron-oh,unknown,unknown,Yes
https://junkyardsnearme.com/junkyards/new-york/10001543-junk-cars-woodside-ny,unknown,unknown,Yes
https://junkyardsnearme.com/junkyards/illinois/3891505-crabtree-sand-prairie-auto-recycling-south-beloit-il,unknown,unknown,Yes
https://junkyardsnearme.com/junkyards/british-columbia=&p=3,unknown,unknown,Yes
https://junkyardsnearme.com/junkyards/texas/5793083-majestic-turbo-chargers-irving-tx,unknown,unknown,Yes
https://junkyardsnearme.com/junkyards=&p=176?%2Fjunkyards=&p=177,unknown,unknown,Yes
https://junkyardsnearme.com/junkyards/kansas/9997311-a-plus-auto-parts-salvage-inc-wichita-ks,unknown,unknown,Yes
https://junkyardsnearme.com/junkyards/new-mexico/9997475-action-auto-parts-las-cruces-nm,unknown,unknown,Yes
https://junkyardsnearme.com/junkyards=&p=141,unknown,unknown,Yes
https://junkyardsnearme.com/junkyards=&p=147,unknown,unknown,Yes
https://junkyardsnearme.com/junkyards=&p=2?%2Fjunkyards=&p=1,unknown,unknown,Yes
https://junkyardsnearme.com/junkyards=&p=62,unknown,unknown,Yes
https://junkyardsnearme.com/junkyards/british-columbia/9997312-a-star-automotive-recyclers-ltd-prince-george-bc,unknown,unknown,Yes
https://junkyardsnearme.com/junkyards/michigan/9998826-east-michigan-auto-parts-ypsilanti-mi,unknown,unknown,Yes
https://junkyardsnearme.com/junkyards/ohio/9999920-kgr-auto-salvage-columbus-oh,unknown,unknown,Yes
https://junkyardsnearme.com/junkyards/washington/7826410-absolute-german-seattle-wa,unknown,unknown,Yes
https://junkyardsnearme.com/junkyards/new-york/10000876-mid-island-auto-wreckers-riverhead-ny,unknown,unknown,Yes
https://junkyardsnearme.com/junkyards/connecticut/10000854-elm-city-sales-co-new-haven-ct,unknown,unknown,Yes
https://junkyardsnearme.com/junkyards/nebraska?%2Fjunkyards%2Fnebraska=&p=2,unknown,unknown,Yes
https://junkyardsnearme.com/junkyards/ohio/3224986-ebner-sons-springfield-oh,unknown,unknown,Yes
https://junkyardsnearme.com/junkyards=&p=409?%2Fjunkyards=&p=408,unknown,unknown,Yes
https://junkyardsnearme.com/junkyards/florida/9998029-bmr-enterprises-tampa-fl,unknown,unknown,Yes
https://junkyardsnearme.com/junkyards/ontario/9998817-earlys-auto-parts-alliston-on,unknown,unknown,Yes
https://junkyardsnearme.com/junkyards/wisconsin/10001383-river-city-metals-auto-salvage-prescott-wi,unknown,unknown,Yes
https://junkyardsnearme.com/junkyards/ontario/10001484-s-l-auto-recyclers-inc-london-on,unknown,unknown,Yes
https://junkyardsnearme.com/junkyards/florida/9998210-capital-used-auto-parts-tampa-fl,unknown,unknown,Yes
https://junkyardsnearme.com/junkyards/new-mexico/9998780-downtown-import-auto-truck-recyclers-albuquerque-nm,unknown,unknown,Yes
https://junkyardsnearme.com/junkyards/iowa/10001727-spilman-auto-parts-inc-bloomfield-ia,unknown,unknown,Yes
https://junkyardsnearme.com/junkyards/georgia/4846500-coventry-west-lithonia-ga,unknown,unknown,Yes
https://junkyardsnearme.com/junkyards/north-carolina/5783292-sammys-automotive-henderson-nc,unknown,unknown,Yes
https://junkyardsnearme.com/junkyards=&p=395?%2Fjunkyards=&p=394,unknown,unknown,Yes
https://junkyardsnearme.com/junkyards/ohio/9997761-auto-truck-recycling-of-marengo-marengo-oh,unknown,unknown,Yes
https://junkyardsnearme.com/junkyards/mississippi=&p=4?%2Fjunkyards%2Fmississippi=&p=3,unknown,unknown,Yes
https://junkyardsnearme.com/junkyards=&p=415?%2Fjunkyards=&p=414,unknown,unknown,Yes
https://junkyardsnearme.com/junkyards/quebec/10001117-pieces-dauto-rondeau-notre-dame-de-lorette-qc,unknown,unknown,Yes
https://junkyardsnearme.com/junkyards/tennessee/4678053-southern-vo-vo-inc-kingsport-tn,unknown,unknown,Yes
https://junkyardsnearme.com/junkyards/connecticut/9998511-coutu-truck-country-willimantic-ct,unknown,unknown,Yes
https://junkyardsnearme.com/junkyards/california/9999168-fresno-truck-wrecking-fresno-ca,unknown,unknown,Yes
https://junkyardsnearme.com/junkyards/louisiana/8930035-northside-auto-truck-salvage-covington-la,unknown,unknown,Yes
https://junkyardsnearme.com/junkyards/new-jersey/9998591-m-a-recycling-hillsborough-nj,unknown,unknown,Yes
https://junkyardsnearme.com/junkyards=&p=364?%2Fjunkyards=&p=363,unknown,unknown,Yes
https://junkyardsnearme.com/junkyards/virginia/9998784-driskills-auto-parts-rustburg-va,unknown,unknown,Yes
https://junkyardsnearme.com/junkyards/ontario/10002045-valley-automotive-pembroke-on,unknown,unknown,Yes
https://junkyardsnearme.com/junkyards/michigan=&p=24,unknown,unknown,Yes
https://junkyardsnearme.com/junkyards/new-york/9998476-cash-for-cars-jamaica-ny,unknown,unknown,Yes
https://junkyardsnearme.com/junkyards=&p=79?%2Fjunkyards=&p=80,unknown,unknown,Yes
https://junkyardsnearme.com/junkyards/ontario/9997231-a-l-auto-recyclers-lakeshore-on,unknown,unknown,Yes
https://junkyardsnearme.com/junkyards/michigan/10001998-ultimate-used-auto-parts-detroit-mi,unknown,unknown,Yes
https://junkyardsnearme.com/junkyards/oregon/10001168-portland-auto-truck-parts-portland-or,unknown,unknown,Yes
https://junkyardsnearme.com/junkyards/florida=&p=2?%2Fjunkyards%2Fflorida=&p=3,unknown,unknown,Yes
https://junkyardsnearme.com/junkyards/florida/9998759-dolphin-used-auto-parts-hialeah-fl,unknown,unknown,Yes
https://junkyardsnearme.com/junkyards=&p=243?%2Fjunkyards=&p=244,unknown,unknown,Yes
https://junkyardsnearme.com/junkyards/tennessee/9999275-glenns-auto-parts-rockwood-tn,unknown,unknown,Yes
https://junkyardsnearme.com/junkyards/texas/9997400-aaa-auto-recyclers-ennis-tx,unknown,unknown,Yes
https://junkyardsnearme.com/junkyards=&p=211,unknown,unknown,Yes
https://junkyardsnearme.com/junkyards/virginia/10001317-remington-auto-parts-remington-va,unknown,unknown,Yes
https://junkyardsnearme.com/junkyards/california/9997471-acme-salvage-santa-rosa-ca,unknown,unknown,Yes
https://junkyardsnearme.com/junkyards/kansas/10001221-r-l-truck-parts-augusta-ks,unknown,unknown,Yes
https://junkyardsnearme.com/junkyards/tennessee/10001776-strange-auto-parts-salvage-white-pine-tn,unknown,unknown,Yes
https://junkyardsnearme.com/junkyards/maine/9999701-bills-auto-salvage-fairfield-me,unknown,unknown,Yes
https://junkyardsnearme.com/junkyards/florida/10001032-performance-depot-pompano-beach-fl,unknown,unknown,Yes
https://junkyardsnearme.com/junkyards/michigan/9997796-auto-planet-automotive-llc-hudson-mi,unknown,unknown,Yes
https://junkyardsnearme.com/junkyards/nebraska/10000034-larrys-auto-parts-lincoln-ne,unknown,unknown,Yes
https://junkyardsnearme.com/junkyards/tennessee/9999523-hillbilly-auto-parts-strawberry-plains-tn,unknown,unknown,Yes
https://junkyardsnearme.com/junkyards/mississippi/9393901-mississippi-truck-dismantlers-inc-flowood-ms,unknown,unknown,Yes
https://junkyardsnearme.com/junkyards/ohio/9862811-deer-creek-auto-parts-williamsport-oh,unknown,unknown,Yes
https://junkyardsnearme.com/junkyards/colorado/7334544-honda-and-toyota-menders-denver-co,unknown,unknown,Yes
https://junkyardsnearme.com/junkyards=&p=189,unknown,unknown,Yes
https://junkyardsnearme.com/junkyards/minnesota/10000142-lkq-albert-lea-albert-lea-mn,unknown,unknown,Yes
https://junkyardsnearme.com/junkyards/michigan/9999796-jims-recycling-attica-mi,unknown,unknown,Yes
https://junkyardsnearme.com/junkyards/maine/9999629-larsons-auto-salvage-westbrook-me,unknown,unknown,Yes
https://junkyardsnearme.com/junkyards/ontario/9997934-bell-city-auto-center-brantford-on,unknown,unknown,Yes
https://junkyardsnearme.com/junkyards=&p=277?%2Fjunkyards=&p=278,unknown,unknown,Yes
https://junkyardsnearme.com/junkyards/pennsylvania=&p=18,unknown,unknown,Yes
https://junkyardsnearme.com/junkyards/arizona/9999784-jeffs-auto-parts-tucson-az,unknown,unknown,Yes
https://junkyardsnearme.com/junkyards/new-york/10001938-nys-junk-car-removal-towing-bronx-ny,unknown,unknown,Yes
https://junkyardsnearme.com/junkyards/new-york/10000566-mid-island-auto-wreckers-deer-park-ny,unknown,unknown,Yes
https://junkyardsnearme.com/junkyards/new-jersey/10001218-r-d-american-auto-sales-newark-nj,unknown,unknown,Yes
https://junkyardsnearme.com/junkyards/delaware/9999087-fitzgerald-salvage-recycling-lincoln-de,unknown,unknown,Yes
https://junkyardsnearme.com/junkyards=&p=162?%2Fjunkyards=&p=161,unknown,unknown,Yes
https://junkyardsnearme.com/junkyards/ontario=&p=6,unknown,unknown,Yes
https://junkyardsnearme.com/junkyards/kentucky/7433167-grassy-auto-parts-inc-west-liberty-ky,unknown,unknown,Yes
https://junkyardsnearme.com/junkyards/california/1265031-greenyard-auto-parts-lakeside-ca,unknown,unknown,Yes
https://junkyardsnearme.com/junkyards/indiana=&p=8?%2Fjunkyards%2Findiana=&p=7,unknown,unknown,Yes
https://junkyardsnearme.com/junkyards/idaho=&p=3?%2Fjunkyards%2Fidaho=&p=2,unknown,unknown,Yes
https://junkyardsnearme.com/junkyards=&p=24,unknown,unknown,Yes
https://junkyardsnearme.com/junkyards/virginia/8180155-combs-auto-towing-cana-va,unknown,unknown,Yes
https://junkyardsnearme.com/junkyards/rhode-island/10000338-berger-recycling-inc-pawtucket-ri,unknown,unknown,Yes
https://junkyardsnearme.com/junkyards/minnesota=&p=6?%2Fjunkyards%2Fminnesota=&p=5,unknown,unknown,Yes
https://junkyardsnearme.com/junkyards=&p=338?%2Fjunkyards=&p=337,unknown,unknown,Yes
https://junkyardsnearme.com/junkyards=&p=494,unknown,unknown,Yes
https://junkyardsnearme.com/junkyards=&p=493,unknown,unknown,Yes
https://junkyardsnearme.com/junkyards/alberta/10000742-7215-fairmount-dr-se-calgary-ab,unknown,unknown,Yes
https://junkyardsnearme.com/junkyards=&p=336,unknown,unknown,Yes
https://junkyardsnearme.com/junkyards/ontario/10001295-red-lake-salvage-red-lake-on,unknown,unknown,Yes
https://junkyardsnearme.com/junkyards/quebec?%2Fjunkyards%2Fquebec=&p=2,unknown,unknown,Yes
https://junkyardsnearme.com/junkyards=&p=154?%2Fjunkyards=&p=153,unknown,unknown,Yes
https://junkyardsnearme.com/junkyards/georgia/9998551-cumberland-used-auto-parts-marietta-ga,unknown,unknown,Yes
https://junkyardsnearme.com/junkyards/colorado=&p=4?%2Fjunkyards%2Fcolorado=&p=5,unknown,unknown,Yes
https://junkyardsnearme.com/junkyards/texas/6285703-pughs-auto-salvage-new-boston-tx,unknown,unknown,Yes
https://junkyardsnearme.com/junkyards/pennsylvania/7664685-allens-auto-salvage-lewisberry-pa,unknown,unknown,Yes
https://junkyardsnearme.com/junkyards/texas/9997321-a1-partsmart-austin-tx,unknown,unknown,Yes
https://junkyardsnearme.com/junkyards/north-carolina=&p=7?%2Fjunkyards%2Fnorth-carolina=&p=8,unknown,unknown,Yes
https://junkyardsnearme.com/junkyards/nebraska=&p=4,unknown,unknown,Yes
https://junkyardsnearme.com/junkyards/washington/9997083-nw-auto-recyclers-moses-lake-wa,unknown,unknown,Yes
https://junkyardsnearme.com/junkyards/ontario/9997420-aadco-auto-parts-brampton-on,unknown,unknown,Yes
https://junkyardsnearme.com/junkyards/north-carolina=&p=11?%2Fjunkyards%2Fnorth-carolina=&p=10,unknown,unknown,Yes
https://junkyardsnearme.com/junkyards/michigan/9998795-dusseau-auto-parts-adrian-mi,unknown,unknown,Yes
https://junkyardsnearme.com/junkyards/missouri/9999527-hillsdale-auto-parts-saint-louis-mo,unknown,unknown,Yes
https://junkyardsnearme.com/junkyards=&p=470?%2Fjunkyards=&p=469,unknown,unknown,Yes
https://junkyardsnearme.com/junkyards/michigan/9999813-johns-m-55-auto-lake-city-mi,unknown,unknown,Yes
https://junkyardsnearme.com/junkyards/kentucky/9998825-east-kentucky-auto-parts-jackson-ky,unknown,unknown,Yes
https://junkyardsnearme.com/junkyards=&p=460?%2Fjunkyards=&p=461,unknown,unknown,Yes
https://junkyardsnearme.com/junkyards=&p=263?%2Fjunkyards=&p=262,unknown,unknown,Yes
https://junkyardsnearme.com/junkyards/utah/10001031-performance-auto-brigham-city-ut,unknown,unknown,Yes
https://junkyardsnearme.com/junkyards/california/9999164-freitas-auto-wrecker-merced-ca,unknown,unknown,Yes
https://junkyardsnearme.com/junkyards=&p=301?%2Fjunkyards=&p=302,unknown,unknown,Yes
https://junkyardsnearme.com/junkyards/california/10001164-porfor-auto-los-angeles-ca,unknown,unknown,Yes
https://junkyardsnearme.com/junkyards/ontario=&p=11?%2Fjunkyards%2Fontario=&p=12,unknown,unknown,Yes
https://junkyardsnearme.com/junkyards/iowa=&p=8?%2Fjunkyards%2Fiowa=&p=7,unknown,unknown,Yes
https://junkyardsnearme.com/junkyards/new-jersey/10001916-d-d-enterprises-budd-lake-nj,unknown,unknown,Yes
https://junkyardsnearme.com/junkyards/missouri/8613200-rich-industries-kansas-city-mo,unknown,unknown,Yes
https://junkyardsnearme.com/junkyards/florida=&p=27?%2Fjunkyards%2Fflorida=&p=28,unknown,unknown,Yes
https://junkyardsnearme.com/junkyards/virginia/9998819-east-coast-auto-source-moneta-va,unknown,unknown,Yes
https://junkyardsnearme.com/junkyards/ohio=&p=1?%2Fjunkyards%2Fohio=&p=2,unknown,unknown,Yes
https://junkyardsnearme.com/junkyards/ontario/9998235-cars-parts-fenwick-on,unknown,unknown,Yes
https://junkyardsnearme.com/junkyards/maryland/9998060-brandywine-wheel-brandywine-md,unknown,unknown,Yes
https://junkyardsnearme.com/junkyards/ohio/4764772-a-d-auto-parts-and-repair-toledo-oh,unknown,unknown,Yes
https://junkyardsnearme.com/junkyards/florida/9998970-euro-asia-auto-parts-pompano-beach-fl,unknown,unknown,Yes
https://junkyardsnearme.com/junkyards/ohio/3232558-walts-auto-inc-springfield-oh,unknown,unknown,Yes
https://junkyardsnearme.com/junkyards/arkansas/9997289-a-1-auto-salvage-west-memphis-ar,unknown,unknown,Yes
https://junkyardsnearme.com/junkyards/kentucky=&p=3?%2Fjunkyards%2Fkentucky=&p=2,unknown,unknown,Yes
https://junkyardsnearme.com/junkyards/colorado/9999113-foreign-used-auto-parts-denver-co,unknown,unknown,Yes
https://junkyardsnearme.com/junkyards/arkansas=&p=2?%2Fjunkyards%2Farkansas=&p=3,unknown,unknown,Yes
https://junkyardsnearme.com/junkyards/north-carolina/10001959-tri-city-auto-salvage-greensboro-nc,unknown,unknown,Yes
https://junkyardsnearme.com/junkyards/alberta/10001955-trappers-auto-parts-whitecourt-ab,unknown,unknown,Yes
https://junkyardsnearme.com/junkyards=&p=337?%2Fjunkyards=&p=336,unknown,unknown,Yes
https://junkyardsnearme.com/junkyards/ohio/2983000-b-b-recycling-ravenna-oh,unknown,unknown,Yes
https://junkyardsnearme.com/junkyards/ontario/10000953-original-auto-parts-clarence-creek-on,unknown,unknown,Yes
https://junkyardsnearme.com/junkyards/michigan=&p=12,unknown,unknown,Yes
https://junkyardsnearme.com/junkyards/florida/6811655-abrakadabra-used-auto-parts-opa-locka-fl,unknown,unknown,Yes
https://junkyardsnearme.com/junkyards=&p=164?%2Fjunkyards=&p=165,unknown,unknown,Yes
https://junkyardsnearme.com/junkyards/iowa/7295865-sanborn-auto-sanborn-ia,unknown,unknown,Yes
https://junkyardsnearme.com/junkyards/minnesota,unknown,unknown,Yes
https://junkyardsnearme.com/junkyards/colorado/9998973-european-auto-parts-store-llc-denver-co,unknown,unknown,Yes
https://junkyardsnearme.com/junkyards/utah/6216822-terrys-auto-parts-ogden-ut,unknown,unknown,Yes
https://junkyardsnearme.com/junkyards/minnesota=&p=11?%2Fjunkyards%2Fminnesota=&p=12,unknown,unknown,Yes
https://junkyardsnearme.com/junkyards=&p=482?%2Fjunkyards=&p=483,unknown,unknown,Yes
https://junkyardsnearme.com/junkyards/british-columbia/9998198-canadian-4-x-4-recyclers-enderby-bc,unknown,unknown,Yes
https://junkyardsnearme.com/junkyards/michigan/10002086-wallys-auto-salvage-iron-mountain-mi,unknown,unknown,Yes
https://junkyardsnearme.com/junkyards=&p=72?%2Fjunkyards=&p=73,unknown,unknown,Yes
https://junkyardsnearme.com/junkyards/vermont=&p=3?%2Fjunkyards%2Fvermont=&p=4,unknown,unknown,Yes
https://junkyardsnearme.com/junkyards/indiana/9998125-buds-auto-truck-parts-north-vernon-in,unknown,unknown,Yes
https://junkyardsnearme.com/junkyards/wisconsin/10000234-lkq-smart-parts-hustisford-wi,unknown,unknown,Yes
https://junkyardsnearme.com/junkyards=&p=361?%2Fjunkyards=&p=360,unknown,unknown,Yes
https://junkyardsnearme.com/junkyards/ohio/10001217-r-b-auto-salvage-middletown-oh,unknown,unknown,Yes
https://junkyardsnearme.com/junkyards=&p=448?%2Fjunkyards=&p=447,unknown,unknown,Yes
https://junkyardsnearme.com/junkyards/washington/9998804-e-z-auto-wrecking-east-wenatchee-wa,unknown,unknown,Yes
https://junkyardsnearme.com/junkyards/texas/3525283-oem-air-bags-haslet-tx,unknown,unknown,Yes
https://junkyardsnearme.com/junkyards/louisiana/10000181-lkq-gulf-coast-livingston-la,unknown,unknown,Yes
https://junkyardsnearme.com/junkyards/michigan/6294128-used-part-nation-wayne-mi,unknown,unknown,Yes
https://junkyardsnearme.com/junkyards/oregon/9997865-b-r-auto-wrecking-portland-or,unknown,unknown,Yes
https://junkyardsnearme.com/junkyards/minnesota/10001401-roadside-salvage-erhard-mn,unknown,unknown,Yes
https://junkyardsnearme.com/junkyards=&p=344?%2Fjunkyards=&p=343,unknown,unknown,Yes
https://junkyardsnearme.com/junkyards/wisconsin/9997564-all-auto-acres-rio-wi,unknown,unknown,Yes
https://junkyardsnearme.com/junkyards/georgia/8900050-european-automotive-group-llc-moultrie-ga,unknown,unknown,Yes
https://junkyardsnearme.com/junkyards/colorado=&p=8?%2Fjunkyards%2Fcolorado=&p=7,unknown,unknown,Yes
https://junkyardsnearme.com/junkyards=&p=87?%2Fjunkyards=&p=86,unknown,unknown,Yes
https://junkyardsnearme.com/junkyards/michigan/9997504-advantage-european-auto-parts-hudsonville-mi,unknown,unknown,Yes
https://junkyardsnearme.com/junkyards/illinois=&p=1,unknown,unknown,Yes
https://junkyardsnearme.com/junkyards/missouri/10000394-mammoth-spring-collision-thayer-mo,unknown,unknown,Yes
https://junkyardsnearme.com/junkyards=&p=12,unknown,unknown,Yes
https://junkyardsnearme.com/junkyards/new-jersey=&p=13?%2Fjunkyards%2Fnew-jersey=&p=12,unknown,unknown,Yes
https://junkyardsnearme.com/junkyards/pennsylvania/8338518-community-auto-recycling-presque-isle-pa,unknown,unknown,Yes
https://junkyardsnearme.com/junkyards/michigan/10001604-sheridan-auto-parts-inc-warren-mi,unknown,unknown,Yes
https://junkyardsnearme.com/junkyards/georgia=&p=3?%2Fjunkyards%2Fgeorgia=&p=2,unknown,unknown,Yes
https://junkyardsnearme.com/junkyards/north-carolina/9998544-crutchfield-auto-parts-mebane-nc,unknown,unknown,Yes
https://junkyardsnearme.com/junkyards/manitoba=&p=2?%2Fjunkyards%2Fmanitoba=&p=1,unknown,unknown,Yes
https://junkyardsnearme.com/junkyards/utah/9997607-all-truck-car-salt-lake-city-ut,unknown,unknown,Yes
https://junkyardsnearme.com/junkyards/new-york/10001094-cash-for-junk-cars-ozone-park-ny,unknown,unknown,Yes
https://junkyardsnearme.com/junkyards/north-carolina=&p=12?%2Fjunkyards%2Fnorth-carolina=&p=13,unknown,unknown,Yes
https://junkyardsnearme.com/junkyards=&p=132?%2Fjunkyards=&p=131,unknown,unknown,Yes
https://junkyardsnearme.com/junkyards/new-york/9998066-brewster-auto-salvage-inc-brewster-ny,unknown,unknown,Yes
https://junkyardsnearme.com/junkyards/michigan/9999050-fa-auto-parts-detroit-mi,unknown,unknown,Yes
https://junkyardsnearme.com/junkyards=&p=343?%2Fjunkyards=&p=342,unknown,unknown,Yes
https://junkyardsnearme.com/junkyards=&p=249?%2Fjunkyards=&p=248,unknown,unknown,Yes
https://junkyardsnearme.com/junkyards/indiana/10000084-legal-chop-shop-fort-wayne-in,unknown,unknown,Yes
https://junkyardsnearme.com/junkyards/ohio=&p=9?%2Fjunkyards%2Fohio=&p=8,unknown,unknown,Yes
https://junkyardsnearme.com/junkyards/new-york/9999266-glen-cove-auto-salvage-glen-cove-ny,unknown,unknown,Yes
https://junkyardsnearme.com/junkyards=&p=115?%2Fjunkyards=&p=116,unknown,unknown,Yes
https://junkyardsnearme.com/junkyards/new-hampshire/9997546-als-used-parts-belmont-nh,unknown,unknown,Yes
https://junkyardsnearme.com/junkyards/minnesota/10001424-rohners-auto-parts-willmar-mn,unknown,unknown,Yes
https://junkyardsnearme.com/junkyards/new-brunswick/9999198-garage-gaetan-st-laurent-kedgwick-ouest-nb,unknown,unknown,Yes
https://junkyardsnearme.com/junkyards/iowa=&p=6?%2Fjunkyards%2Fiowa=&p=7,unknown,unknown,Yes
https://junkyardsnearme.com/junkyards=&p=361?%2Fjunkyards=&p=362,unknown,unknown,Yes
https://junkyardsnearme.com/junkyards=&p=427?%2Fjunkyards=&p=428,unknown,unknown,Yes
https://junkyardsnearme.com/junkyards/oregon/9997175-205-auto-salvage-portland-or,unknown,unknown,Yes
https://junkyardsnearme.com/junkyards/rhode-island/9997254-a-adams-auto-parts-sales-pawtucket-ri,unknown,unknown,Yes
https://junkyardsnearme.com/junkyards/tennessee/9997809-auto-truck-salvage-blountville-tn,unknown,unknown,Yes
https://junkyardsnearme.com/junkyards=&p=360?%2Fjunkyards=&p=361,unknown,unknown,Yes
https://junkyardsnearme.com/junkyards=&p=79?%2Fjunkyards=&p=78,unknown,unknown,Yes
https://junkyardsnearme.com/junkyards/florida/9998130-budget-auto-parts-of-bartow-bartow-fl,unknown,unknown,Yes
https://junkyardsnearme.com/junkyards/ohio/9998533-crispin-auto-wrecking-newark-oh,unknown,unknown,Yes
https://junkyardsnearme.com/junkyards/washington=&p=4,unknown,unknown,Yes
https://junkyardsnearme.com/junkyards/california/9999750-jackpot-auto-dismantling-los-angeles-ca,unknown,unknown,Yes
https://junkyardsnearme.com/junkyards/florida/9999207-garrys-auto-recycling-inc-crestview-fl,unknown,unknown,Yes
https://junkyardsnearme.com/junkyards=&p=118,unknown,unknown,Yes
https://junkyardsnearme.com/junkyards/montana/9998524-crash-repair-center-towing-livingston-mt,unknown,unknown,Yes
https://junkyardsnearme.com/junkyards/illinois/5882905-aerodyne-inc-chicago-il,unknown,unknown,Yes
https://junkyardsnearme.com/junkyards=&p=152?%2Fjunkyards=&p=151,unknown,unknown,Yes
https://junkyardsnearme.com/junkyards/idaho/9998044-bonneville-auto-wrecking-idaho-falls-id,unknown,unknown,Yes
https://junkyardsnearme.com/junkyards/maine/10000696-manks-auto-parts-sales-warren-me,unknown,unknown,Yes
https://junkyardsnearme.com/junkyards/pennsylvania/10001777-strauss-automotive-west-alexander-pa,unknown,unknown,Yes
https://junkyardsnearme.com/junkyards/maine/10000589-j-j-auto-sales-salvage-alfred-me,unknown,unknown,Yes
https://junkyardsnearme.com/junkyards=&p=91,unknown,unknown,Yes
https://junkyardsnearme.com/junkyards/florida/9998159-buy-rite-auto-salvage-auburndale-fl,unknown,unknown,Yes
https://junkyardsnearme.com/junkyards/pennsylvania=&p=12?%2Fjunkyards%2Fpennsylvania=&p=11,unknown,unknown,Yes
https://junkyardsnearme.com/junkyards/virginia/10001435-rose-time-auto-parts-staunton-va,unknown,unknown,Yes
https://junkyardsnearme.com/junkyards/florida/9999208-gary-used-auto-parts-opa-locka-fl,unknown,unknown,Yes
https://junkyardsnearme.com/junkyards/british-columbia/9999688-interior-auto-wrecking-vernon-bc,unknown,unknown,Yes
https://junkyardsnearme.com/junkyards/virginia/9999865-junk-yard-dog-chesapeake-va,unknown,unknown,Yes
https://junkyardsnearme.com/junkyards/michigan/9999322-grayling-auto-recyclers-grayling-mi,unknown,unknown,Yes
https://junkyardsnearme.com/junkyards/michigan/10000647-millennium-auto-romeo-mi,unknown,unknown,Yes
https://junkyardsnearme.com/junkyards/missouri/9997278-a-1-auto-recyclers-fulton-mo,unknown,unknown,Yes
https://junkyardsnearme.com/junkyards/manitoba/10001448-royal-auto-recycling-springfield-mb,unknown,unknown,Yes
https://junkyardsnearme.com/junkyards/california/3192445-alpine-auto-inc-los-angeles-ca,unknown,unknown,Yes
https://junkyardsnearme.com/junkyards/california/9997797-auto-quest-dismantling-incorporated-sun-valley-ca,unknown,unknown,Yes
https://junkyardsnearme.com/junkyards/new-york/6660630-phoenix-used-auto-parts-bay-shore-ny,unknown,unknown,Yes
https://junkyardsnearme.com/junkyards/new-jersey/9998898-get-your-valuable-dollars-by-mount-holly-nj,unknown,unknown,Yes
https://junkyardsnearme.com/junkyards/virginia/10002068-virginia-auto-parts-madison-heights-va,unknown,unknown,Yes
https://junkyardsnearme.com/junkyards/georgia/9999873-k-d-used-auto-parts-lithonia-ga,unknown,unknown,Yes
https://junkyardsnearme.com/junkyards/ontario/5090591-lgt-automotive-inc-thornhill-on,unknown,unknown,Yes
https://junkyardsnearme.com/junkyards=&p=231,unknown,unknown,Yes
https://junkyardsnearme.com/junkyards=&p=397,unknown,unknown,Yes
https://junkyardsnearme.com/junkyards/california/9999760-jalos-auto-dismantling-san-diego-ca,unknown,unknown,Yes
https://junkyardsnearme.com/junkyards/ohio/7986043-devine-ii-towing-cleveland-oh,unknown,unknown,Yes
https://junkyardsnearme.com/junkyards/new-york/10000155-lkq-broadway-auto-parts-stuyvesant-ny,unknown,unknown,Yes
https://junkyardsnearme.com/junkyards=&p=42?%2Fjunkyards=&p=43,unknown,unknown,Yes
https://junkyardsnearme.com/junkyards/california/9998714-desert-truck-auto-parts-coachella-ca,unknown,unknown,Yes
https://junkyardsnearme.com/junkyards/oregon=&p=3?%2Fjunkyards%2Foregon=&p=4,unknown,unknown,Yes
https://junkyardsnearme.com/junkyards/oklahoma/9998580-d-w-used-cars-salvage-ada-ok,unknown,unknown,Yes
https://junkyardsnearme.com/junkyards/maryland/7720003-beltway-used-auto-parts-hyattsville-md,unknown,unknown,Yes
https://junkyardsnearme.com/junkyards/tennessee/9999751-jacks-auto-parts-lenoir-city-tn,unknown,unknown,Yes
https://junkyardsnearme.com/junkyards/puerto-rico/5161066-joe-tire-naranjito-pr,unknown,unknown,Yes
https://junkyardsnearme.com/junkyards=&p=245?%2Fjunkyards=&p=246,unknown,unknown,Yes
https://junkyardsnearme.com/junkyards/kentucky/10000834-north-side-auto-parts-hopkinsville-ky,unknown,unknown,Yes
https://junkyardsnearme.com/junkyards/california/7857244-e-j-auto-wreckers-hayward-ca,unknown,unknown,Yes
https://junkyardsnearme.com/junkyards/florida/10000224-lkq-potomac-german-auto-south-orlando-fl,unknown,unknown,Yes
https://junkyardsnearme.com/junkyards=&p=25?%2Fjunkyards=&p=24,unknown,unknown,Yes
https://junkyardsnearme.com/junkyards/kansas/9997593-all-parts-auto-salvage-wichita-ks,unknown,unknown,Yes
https://junkyardsnearme.com/junkyards/nebraska=&p=2?%2Fjunkyards%2Fnebraska=&p=3,unknown,unknown,Yes
https://junkyardsnearme.com/junkyards/ontario/9999268-glencoe-auto-recyclers-glencoe-on,unknown,unknown,Yes
https://junkyardsnearme.com/junkyards/texas/9431101-bishop-international-inc-dallas-tx,unknown,unknown,Yes
https://junkyardsnearme.com/junkyards=&p=33,unknown,unknown,Yes
https://junkyardsnearme.com/junkyards/kentucky/10002030-used-salvaged-auto-parts-georgetown-ky,unknown,unknown,Yes
https://junkyardsnearme.com/junkyards/texas/9997771-auto-city-salvage-dallas-tx,unknown,unknown,Yes
https://junkyardsnearme.com/junkyards/pennsylvania/9998296-chazs-used-auto-parts-of-york-east-prospect-pa,unknown,unknown,Yes
https://junkyardsnearme.com/junkyards/new-york/9998332-hilltop-auto-salvage-bronx-ny,unknown,unknown,Yes
https://junkyardsnearme.com/junkyards/pennsylvania/9999412-hartlaubs-used-auto-parts-gettysburg-pa,unknown,unknown,Yes
https://junkyardsnearme.com/junkyards/pennsylvania/9999715-j-d-auto-recycling-manheim-pa,unknown,unknown,Yes
https://junkyardsnearme.com/junkyards=&p=51,unknown,unknown,Yes
https://junkyardsnearme.com/junkyards/wisconsin/10000238-lkq-star-auto-parts-janesville-wi,unknown,unknown,Yes
https://junkyardsnearme.com/junkyards/ohio/9999804-joes-auto-wrecking-north-ridgeville-oh,unknown,unknown,Yes
https://junkyardsnearme.com/junkyards/pennsylvania/9998911-ed-spencer-auto-berwick-pa,unknown,unknown,Yes
https://junkyardsnearme.com/junkyards/kentucky/9997253-a1-all-auto-llc-walton-ky,unknown,unknown,Yes
https://junkyardsnearme.com/junkyards/texas,unknown,unknown,Yes
https://junkyardsnearme.com/junkyards/west-virginia/9998956-ernies-auto-enterprise-martinsburg-wv,unknown,unknown,Yes
https://junkyardsnearme.com/junkyards=&p=517,unknown,unknown,Yes
https://junkyardsnearme.com/junkyards=&p=171?%2Fjunkyards=&p=170,unknown,unknown,Yes
https://junkyardsnearme.com/junkyards/arizona/9999651-i-17-auto-truck-recyclers-phoenix-az,unknown,unknown,Yes
https://junkyardsnearme.com/junkyards/virginia/10001499-salvage-one-used-parts-coeburn-va,unknown,unknown,Yes
https://junkyardsnearme.com/junkyards/manitoba/9999927-kildonan-auto-truck-parts-springfield-mb,unknown,unknown,Yes
https://junkyardsnearme.com/junkyards/new-jersey/10000083-leesville-auto-wreckers-rahway-nj,unknown,unknown,Yes
https://junkyardsnearme.com/junkyards/minnesota=&p=4,unknown,unknown,Yes
https://junkyardsnearme.com/junkyards/california/7677243-los-angeles-dismantler-for-porsche-911-boxster-cayman-cayenne-sun-valley-ca,unknown,unknown,Yes
https://junkyardsnearme.com/junkyards=&p=509,unknown,unknown,Yes
https://junkyardsnearme.com/junkyards=&p=37?%2Fjunkyards=&p=38,unknown,unknown,Yes
https://junkyardsnearme.com/junkyards/ontario=&p=13,unknown,unknown,Yes
https://junkyardsnearme.com/junkyards/saskatchewan/10000247-lo-cost-auto-wrecking-north-battleford-sk,unknown,unknown,Yes
https://junkyardsnearme.com/junkyards/florida/9997595-all-parts-international-opa-locka-fl,unknown,unknown,Yes
https://junkyardsnearme.com/junkyards=&p=308?%2Fjunkyards=&p=307,unknown,unknown,Yes
https://junkyardsnearme.com/junkyards/texas/9997733-assured-auto-parts-san-antonio-tx,unknown,unknown,Yes
https://junkyardsnearme.com/junkyards/florida/9999763-japanese-european-auto-parts-tampa-fl,unknown,unknown,Yes
https://junkyardsnearme.com/junkyards/kansas/10001660-smith-auto-truck-parts-garden-city-ks,unknown,unknown,Yes
https://junkyardsnearme.com/junkyards=&p=317?%2Fjunkyards=&p=318,unknown,unknown,Yes
https://junkyardsnearme.com/junkyards/idaho/9997594-all-parts-brokers-auto-salvage-caldwell-id,unknown,unknown,Yes
https://junkyardsnearme.com/junkyards/new-york/9997250-a-t-auto-parts-inc-hyde-park-ny,unknown,unknown,Yes
https://junkyardsnearme.com/junkyards/vermont=&p=1?%2Fjunkyards%2Fvermont=&p=2,unknown,unknown,Yes
https://junkyardsnearme.com/junkyards/pennsylvania=&p=13?%2Fjunkyards%2Fpennsylvania=&p=12,unknown,unknown,Yes
https://junkyardsnearme.com/junkyards/georgia/9998514-cox-auto-parts-dba-modern-muscle-cars-parts-moultrie-ga,unknown,unknown,Yes
https://junkyardsnearme.com/junkyards/california/4292222-infinitl-nissan-auto-dismantling-fontana-ca,unknown,unknown,Yes
https://junkyardsnearme.com/junkyards/tennessee=&p=9?%2Fjunkyards%2Ftennessee=&p=10,unknown,unknown,Yes
https://junkyardsnearme.com/junkyards/pennsylvania/9999828-jordan-auto-parts-dilliner-pa,unknown,unknown,Yes
https://junkyardsnearme.com/junkyards/california=&p=12?%2Fjunkyards%2Fcalifornia=&p=13,unknown,unknown,Yes
https://junkyardsnearme.com/junkyards/iowa=&p=4,unknown,unknown,Yes
https://junkyardsnearme.com/junkyards/washington/9664711-webers-auto-parts-towing-yakima-wa,unknown,unknown,Yes
https://junkyardsnearme.com/junkyards=&p=127?%2Fjunkyards=&p=128,unknown,unknown,Yes
https://junkyardsnearme.com/junkyards=&p=481?%2Fjunkyards=&p=480,unknown,unknown,Yes
https://junkyardsnearme.com/junkyards/washington/10001157-pnw-auto-parts-longview-wa,unknown,unknown,Yes
https://junkyardsnearme.com/junkyards/pennsylvania=&p=5?%2Fjunkyards%2Fpennsylvania=&p=6,unknown,unknown,Yes
https://junkyardsnearme.com/junkyards/north-carolina/10001754-standridge-auto-parts-shelby-nc,unknown,unknown,Yes
https://junkyardsnearme.com/junkyards/illinois/10001877-thompson-sons-auto-parts-blue-island-il,unknown,unknown,Yes
https://junkyardsnearme.com/junkyards/washington/9999157-freds-auto-wrecking-enumclaw-wa,unknown,unknown,Yes
https://junkyardsnearme.com/junkyards/indiana/9628000-j-street-ventures-richmond-in,unknown,unknown,Yes
https://junkyardsnearme.com/junkyards/florida/9998938-elite-used-auto-parts-tampa-fl,unknown,unknown,Yes
https://junkyardsnearme.com/junkyards/virginia/9999662-import-auto-king-hampton-va,unknown,unknown,Yes
https://junkyardsnearme.com/junkyards/south-carolina/9998189-calverts-auto-salvage-gaffney-sc,unknown,unknown,Yes
https://junkyardsnearme.com/junkyards/ohio/8237239-a-1-auto-spring-alliance-oh,unknown,unknown,Yes
https://junkyardsnearme.com/junkyards/florida/9997960-best-quality-used-auto-parts-opa-locka-fl,unknown,unknown,Yes
https://junkyardsnearme.com/junkyards/massachusetts/10000285-h-h-m-metals-inc-everett-ma,unknown,unknown,Yes
https://junkyardsnearme.com/junkyards=&p=76?%2Fjunkyards=&p=77,unknown,unknown,Yes
https://junkyardsnearme.com/junkyards/michigan/10001492-sals-auto-parts-detroit-mi,unknown,unknown,Yes
https://junkyardsnearme.com/junkyards/new-jersey/10001235-h-h-auto-wreckers-morganville-nj,unknown,unknown,Yes
https://junkyardsnearme.com/junkyards/iowa/9997971-bice-auto-mount-ayr-ia,unknown,unknown,Yes
https://junkyardsnearme.com/junkyards/north-carolina/9998231-carolina-wrecking-company-high-point-nc,unknown,unknown,Yes
https://junkyardsnearme.com/junkyards=&p=36?%2Fjunkyards=&p=35,unknown,unknown,Yes
https://junkyardsnearme.com/junkyards=&p=224?%2Fjunkyards=&p=225,unknown,unknown,Yes
https://junkyardsnearme.com/junkyards/arizona/9999077-fernandos-auto-truck-salvage-tucson-az,unknown,unknown,Yes
https://junkyardsnearme.com/junkyards/texas/9997331-aa-dallas-auto-salvage-inc-dallas-tx,unknown,unknown,Yes
https://junkyardsnearme.com/junkyards/texas/9998053-box-auto-salvage-midland-tx,unknown,unknown,Yes
https://junkyardsnearme.com/junkyards/louisiana/7493161-blacks-auto-salvage-inc-brusly-la,unknown,unknown,Yes
https://junkyardsnearme.com/junkyards=&p=98,unknown,unknown,Yes
https://junkyardsnearme.com/junkyards/new-hampshire/9999605-johns-truck-auto-salvage-kingston-nh,unknown,unknown,Yes
https://junkyardsnearme.com/junkyards/california/5487013-costa-mesa-auto-dismantlers-costa-mesa-ca,unknown,unknown,Yes
https://junkyardsnearme.com/junkyards/rhode-island=&p=2,unknown,unknown,Yes
https://junkyardsnearme.com/junkyards/minnesota/10001598-sheldons-used-auto-parts-thief-river-falls-mn,unknown,unknown,Yes
https://junkyardsnearme.com/junkyards/new-hampshire/10000295-fitchburg-rd-sales-salvage-greenville-nh,unknown,unknown,Yes
https://junkyardsnearme.com/junkyards/illinois/4896020-bionic-auto-parts-sales-inc-chicago-il,unknown,unknown,Yes
https://junkyardsnearme.com/junkyards/oklahoma/9998675-del-city-pickup-parts-oklahoma-city-ok,unknown,unknown,Yes
https://junkyardsnearme.com/junkyards/virginia/9997538-al-rudd-auto-parts-chesapeake-va,unknown,unknown,Yes
https://junkyardsnearme.com/junkyards/wisconsin/7641848-engine-transmission-world-cudahy-wi,unknown,unknown,Yes
https://junkyardsnearme.com/junkyards=&p=352?%2Fjunkyards=&p=351,unknown,unknown,Yes
https://junkyardsnearme.com/junkyards/tennessee/9998010-bjr-auto-recycling-sevierville-tn,unknown,unknown,Yes
https://junkyardsnearme.com/junkyards/rhode-island=&p=3?%2Fjunkyards%2Frhode-island=&p=4,unknown,unknown,Yes
https://junkyardsnearme.com/junkyards/virginia/5432003-triple-decker-auto-parts-inc-chesapeake-va,unknown,unknown,Yes
https://junkyardsnearme.com/junkyards/colorado=&p=7?%2Fjunkyards%2Fcolorado=&p=6,unknown,unknown,Yes
https://junkyardsnearme.com/junkyards/new-jersey/10001919-multiple-metal-processing-inc-belvidere-nj,unknown,unknown,Yes
https://junkyardsnearme.com/junkyards/colorado/9365865-universal-auto-recycling-inc-englewood-co,unknown,unknown,Yes
https://junkyardsnearme.com/junkyards/oregon/2386218-auto-adventure-inc-portland-or,unknown,unknown,Yes
https://junkyardsnearme.com/junkyards/quebec/10001176-prestige-auto-parts-sainte-anne-des-plaines-qc,unknown,unknown,Yes
https://junkyardsnearme.com/junkyards=&p=103,unknown,unknown,Yes
https://junkyardsnearme.com/junkyards/kentucky/9997949-bessler-auto-parts-louisville-louisville-ky,unknown,unknown,Yes
https://junkyardsnearme.com/junkyards/kentucky/9998610-d-n-j-auto-parts-owensboro-ky,unknown,unknown,Yes
https://junkyardsnearme.com/junkyards/mississippi/10001566-scottys-used-parts-philadelphia-ms,unknown,unknown,Yes
https://junkyardsnearme.com/junkyards/oklahoma,unknown,unknown,Yes
https://junkyardsnearme.com/junkyards/maine/9997415-aable-auto-parts-augusta-me,unknown,unknown,Yes
https://junkyardsnearme.com/junkyards/michigan=&p=8,unknown,unknown,Yes
https://junkyardsnearme.com/junkyards/georgia/10000261-lost-mountain-auto-parts-dallas-ga,unknown,unknown,Yes
https://junkyardsnearme.com/junkyards/california/10000267-lpd-auto-wrecking-duarte-ca,unknown,unknown,Yes
https://junkyardsnearme.com/junkyards/ohio=&p=16?%2Fjunkyards%2Fohio=&p=15,unknown,unknown,Yes
https://junkyardsnearme.com/junkyards/michigan/10001262-ramseys-auto-recyclers-detroit-mi,unknown,unknown,Yes
https://junkyardsnearme.com/junkyards/washington/9999311-grand-forks-auto-wrecking-puyallup-wa,unknown,unknown,Yes
https://junkyardsnearme.com/junkyards/florida/9999493-high-class-auto-parts-opa-locka-fl,unknown,unknown,Yes
https://junkyardsnearme.com/junkyards/california/9997927-bebos-auto-recycling-san-diego-ca,unknown,unknown,Yes
https://junkyardsnearme.com/junkyards/oklahoma/7693341-b-b-auto-recyclers-oklahoma-city-ok,unknown,unknown,Yes
https://junkyardsnearme.com/junkyards/new-york/10001835-ford-and-sons-salvage-westtown-ny,unknown,unknown,Yes
https://junkyardsnearme.com/junkyards/florida/10001846-tapco-international-inc-west-palm-beach-fl,unknown,unknown,Yes
https://junkyardsnearme.com/junkyards/missouri/2433506-johannes-auto-sales-inc-jackson-mo,unknown,unknown,Yes
https://junkyardsnearme.com/junkyards/new-jersey/9998589-fortune-metal-recycling-rahway-nj,unknown,unknown,Yes
https://junkyardsnearme.com/junkyards=&p=119,unknown,unknown,Yes
https://junkyardsnearme.com/junkyards/georgia/3844422-weaver-automotive-carnesville-ga,unknown,unknown,Yes
https://junkyardsnearme.com/junkyards/indiana/3394523-joeys-enterprises-linden-in,unknown,unknown,Yes
https://junkyardsnearme.com/junkyards/north-carolina/10000457-mclambs-auto-shop-salvage-fuquay-varina-nc,unknown,unknown,Yes
https://junkyardsnearme.com/junkyards/maine/9999631-cumberland-salvage-inc-cumberland-center-me,unknown,unknown,Yes
https://junkyardsnearme.com/junkyards/south-dakota/5943910-nordstroms-automotive-garreston-sd,unknown,unknown,Yes
https://junkyardsnearme.com/junkyards/new-york/6673331-ace-auto-wreckers-deer-park-ny,unknown,unknown,Yes
https://junkyardsnearme.com/junkyards/california/8318444-louies-wrecking-yard-bakersfield-ca,unknown,unknown,Yes
https://junkyardsnearme.com/junkyards/illinois=&p=2,unknown,unknown,Yes
https://junkyardsnearme.com/junkyards=&p=304?%2Fjunkyards=&p=303,unknown,unknown,Yes
https://junkyardsnearme.com/junkyards/ohio/7455579-camp-auto-akron-oh,unknown,unknown,Yes
https://junkyardsnearme.com/junkyards/south-dakota/10001271-rapid-import-salvage-rapid-city-sd,unknown,unknown,Yes
https://junkyardsnearme.com/junkyards/colorado/2925078-yota-yard-denver-co,unknown,unknown,Yes
https://junkyardsnearme.com/junkyards/ontario/10000909-nuhns-garage-auto-wreckers-williamsford-on,unknown,unknown,Yes
https://junkyardsnearme.com/junkyards/ontario=&p=1,unknown,unknown,Yes
https://junkyardsnearme.com/junkyards/virginia=&p=2?%2Fjunkyards%2Fvirginia=&p=3,unknown,unknown,Yes
https://junkyardsnearme.com/junkyards/wisconsin/10000823-norbs-auto-salvage-denmark-wi,unknown,unknown,Yes
https://junkyardsnearme.com/junkyards/minnesota=&p=7,unknown,unknown,Yes
https://junkyardsnearme.com/junkyards/california=&p=16?%2Fjunkyards%2Fcalifornia=&p=17,unknown,unknown,Yes
https://junkyardsnearme.com/junkyards/michigan/9998840-eastman-auto-inc-midland-mi,unknown,unknown,Yes
https://junkyardsnearme.com/junkyards/massachusetts/9998983-eastern-vehicle-recycling-westfield-ma,unknown,unknown,Yes
https://junkyardsnearme.com/junkyards/michigan/10001647-simpsons-waterford-mi,unknown,unknown,Yes
https://junkyardsnearme.com/junkyards/new-york/8031593-junk-car-staten-island-staten-island-ny,unknown,unknown,Yes
https://junkyardsnearme.com/junkyards/michigan/9997472-acre-auto-parts-sales-waterford-mi,unknown,unknown,Yes
https://junkyardsnearme.com/junkyards=&p=221?%2Fjunkyards=&p=222,unknown,unknown,Yes
https://junkyardsnearme.com/junkyards/michigan=&p=4?%2Fjunkyards%2Fmichigan=&p=5,unknown,unknown,Yes
https://junkyardsnearme.com/junkyards/pennsylvania/9999918-keyser-valley-auto-parts-scranton-pa,unknown,unknown,Yes
https://junkyardsnearme.com/junkyards/pennsylvania/9999993-kuchera-automotive-weatherly-pa,unknown,unknown,Yes
https://junkyardsnearme.com/junkyards/maine/9999704-aim-recycling-augusta-me,unknown,unknown,Yes
https://junkyardsnearme.com/junkyards/manitoba,unknown,unknown,Yes
https://junkyardsnearme.com/junkyards/alberta/10001716-specialised-parts-calgary-ab,unknown,unknown,Yes
https://junkyardsnearme.com/junkyards/north-carolina/8285426-raleigh-metal-recycling-and-junk-cars-raleigh-nc,unknown,unknown,Yes
https://junkyardsnearme.com/junkyards/minnesota=&p=3,unknown,unknown,Yes
https://junkyardsnearme.com/junkyards/new-jersey/10001107-liges-auto-salvage-repair-avenel-nj,unknown,unknown,Yes
https://junkyardsnearme.com/junkyards/new-jersey/10001357-atlantic-sales-salvage-inc-east-brunswick-nj,unknown,unknown,Yes
https://junkyardsnearme.com/junkyards=&p=185?%2Fjunkyards=&p=186,unknown,unknown,Yes
https://junkyardsnearme.com/junkyards/maine/10000694-shibles-garage-salvage-yard-troy-me,unknown,unknown,Yes
https://junkyardsnearme.com/junkyards/washington,unknown,unknown,Yes
https://junkyardsnearme.com/junkyards/alberta/9999095-flatla-auto-wrecking-tilley-ab,unknown,unknown,Yes
https://junkyardsnearme.com/junkyards=&p=140,unknown,unknown,Yes
https://junkyardsnearme.com/junkyards/oklahoma/8366801-dannys-auto-parts-salvage-tulsa-ok,unknown,unknown,Yes
https://junkyardsnearme.com/junkyards=&p=504,unknown,unknown,Yes
https://junkyardsnearme.com/junkyards=&p=468?%2Fjunkyards=&p=467,unknown,unknown,Yes
https://junkyardsnearme.com/junkyards/ontario=&p=11?%2Fjunkyards%2Fontario=&p=10,unknown,unknown,Yes
https://junkyardsnearme.com/junkyards/missouri/9998525-crashsite-auto-salvage-sedalia-mo,unknown,unknown,Yes
https://junkyardsnearme.com/junkyards/massachusetts/10000052-riverside-auto-recycling-gardner-ma,unknown,unknown,Yes
https://junkyardsnearme.com/junkyards/arizona/9997823-aviation-auto-salvage-tucson-az,unknown,unknown,Yes
https://junkyardsnearme.com/junkyards/florida/9998960-ernies-affordable-auto-salvage-lake-worth-fl,unknown,unknown,Yes
https://junkyardsnearme.com/junkyards=&p=14,unknown,unknown,Yes
https://junkyardsnearme.com/junkyards=&p=433?%2Fjunkyards=&p=432,unknown,unknown,Yes
https://junkyardsnearme.com/junkyards=&p=354,unknown,unknown,Yes
https://junkyardsnearme.com/junkyards/rhode-island/10000513-f-g-salvage-exeter-ri,unknown,unknown,Yes
https://junkyardsnearme.com/junkyards/alberta/8658063-cjs-towing-hinton-ab,unknown,unknown,Yes
https://junkyardsnearme.com/junkyards/ontario=&p=3?%2Fjunkyards%2Fontario=&p=2,unknown,unknown,Yes
https://junkyardsnearme.com/junkyards=&p=38?%2Fjunkyards=&p=37,unknown,unknown,Yes
https://junkyardsnearme.com/junkyards/georgia/9998517-cox-truck-and-van-moultrie-ga,unknown,unknown,Yes
https://junkyardsnearme.com/junkyards/pennsylvania/9997756-aumillers-auto-wreckers-milroy-pa,unknown,unknown,Yes
https://junkyardsnearme.com/junkyards/ohio/9998420-coles-park-salvage-yard-west-portsmouth-oh,unknown,unknown,Yes
https://junkyardsnearme.com/junkyards/new-york/3720830-supreme-auto-parts-olean-ny,unknown,unknown,Yes
https://junkyardsnearme.com/junkyards/kansas/10000193-lkq-mid-america-lawrence-lawrence-ks,unknown,unknown,Yes
https://junkyardsnearme.com/junkyards/ontario/9997377-a-liberty-auto-parts-recyclers-hamilton-on,unknown,unknown,Yes
https://junkyardsnearme.com/junkyards/rhode-island/10000511-mahoneys-scrap-iron-pawtucket-ri,unknown,unknown,Yes
https://junkyardsnearme.com/junkyards/north-carolina/9999635-hugo-auto-sales-grifton-nc,unknown,unknown,Yes
https://junkyardsnearme.com/junkyards=&p=226?%2Fjunkyards=&p=225,unknown,unknown,Yes
https://junkyardsnearme.com/junkyards/south-dakota?%2Fjunkyards%2Fsouth-dakota=&p=2,unknown,unknown,Yes
https://junkyardsnearme.com/junkyards/florida/10000453-mckee-wrecker-salvage-inc-middleburg-fl,unknown,unknown,Yes
https://junkyardsnearme.com/junkyards=&p=32?%2Fjunkyards=&p=31,unknown,unknown,Yes
https://junkyardsnearme.com/junkyards/michigan/9998070-bridgelake-auto-truck-parts-clarkston-mi,unknown,unknown,Yes
https://junkyardsnearme.com/junkyards/california/9997500-advancebay-rancho-cordova-ca,unknown,unknown,Yes
https://junkyardsnearme.com/junkyards=&p=519,unknown,unknown,Yes
https://junkyardsnearme.com/junkyards=&p=315,unknown,unknown,Yes
https://junkyardsnearme.com/junkyards/minnesota/10001500-sams-auto-parts-minneapolis-mn,unknown,unknown,Yes
https://junkyardsnearme.com/junkyards/new-york/10001369-canarsie-brooklyn-ny,unknown,unknown,Yes
https://junkyardsnearme.com/junkyards/ohio/10000161-lkq-cincinnati-cincinnati-oh,unknown,unknown,Yes
https://junkyardsnearme.com/junkyards/virginia/9340807-two-chiefs-llc-suffolk-va,unknown,unknown,Yes
https://junkyardsnearme.com/junkyards/new-hampshire/9999032-evergreen-auto-truck-recycling-kingston-nh,unknown,unknown,Yes
https://junkyardsnearme.com/junkyards/kansas/9243600-payless-auto-salvage-soldier-ks,unknown,unknown,Yes
https://junkyardsnearme.com/junkyards=&p=274,unknown,unknown,Yes
https://junkyardsnearme.com/junkyards/texas/9997606-all-star-import-american-auto-kennedale-tx,unknown,unknown,Yes
https://junkyardsnearme.com/junkyards/utah/10001953-trans-west-pick-a-part-ogden-ut,unknown,unknown,Yes
https://junkyardsnearme.com/junkyards/vermont=&p=1,unknown,unknown,Yes
https://junkyardsnearme.com/junkyards/michigan=&p=7?%2Fjunkyards%2Fmichigan=&p=8,unknown,unknown,Yes
https://junkyardsnearme.com/junkyards=&p=495?%2Fjunkyards=&p=494,unknown,unknown,Yes
https://junkyardsnearme.com/junkyards/florida/10001186-prime-auto-salvage-fort-lauderdale-fl,unknown,unknown,Yes
https://junkyardsnearme.com/junkyards/florida/10000033-larrys-1st-stop-jacksonville-fl,unknown,unknown,Yes
https://junkyardsnearme.com/junkyards/michigan=&p=24?%2Fjunkyards%2Fmichigan=&p=23,unknown,unknown,Yes
https://junkyardsnearme.com/junkyards/colorado/9997496-adopt-a-part-denver-co,unknown,unknown,Yes
https://junkyardsnearme.com/junkyards/california/9999365-h-m-auto-parts-rancho-cordova-ca,unknown,unknown,Yes
https://junkyardsnearme.com/junkyards/ohio/9997241-a-b-auto-parts-trotwood-oh,unknown,unknown,Yes
https://junkyardsnearme.com/junkyards/north-carolina/9998118-buchanans-auto-salvage-sanford-nc,unknown,unknown,Yes
https://junkyardsnearme.com/junkyards/ohio=&p=9,unknown,unknown,Yes
https://junkyardsnearme.com/junkyards/virginia/6502547-gravely-auto-parts-axton-va,unknown,unknown,Yes
https://junkyardsnearme.com/junkyards/california=&p=20,unknown,unknown,Yes
https://junkyardsnearme.com/junkyards/newfoundland-and-labrador/9997790-auto-parts-network-mount-pearl-nl,unknown,unknown,Yes
https://junkyardsnearme.com/junkyards/iowa/5835683-boyes-auto-truck-wrecking-dubuque-ia,unknown,unknown,Yes
https://junkyardsnearme.com/junkyards/illinois/9291662-kb-cores-kankakee-il,unknown,unknown,Yes
https://junkyardsnearme.com/junkyards/indiana/10000623-midwest-auto-vincennes-in,unknown,unknown,Yes
https://junkyardsnearme.com/junkyards/wisconsin/9997659-american-automotive-llc-madison-wi,unknown,unknown,Yes
https://junkyardsnearme.com/junkyards/british-columbia/9998002-bimmer-parts-duncan-bc,unknown,unknown,Yes
https://junkyardsnearme.com/junkyards=&p=324?%2Fjunkyards=&p=325,unknown,unknown,Yes
https://junkyardsnearme.com/junkyards/tennessee=&p=3?%2Fjunkyards%2Ftennessee=&p=4,unknown,unknown,Yes
https://junkyardsnearme.com/junkyards/ohio/9997494-adelmans-truck-van-parts-canton-oh,unknown,unknown,Yes
https://junkyardsnearme.com/junkyards/colorado/9997713-arapahoe-auto-salvage-englewood-co,unknown,unknown,Yes
https://junkyardsnearme.com/junkyards/new-york/10001834-orange-county-metal-recycling-middletown-ny,unknown,unknown,Yes
https://junkyardsnearme.com/junkyards/new-jersey=&p=15?%2Fjunkyards%2Fnew-jersey=&p=14,unknown,unknown,Yes
https://junkyardsnearme.com/junkyards/ohio/10000797-new-carlisle-auto-parts-new-carlisle-oh,unknown,unknown,Yes
https://junkyardsnearme.com/junkyards/new-york/10001621-j-bass-and-son-inc-mount-vernon-ny,unknown,unknown,Yes
https://junkyardsnearme.com/junkyards/quebec/10001603-sherbrooke-used-auto-parts-sherbrooke-qc,unknown,unknown,Yes
https://junkyardsnearme.com/junkyards=&p=131,unknown,unknown,Yes
https://junkyardsnearme.com/junkyards/north-carolina/5821384-clarks-used-parts-salvage-laurinburg-nc,unknown,unknown,Yes
https://junkyardsnearme.com/junkyards/california/9997586-all-import-auto-salvage-berkeley-ca,unknown,unknown,Yes
https://junkyardsnearme.com/junkyards/kentucky=&p=7,unknown,unknown,Yes
https://junkyardsnearme.com/junkyards/west-virginia/2683279-focus-salvage-ridgeley-wv,unknown,unknown,Yes
https://junkyardsnearme.com/junkyards/south-dakota/9998920-eddy-enterprises-emery-sd,unknown,unknown,Yes
https://junkyardsnearme.com/junkyards/colorado/9998165-c-e-used-parts-pueblo-co,unknown,unknown,Yes
https://junkyardsnearme.com/junkyards/california/9998221-cardinal-auto-wrecking-escondido-ca,unknown,unknown,Yes
https://junkyardsnearme.com/junkyards/ohio/8670798-dayton-junk-car-removal-dayton-oh,unknown,unknown,Yes
https://junkyardsnearme.com/junkyards/connecticut/10000844-pandolfes-auto-parts-berlin-ct,unknown,unknown,Yes
https://junkyardsnearme.com/junkyards/california=&p=3?%2Fjunkyards%2Fcalifornia=&p=4,unknown,unknown,Yes
https://junkyardsnearme.com/junkyards/california/2008470-a-r-auto-sun-valley-ca,unknown,unknown,Yes
https://junkyardsnearme.com/junkyards/massachusetts/10000560-causeway-enterprises-inc-salisbury-ma,unknown,unknown,Yes
https://junkyardsnearme.com/junkyards/michigan/10000076-lee-auto-export-grand-rapids-mi,unknown,unknown,Yes
https://junkyardsnearme.com/junkyards/pennsylvania/9999455-hemminger-auto-truck-friedens-pa,unknown,unknown,Yes
https://junkyardsnearme.com/junkyards/massachusetts/9999132-a-1-used-auto-parts-inc-framingham-ma,unknown,unknown,Yes
https://junkyardsnearme.com/junkyards/florida=&p=13,unknown,unknown,Yes
https://junkyardsnearme.com/junkyards/tennessee=&p=11?%2Fjunkyards%2Ftennessee=&p=12,unknown,unknown,Yes
https://junkyardsnearme.com/junkyards/missouri/9997873-b-w-truck-repair-taylor-mo,unknown,unknown,Yes
https://junkyardsnearme.com/junkyards/oregon/9998747-discount-towing-recovery-salem-or,unknown,unknown,Yes
https://junkyardsnearme.com/junkyards/ohio/9998364-clayton-auto-parts-clayton-oh,unknown,unknown,Yes
https://junkyardsnearme.com/junkyards/california/9999743-j-c-auto-dismantlers-san-jose-ca,unknown,unknown,Yes
https://junkyardsnearme.com/junkyards/texas/9997427-abs-like-new-auto-salvage-grand-prairie-tx,unknown,unknown,Yes
https://junkyardsnearme.com/junkyards/indiana/9999660-imperial-auto-parts-indianapolis-in,unknown,unknown,Yes
https://junkyardsnearme.com/junkyards/quebec/10001115-pieces-dauto-bluteau-saint-edmond-de-grantham-qc,unknown,unknown,Yes
https://junkyardsnearme.com/junkyards/georgia/9999264-givens-auto-parts-1-dacula-ga,unknown,unknown,Yes
https://junkyardsnearme.com/junkyards/new-jersey=&p=16?%2Fjunkyards%2Fnew-jersey=&p=15,unknown,unknown,Yes
https://junkyardsnearme.com/junkyards/maine/10001874-the-wheel-house-detroit-me,unknown,unknown,Yes
https://junkyardsnearme.com/junkyards/connecticut/9999964-calamari-recycling-essex-ct,unknown,unknown,Yes
https://junkyardsnearme.com/junkyards/minnesota/9998669-deans-auto-parts-baxter-mn,unknown,unknown,Yes
https://junkyardsnearme.com/junkyards/new-york/9997598-all-recycling-llc-newburgh-ny,unknown,unknown,Yes
https://junkyardsnearme.com/junkyards/new-york/10001070-cash-for-cars-jamaica-ny,unknown,unknown,Yes
https://junkyardsnearme.com/junkyards/texas/10000775-national-auto-parts-grand-prairie-tx,unknown,unknown,Yes
https://junkyardsnearme.com/junkyards/new-york/9999156-freds-auto-parts-oswego-ny,unknown,unknown,Yes
https://junkyardsnearme.com/junkyards=&p=129?%2Fjunkyards=&p=130,unknown,unknown,Yes
https://junkyardsnearme.com/junkyards/massachusetts/10000058-chicopee-scrap-metal-auto-chicopee-ma,unknown,unknown,Yes
https://junkyardsnearme.com/junkyards/wisconsin/9999644-hwy-50-auto-truck-salvage-salem-wi,unknown,unknown,Yes
https://junkyardsnearme.com/junkyards/california/4868429-fifth-street-auto-salvage-oxnard-ca,unknown,unknown,Yes
https://junkyardsnearme.com/junkyards/nebraska/9997430-abc-auto-salvage-inc-north-platte-ne,unknown,unknown,Yes
https://junkyardsnearme.com/junkyards/maine/10000584-emerys-junkyard-south-berwick-me,unknown,unknown,Yes
https://junkyardsnearme.com/junkyards=&p=9?%2Fjunkyards=&p=10,unknown,unknown,Yes
https://junkyardsnearme.com/junkyards/british-columbia=&p=8?%2Fjunkyards%2Fbritish-columbia=&p=9,unknown,unknown,Yes
https://junkyardsnearme.com/junkyards=&p=56?%2Fjunkyards=&p=57,unknown,unknown,Yes
https://junkyardsnearme.com/junkyards=&p=19,unknown,unknown,Yes
https://junkyardsnearme.com/junkyards/ohio/9998016-black-river-auto-salvage-elyria-oh,unknown,unknown,Yes
https://junkyardsnearme.com/junkyards/michigan=&p=6?%2Fjunkyards%2Fmichigan=&p=5,unknown,unknown,Yes
https://junkyardsnearme.com/junkyards=&p=476,unknown,unknown,Yes
https://junkyardsnearme.com/junkyards/illinois/10001724-speedway-salvage-east-saint-louis-il,unknown,unknown,Yes
https://junkyardsnearme.com/junkyards/ohio/10000031-lapoint-discount-holland-oh,unknown,unknown,Yes
https://junkyardsnearme.com/junkyards/new-brunswick/9997093-greens-auto-parts-ltd-fredericton-nb,unknown,unknown,Yes
https://junkyardsnearme.com/junkyards/minnesota=&p=12?%2Fjunkyards%2Fminnesota=&p=11,unknown,unknown,Yes
https://junkyardsnearme.com/junkyards/louisiana/4451083-grosse-tete-wrecker-services-grosse-tete-la,unknown,unknown,Yes
https://junkyardsnearme.com/junkyards/connecticut=&p=5?%2Fjunkyards%2Fconnecticut=&p=4,unknown,unknown,Yes
https://junkyardsnearme.com/junkyards/florida=&p=19?%2Fjunkyards%2Fflorida=&p=20,unknown,unknown,Yes
https://junkyardsnearme.com/junkyards=&p=333?%2Fjunkyards=&p=332,unknown,unknown,Yes
https://junkyardsnearme.com/junkyards/indiana=&p=9?%2Fjunkyards%2Findiana=&p=8,unknown,unknown,Yes
https://junkyardsnearme.com/junkyards/north-carolina/10000426-master-auto-pro-charlotte-nc,unknown,unknown,Yes
https://junkyardsnearme.com/junkyards/ohio/9998155-busy-bee-auto-parts-towing-dayton-oh,unknown,unknown,Yes
https://junkyardsnearme.com/junkyards/connecticut/10000851-junkbusters-llc-willimantic-ct,unknown,unknown,Yes
https://junkyardsnearme.com/junkyards/kentucky=&p=3,unknown,unknown,Yes
https://junkyardsnearme.com/junkyards/indiana/9998958-ernies-auto-parts-muncie-in,unknown,unknown,Yes
https://junkyardsnearme.com/junkyards/minnesota/7841711-johns-auto-parts-blaine-mn,unknown,unknown,Yes
https://junkyardsnearme.com/junkyards/tennessee/9997186-four-lane-auto-salvage-nashville-tn,unknown,unknown,Yes
https://junkyardsnearme.com/junkyards=&p=253?%2Fjunkyards=&p=254,unknown,unknown,Yes
https://junkyardsnearme.com/junkyards/north-carolina/10001684-south-end-auto-salvage-rocky-mount-nc,unknown,unknown,Yes
https://junkyardsnearme.com/junkyards=&p=99,unknown,unknown,Yes
https://junkyardsnearme.com/junkyards/minnesota/2127717-lukes-auto-recycling-howard-lake-mn,unknown,unknown,Yes
https://junkyardsnearme.com/junkyards/ontario=&p=6?%2Fjunkyards%2Fontario=&p=7,unknown,unknown,Yes
https://junkyardsnearme.com/junkyards/indiana/9999117-fortville-auto-salvage-fortville-in,unknown,unknown,Yes
https://junkyardsnearme.com/junkyards=&p=122?%2Fjunkyards=&p=123,unknown,unknown,Yes
https://junkyardsnearme.com/junkyards/florida/9235064-c-s-corvettes-sarasota-fl,unknown,unknown,Yes
https://junkyardsnearme.com/junkyards/ontario/9998746-discount-auto-wreckers-kitchener-on,unknown,unknown,Yes
https://junkyardsnearme.com/junkyards=&p=331,unknown,unknown,Yes
https://junkyardsnearme.com/junkyards/kentucky/9999911-kentucky-auto-truck-association-frankfort-ky,unknown,unknown,Yes
https://junkyardsnearme.com/junkyards/california/10000459-mcm-auto-recycling-san-diego-ca,unknown,unknown,Yes
https://junkyardsnearme.com/junkyards/minnesota/10000836-north-star-auto-parts-anoka-mn,unknown,unknown,Yes
https://junkyardsnearme.com/junkyards/new-york/10001080-r-f-surplus-salvage-yonkers-ny,unknown,unknown,Yes
https://junkyardsnearme.com/junkyards/mississippi/9998639-davis-auto-salvage-sardis-ms,unknown,unknown,Yes
https://junkyardsnearme.com/junkyards/wisconsin/9997767-auto-scrap-recyclers-milwaukee-wi,unknown,unknown,Yes
https://junkyardsnearme.com/junkyards=&p=58?%2Fjunkyards=&p=57,unknown,unknown,Yes
https://junkyardsnearme.com/junkyards/california/9999542-hk-auto-salvage-montebello-ca,unknown,unknown,Yes
https://junkyardsnearme.com/junkyards/alberta=&p=4?%2Fjunkyards%2Falberta=&p=5,unknown,unknown,Yes
https://junkyardsnearme.com/junkyards=&p=98?%2Fjunkyards=&p=97,unknown,unknown,Yes
https://junkyardsnearme.com/junkyards/nebraska/5714424-lkq-midwest-auto-parts-omaha-ne,unknown,unknown,Yes
https://junkyardsnearme.com/junkyards/pennsylvania/6779833-c-g-auto-llc-biglerville-pa,unknown,unknown,Yes
https://junkyardsnearme.com/junkyards=&p=117,unknown,unknown,Yes
https://junkyardsnearme.com/junkyards/iowa/9999917-key-city-used-auto-parts-dubuque-ia,unknown,unknown,Yes
https://junkyardsnearme.com/junkyards/new-jersey/9999245-giant-auto-salvage-newark-nj,unknown,unknown,Yes
https://junkyardsnearme.com/junkyards=&p=252,unknown,unknown,Yes
https://junkyardsnearme.com/junkyards/arkansas/7432308-harrison-auto-salvage-harrison-ar,unknown,unknown,Yes
https://junkyardsnearme.com/junkyards/minnesota/6343093-pro-fast-auto-glenwood-mn,unknown,unknown,Yes
https://junkyardsnearme.com/junkyards/ontario/6864916-vip-auto-service-scarborough-on,unknown,unknown,Yes
https://junkyardsnearme.com/junkyards/south-carolina/10000137-lkq-a-r-auto-parts-duncan-sc,unknown,unknown,Yes
https://junkyardsnearme.com/junkyards/minnesota=&p=8?%2Fjunkyards%2Fminnesota=&p=9,unknown,unknown,Yes
https://junkyardsnearme.com/junkyards/illinois/9998169-c-j-auto-parts-chicago-il,unknown,unknown,Yes
https://junkyardsnearme.com/junkyards/california/9997788-auto-parts-dismantling-headlight-factory-pacoima-ca,unknown,unknown,Yes
https://junkyardsnearme.com/junkyards/illinois/9999837-junction-auto-parts-caledonia-il,unknown,unknown,Yes
https://junkyardsnearme.com/junkyards/texas/10000025-lane-auto-parts-rosenberg-tx,unknown,unknown,Yes
https://junkyardsnearme.com/junkyards=&p=262?%2Fjunkyards=&p=261,unknown,unknown,Yes
https://junkyardsnearme.com/junkyards=&p=99?%2Fjunkyards=&p=100,unknown,unknown,Yes
https://junkyardsnearme.com/junkyards/michigan/10000373-m-45-auto-parts-west-olive-mi,unknown,unknown,Yes
https://junkyardsnearme.com/junkyards/quebec/10001130-pieces-dautos-st-remi-saint-remi-qc,unknown,unknown,Yes
https://junkyardsnearme.com/junkyards/pennsylvania/7261717-big-head-auto-salvage-philadelphia-pa,unknown,unknown,Yes
https://junkyardsnearme.com/junkyards/alberta/9997630-allwest-auto-parts-no-us-shipping-edmonton-ab,unknown,unknown,Yes
https://junkyardsnearme.com/junkyards/minnesota/10001886-timms-auto-salvage-saint-charles-mn,unknown,unknown,Yes
https://junkyardsnearme.com/junkyards/connecticut/9999945-g-s-scrap-metal-llc-south-windsor-ct,unknown,unknown,Yes
https://junkyardsnearme.com/junkyards=&p=163?%2Fjunkyards=&p=164,unknown,unknown,Yes
https://junkyardsnearme.com/junkyards/wisconsin/9997811-auto-works-madison-wi,unknown,unknown,Yes
https://junkyardsnearme.com/junkyards/california/9997397-aaa-auto-dismantling-duarte-ca,unknown,unknown,Yes
https://junkyardsnearme.com/junkyards/florida/9999101-florida-cars-used-auto-parts-miami-fl,unknown,unknown,Yes
https://junkyardsnearme.com/junkyards/rhode-island/10000313-advanced-auto-recycling-inc-cumberland-ri,unknown,unknown,Yes
https://junkyardsnearme.com/junkyards/pennsylvania/10001588-sharon-auto-wrecking-mercer-pa,unknown,unknown,Yes
https://junkyardsnearme.com/junkyards/california/9998537-crossroads-auto-parts-mira-loma-ca,unknown,unknown,Yes
https://junkyardsnearme.com/junkyards/tennessee/2255273-ballard-auto-parts-inc-cleveland-tn,unknown,unknown,Yes
https://junkyardsnearme.com/junkyards/tennessee/9998642-davis-used-auto-parts-tazewell-tn,unknown,unknown,Yes
https://junkyardsnearme.com/junkyards/tennessee/10001908-tonys-auto-sales-salvage-crossville-tn,unknown,unknown,Yes
https://junkyardsnearme.com/junkyards/nebraska/5714504-s-m-import-auto-omaha-ne,unknown,unknown,Yes
https://junkyardsnearme.com/junkyards/connecticut=&p=6?%2Fjunkyards%2Fconnecticut=&p=5,unknown,unknown,Yes
https://junkyardsnearme.com/junkyards/manitoba/10000999-parts-of-cars-winnipeg-mb,unknown,unknown,Yes
https://junkyardsnearme.com/junkyards/florida/6340056-specialist-parts-miami-fl,unknown,unknown,Yes
https://junkyardsnearme.com/junkyards/pennsylvania/9997714-arc-auto-parts-mckeesport-pa,unknown,unknown,Yes
https://junkyardsnearme.com/junkyards/pennsylvania/7888693-contemporary-corvette-bristol-pa,unknown,unknown,Yes
https://junkyardsnearme.com/junkyards/california/9997591-all-japanese-auto-wrecking-los-angeles-ca,unknown,unknown,Yes
https://junkyardsnearme.com/junkyards/rhode-island/9998207-capital-city-salvage-johnston-ri,unknown,unknown,Yes
https://junkyardsnearme.com/junkyards=&p=225,unknown,unknown,Yes
https://junkyardsnearme.com/junkyards/alabama/9997319-a1-auto-parts-llc-semmes-al,unknown,unknown,Yes
https://junkyardsnearme.com/junkyards/new-york/9998782-dpa-auto-parts-deer-park-ny,unknown,unknown,Yes
https://junkyardsnearme.com/junkyards/wisconsin/9998809-eagle-auto-truck-parts-eagle-wi,unknown,unknown,Yes
https://junkyardsnearme.com/junkyards/oregon/9997423-aarons-speedway-auto-central-point-or,unknown,unknown,Yes
https://junkyardsnearme.com/junkyards/illinois/10001827-t-t-u-pull-it-east-dubuque-il,unknown,unknown,Yes
https://junkyardsnearme.com/junkyards/pennsylvania/10000416-martin-recycling-company-llc-philadelphia-pa,unknown,unknown,Yes
https://junkyardsnearme.com/junkyards/california/9998948-empire-auto-team-san-diego-ca,unknown,unknown,Yes
https://junkyardsnearme.com/junkyards/mississippi/1177117-southern-auto-salvage-recycling-bay-st-louis-ms,unknown,unknown,Yes
https://junkyardsnearme.com/junkyards/massachusetts/10000067-girard-used-auto-truck-parts-winchendon-ma,unknown,unknown,Yes
https://junkyardsnearme.com/junkyards/colorado/10000417-martin-supply-parts-vintage-to-recent-windsor-co,unknown,unknown,Yes
https://junkyardsnearme.com/junkyards=&p=269,unknown,unknown,Yes
https://junkyardsnearme.com/junkyards=&p=204?%2Fjunkyards=&p=205,unknown,unknown,Yes
https://junkyardsnearme.com/junkyards/massachusetts/9999532-joshua-recycling-boston-ma,unknown,unknown,Yes
https://junkyardsnearme.com/junkyards/new-jersey=&p=12?%2Fjunkyards%2Fnew-jersey=&p=11,unknown,unknown,Yes
https://junkyardsnearme.com/junkyards/florida=&p=8?%2Fjunkyards%2Fflorida=&p=7,unknown,unknown,Yes
https://junkyardsnearme.com/junkyards=&p=354?%2Fjunkyards=&p=355,unknown,unknown,Yes
https://junkyardsnearme.com/junkyards/texas/6411123-houston-junk-car-buyer-baytown-tx,unknown,unknown,Yes
https://junkyardsnearme.com/junkyards/alberta/9998349-city-auto-truck-parts-edmonton-ab,unknown,unknown,Yes
https://junkyardsnearme.com/junkyards/north-carolina=&p=15?%2Fjunkyards%2Fnorth-carolina=&p=16,unknown,unknown,Yes
https://junkyardsnearme.com/junkyards=&p=52,unknown,unknown,Yes
https://junkyardsnearme.com/junkyards/mississippi/9999114-forest-auto-salvage-sales-forest-ms,unknown,unknown,Yes
https://junkyardsnearme.com/junkyards/new-hampshire/6357171-jean-guys-used-cars-and-parts-inc-pelham-nh,unknown,unknown,Yes
https://junkyardsnearme.com/junkyards/maine/10000703-folsom-sons-auto-salvage-skowhegan-me,unknown,unknown,Yes
https://junkyardsnearme.com/junkyards=&p=496?%2Fjunkyards=&p=497,unknown,unknown,Yes
https://junkyardsnearme.com/junkyards=&p=38,unknown,unknown,Yes
https://junkyardsnearme.com/junkyards/massachusetts/9941801-goyettes-inc-new-bedford-ma,unknown,unknown,Yes
https://junkyardsnearme.com/junkyards/virginia=&p=4?%2Fjunkyards%2Fvirginia=&p=3,unknown,unknown,Yes
https://junkyardsnearme.com/junkyards/massachusetts/9999247-jim-s-clean-up-cambridge-ma,unknown,unknown,Yes
https://junkyardsnearme.com/junkyards=&p=145?%2Fjunkyards=&p=144,unknown,unknown,Yes
https://junkyardsnearme.com/junkyards=&p=358?%2Fjunkyards=&p=357,unknown,unknown,Yes
https://junkyardsnearme.com/junkyards/new-york/9998460-nelsons-auto-parts-springfield-gardens-ny,unknown,unknown,Yes
https://junkyardsnearme.com/junkyards/nebraska/9997648-american-auto-parts-omaha-ne,unknown,unknown,Yes
https://junkyardsnearme.com/junkyards/new-york/9998854-manners-motors-long-island-city-ny,unknown,unknown,Yes
https://junkyardsnearme.com/junkyards=&p=223,unknown,unknown,Yes
https://junkyardsnearme.com/junkyards/florida/9998813-eagle-international-used-auto-parts-miami-fl,unknown,unknown,Yes
https://junkyardsnearme.com/junkyards/michigan/9997265-a-to-z-auto-parts-spring-lake-mi,unknown,unknown,Yes
https://junkyardsnearme.com/junkyards/new-jersey=&p=15,unknown,unknown,Yes
https://junkyardsnearme.com/junkyards/colorado=&p=5,unknown,unknown,Yes
https://junkyardsnearme.com/junkyards/new-york,unknown,unknown,Yes
https://junkyardsnearme.com/junkyards/ohio/9998416-cohen-auto-parts-dayton-oh,unknown,unknown,Yes
https://junkyardsnearme.com/junkyards/new-york/9999409-ben-weitsman-of-albany-albany-ny,unknown,unknown,Yes
https://junkyardsnearme.com/junkyards/new-york/9997626-allied-used-auto-parts-bronx-ny,unknown,unknown,Yes
https://junkyardsnearme.com/junkyards/florida/9997493-adams-used-auto-parts-tampa-fl,unknown,unknown,Yes
https://junkyardsnearme.com/junkyards=&p=144,unknown,unknown,Yes
https://junkyardsnearme.com/junkyards/new-jersey/10001348-gln-scrap-metals-inc-jersey-city-nj,unknown,unknown,Yes
https://junkyardsnearme.com/junkyards/maine/10000800-new-england-auto-parts-unity-me,unknown,unknown,Yes
https://junkyardsnearme.com/junkyards/maine/10000689-b-s-scrap-recycling-hudson-me,unknown,unknown,Yes
https://junkyardsnearme.com/junkyards/florida/9997623-allied-auto-salvage-fort-lauderdale-fl,unknown,unknown,Yes
https://junkyardsnearme.com/junkyards/pennsylvania/10000434-matthews-auto-parts-philadelphia-pa,unknown,unknown,Yes
https://junkyardsnearme.com/junkyards/georgia=&p=2?%2Fjunkyards%2Fgeorgia=&p=3,unknown,unknown,Yes
https://junkyardsnearme.com/junkyards=&p=408?%2Fjunkyards=&p=407,unknown,unknown,Yes
https://junkyardsnearme.com/junkyards/pennsylvania/9999381-hannas-auto-works-recycling-allentown-pa,unknown,unknown,Yes
https://junkyardsnearme.com/junkyards/minnesota/10000656-misgen-auto-parts-ellendale-mn,unknown,unknown,Yes
https://junkyardsnearme.com/junkyards/connecticut/9999049-f-s-auto-parts-roxbury-ct,unknown,unknown,Yes
https://junkyardsnearme.com/junkyards/quebec=&p=3?%2Fjunkyards%2Fquebec=&p=4,unknown,unknown,Yes
https://junkyardsnearme.com/junkyards/florida=&p=12?%2Fjunkyards%2Fflorida=&p=13,unknown,unknown,Yes
https://junkyardsnearme.com/junkyards/mississippi/7498686-dinos-corvette-salvage-llc-picayune-ms,unknown,unknown,Yes
https://junkyardsnearme.com/junkyards/pennsylvania/9432342-joes-used-auto-parts-new-ringold-pa,unknown,unknown,Yes
https://junkyardsnearme.com/junkyards/colorado/9998042-bone-yard-denver-co,unknown,unknown,Yes
https://junkyardsnearme.com/junkyards/new-hampshire/10000553-northwood-auto-salvage-northwood-nh,unknown,unknown,Yes
https://junkyardsnearme.com/junkyards/south-carolina/8211989-auto-salvage-company-ladson-sc,unknown,unknown,Yes
https://junkyardsnearme.com/junkyards/oklahoma=&p=5?%2Fjunkyards%2Foklahoma=&p=4,unknown,unknown,Yes
https://junkyardsnearme.com/junkyards/north-carolina/9998232-carpartsnc-com-charlotte-nc,unknown,unknown,Yes
https://junkyardsnearme.com/junkyards=&p=69,unknown,unknown,Yes
https://junkyardsnearme.com/junkyards=&p=247,unknown,unknown,Yes
https://junkyardsnearme.com/junkyards=&p=247?%2Fjunkyards=&p=248,unknown,unknown,Yes
https://junkyardsnearme.com/junkyards=&p=382?%2Fjunkyards=&p=383,unknown,unknown,Yes
https://junkyardsnearme.com/junkyards/georgia/9579808-mcdonough-auto-parts-inc-mc-donough-ga,unknown,unknown,Yes
https://junkyardsnearme.com/junkyards/connecticut=&p=1?%2Fjunkyards%2Fconnecticut=&p=2,unknown,unknown,Yes
https://junkyardsnearme.com/junkyards=&p=471,unknown,unknown,Yes
https://junkyardsnearme.com/junkyards/maine/9999722-j-j-auto-sales-salvage-alfred-me,unknown,unknown,Yes
https://junkyardsnearme.com/privacy-policy,unknown,unknown,Yes
https://junkyardsnearme.com/junkyards/iowa/9997709-ar-auto-unionville-ia,unknown,unknown,Yes
https://junkyardsnearme.com/junkyards/rhode-island/9997937-belleville-auto-salvage-north-kingstown-ri,unknown,unknown,Yes
https://junkyardsnearme.com/junkyards/pennsylvania=&p=1?%2Fjunkyards%2Fpennsylvania=&p=2,unknown,unknown,Yes
https://junkyardsnearme.com/junkyards/new-mexico/9997195-five-js-auto-parts-inc-albuquerque-nm,unknown,unknown,Yes
https://junkyardsnearme.com/junkyards/oklahoma/9998352-city-universal-body-parts-oklahoma-city-ok,unknown,unknown,Yes
https://junkyardsnearme.com/junkyards/new-hampshire/10000575-e-w-salvage-walpole-nh,unknown,unknown,Yes
https://junkyardsnearme.com/junkyards/new-jersey/10001344-a-a-truck-parts-freehold-nj,unknown,unknown,Yes
https://junkyardsnearme.com/junkyards/new-york/7263288-ford-sons-salvage-westtown-ny,unknown,unknown,Yes
https://junkyardsnearme.com/junkyards/british-columbia=&p=8?%2Fjunkyards%2Fbritish-columbia=&p=7,unknown,unknown,Yes
https://junkyardsnearme.com/junkyards/texas/9889922-auto-ecm-electronics-grand-prairie-tx,unknown,unknown,Yes
https://junkyardsnearme.com/junkyards/michigan/10001238-r-s-auto-truck-parts-mancelona-mi,unknown,unknown,Yes
https://junkyardsnearme.com/junkyards/missouri/4843344-mullins-auto-parts-beaufort-mo,unknown,unknown,Yes
https://junkyardsnearme.com/junkyards/texas/3845708-rogers-holly-springs-tx,unknown,unknown,Yes
https://junkyardsnearme.com/junkyards/ohio/2297004-kash-auto-salvage-wrecking-cleveland-oh,unknown,unknown,Yes
https://junkyardsnearme.com/junkyards/new-jersey/6890013-route-57-auto-salvage-port-murray-nj,unknown,unknown,Yes
https://junkyardsnearme.com/junkyards/michigan=&p=16,unknown,unknown,Yes
https://junkyardsnearme.com/junkyards/california=&p=26?%2Fjunkyards%2Fcalifornia=&p=25,unknown,unknown,Yes
https://junkyardsnearme.com/junkyards/illinois/8775981-b-auto-parts-east-saint-louis-il,unknown,unknown,Yes
https://junkyardsnearme.com/junkyards/newfoundland-and-labrador/9997099-cookes-metals-demolition-bishops-falls-nl,unknown,unknown,Yes
https://junkyardsnearme.com/junkyards/oklahoma=&p=1,unknown,unknown,Yes
https://junkyardsnearme.com/junkyards/new-jersey/10001540-junk-cars-for-cash-nj-llc-orange-nj,unknown,unknown,Yes
https://junkyardsnearme.com/junkyards/minnesota/10001375-rite-away-auto-big-lake-mn,unknown,unknown,Yes
https://junkyardsnearme.com/junkyards/mississippi/6354101-auto-lab-llc-decatur-ms,unknown,unknown,Yes
https://junkyardsnearme.com/junkyards/virginia=&p=5?%2Fjunkyards%2Fvirginia=&p=6,unknown,unknown,Yes
https://junkyardsnearme.com/junkyards/georgia/9999263-givens-auto-parts-3-lawrenceville-ga,unknown,unknown,Yes
https://junkyardsnearme.com/junkyards/new-york/2413645-j-v-auto-parts-brooklyn-ny,unknown,unknown,Yes
https://junkyardsnearme.com/junkyards/georgia/9998034-bobs-auto-salvage-griffin-ga,unknown,unknown,Yes
https://junkyardsnearme.com/junkyards/new-york/9997417-able-west-auto-salvage-lindenhurst-ny,unknown,unknown,Yes
https://junkyardsnearme.com/junkyards=&p=364,unknown,unknown,Yes
https://junkyardsnearme.com/junkyards/new-jersey/10001089-roxbury-auto-wreckers-wharton-nj,unknown,unknown,Yes
https://junkyardsnearme.com/junkyards/pennsylvania/9997804-auto-recycling-inc-coplay-pa,unknown,unknown,Yes
https://junkyardsnearme.com/junkyards/prince-edward-island/9998831-east-side-truck-auto-belfast-pe,unknown,unknown,Yes
https://junkyardsnearme.com/junkyards/alabama/9998503-counselman-automotive-recycling-of-spanish-fort-spanish-fort-al,unknown,unknown,Yes
https://junkyardsnearme.com/junkyards/missouri/9997042-manzana-quality-auto-metal-recycling-wright-city-mo,unknown,unknown,Yes
https://junkyardsnearme.com/junkyards=&p=36,unknown,unknown,Yes
https://junkyardsnearme.com/junkyards/north-carolina/2777278-auto-recyclers-of-laurinburg-laurinburg-nc,unknown,unknown,Yes
https://junkyardsnearme.com/junkyards/florida/9999477-hg-parts-import-exports-inc-opa-locka-fl,unknown,unknown,Yes
https://junkyardsnearme.com/junkyards=&p=75?%2Fjunkyards=&p=76,unknown,unknown,Yes
https://junkyardsnearme.com/junkyards/texas/9997309-a-plaza-auto-parts-houston-tx,unknown,unknown,Yes
https://junkyardsnearme.com/junkyards/iowa/3342048-west-edge-auto-salvage-independence-ia,unknown,unknown,Yes
https://junkyardsnearme.com/junkyards/tennessee/9997189-41-a-auto-parts-sales-shelbyville-tn,unknown,unknown,Yes
https://junkyardsnearme.com/junkyards/oklahoma/9998164-c-c-used-auto-parts-oklahoma-city-ok,unknown,unknown,Yes
https://junkyardsnearme.com/junkyards/idaho=&p=2,unknown,unknown,Yes
https://junkyardsnearme.com/junkyards=&p=15,unknown,unknown,Yes
https://junkyardsnearme.com/junkyards/new-york/9998656-cropsey-scrap-iron-and-metal-corporation-brooklyn-ny,unknown,unknown,Yes
https://junkyardsnearme.com/junkyards/georgia=&p=3?%2Fjunkyards%2Fgeorgia=&p=4,unknown,unknown,Yes
https://junkyardsnearme.com/junkyards=&p=244,unknown,unknown,Yes
https://junkyardsnearme.com/junkyards/california/9997534-ajax-auto-dismantlers-san-francisco-ca,unknown,unknown,Yes
https://junkyardsnearme.com/junkyards/colorado=&p=4?%2Fjunkyards%2Fcolorado=&p=3,unknown,unknown,Yes
https://junkyardsnearme.com/junkyards=&p=450?%2Fjunkyards=&p=449,unknown,unknown,Yes
https://junkyardsnearme.com/junkyards/florida/9998950-energy-auto-dismantlers-orlando-fl,unknown,unknown,Yes
https://junkyardsnearme.com/junkyards=&p=39,unknown,unknown,Yes
https://junkyardsnearme.com/junkyards/illinois/9998054-brads-auto-truck-parts-megacenter-viola-il,unknown,unknown,Yes
https://junkyardsnearme.com/junkyards=&p=330?%2Fjunkyards=&p=329,unknown,unknown,Yes
https://junkyardsnearme.com/junkyards/tennessee/10000410-marlar-sons-dismantling-winfield-tn,unknown,unknown,Yes
https://junkyardsnearme.com/junkyards/illinois/10000784-neal-auto-parts-peoria-il,unknown,unknown,Yes
https://junkyardsnearme.com/junkyards=&p=366,unknown,unknown,Yes
https://junkyardsnearme.com/junkyards/florida/9997566-all-auto-hustlers-tampa-fl,unknown,unknown,Yes
https://junkyardsnearme.com/junkyards/michigan=&p=15?%2Fjunkyards%2Fmichigan=&p=14,unknown,unknown,Yes
https://junkyardsnearme.com/junkyards/tennessee/5885889-c-h-auto-salvage-ridgely-tn,unknown,unknown,Yes
https://junkyardsnearme.com/junkyards/new-york/9998855-manhattan-jeep-chrysler-dodge-ram-new-york-ny,unknown,unknown,Yes
https://junkyardsnearme.com/junkyards/tennessee/10000616-mid-town-auto-parts-salvage-memphis-tn,unknown,unknown,Yes
https://junkyardsnearme.com/junkyards/florida/10001570-select-used-auto-parts-clearwater-fl,unknown,unknown,Yes
https://junkyardsnearme.com/junkyards=&p=411,unknown,unknown,Yes
https://junkyardsnearme.com/junkyards=&p=60?%2Fjunkyards=&p=59,unknown,unknown,Yes
https://junkyardsnearme.com/junkyards=&p=195,unknown,unknown,Yes
https://junkyardsnearme.com/junkyards=&p=420?%2Fjunkyards=&p=421,unknown,unknown,Yes
https://junkyardsnearme.com/junkyards/wisconsin/9998491-cooleys-auto-wrecking-eau-claire-wi,unknown,unknown,Yes
https://junkyardsnearme.com/junkyards/new-york/3026401-central-avenue-nissan-yonkers-ny,unknown,unknown,Yes
https://junkyardsnearme.com/junkyards=&p=469,unknown,unknown,Yes
https://junkyardsnearme.com/junkyards/wisconsin/9997825-awesome-auto-mondovi-wi,unknown,unknown,Yes
https://junkyardsnearme.com/junkyards=&p=237?%2Fjunkyards=&p=236,unknown,unknown,Yes
https://junkyardsnearme.com/junkyards/manitoba=&p=1?%2Fjunkyards%2Fmanitoba=&p=2,unknown,unknown,Yes
https://junkyardsnearme.com/junkyards/kentucky=&p=1,unknown,unknown,Yes
https://junkyardsnearme.com/junkyards/washington/10000028-langleys-auto-wrecking-vancouver-wa,unknown,unknown,Yes
https://junkyardsnearme.com/junkyards/connecticut=&p=10?%2Fjunkyards%2Fconnecticut=&p=9,unknown,unknown,Yes
https://junkyardsnearme.com/junkyards/ontario/10001752-standard-auto-wreckers-nepean-on,unknown,unknown,Yes
https://junkyardsnearme.com/junkyards/connecticut=&p=7?%2Fjunkyards%2Fconnecticut=&p=8,unknown,unknown,Yes
https://junkyardsnearme.com/junkyards/michigan=&p=23?%2Fjunkyards%2Fmichigan=&p=24,unknown,unknown,Yes
https://junkyardsnearme.com/junkyards/ohio/10000739-mr-car-parts-spencer-oh,unknown,unknown,Yes
https://junkyardsnearme.com/junkyards=&p=415,unknown,unknown,Yes
https://junkyardsnearme.com/junkyards/arizona/9997172-1st-choice-auto-parts-phoenix-az,unknown,unknown,Yes
https://junkyardsnearme.com/junkyards/quebec=&p=6?%2Fjunkyards%2Fquebec=&p=7,unknown,unknown,Yes
https://junkyardsnearme.com/junkyards/new-york/9998859-bedford-park-motors-ltd-bronx-ny,unknown,unknown,Yes
https://junkyardsnearme.com/junkyards/alberta/9997251-a-v-auto-parts-calgary-ab,unknown,unknown,Yes
https://junkyardsnearme.com/junkyards/ohio/9999376-hamer-rd-auto-salvage-georgetown-oh,unknown,unknown,Yes
https://junkyardsnearme.com/junkyards/texas/9997581-all-foreign-auto-parts-san-antonio-tx,unknown,unknown,Yes
https://junkyardsnearme.com/junkyards/california/9999766-japanese-truck-dismantling-wilmington-ca,unknown,unknown,Yes
https://junkyardsnearme.com/junkyards/massachusetts/9998999-jl-auto-parts-llc-templeton-ma,unknown,unknown,Yes
https://junkyardsnearme.com/junkyards=&p=495,unknown,unknown,Yes
https://junkyardsnearme.com/junkyards/oregon/3473101-south-coast-auto-wrecking-bandon-or,unknown,unknown,Yes
https://junkyardsnearme.com/junkyards/illinois/9999123-four-star-auto-parts-glass-blue-island-il,unknown,unknown,Yes
https://junkyardsnearme.com/junkyards/virginia/9997518-affordable-parts-repair-service-martinsville-va,unknown,unknown,Yes
https://junkyardsnearme.com/junkyards/nevada/9999773-jb-auto-parts-llc-las-vegas-nv,unknown,unknown,Yes
https://junkyardsnearme.com/junkyards=&p=356?%2Fjunkyards=&p=355,unknown,unknown,Yes
https://junkyardsnearme.com/junkyards/wisconsin/9998565-d-e-auto-parts-elkhorn-wi,unknown,unknown,Yes
https://junkyardsnearme.com/junkyards/oregon=&p=3?%2Fjunkyards%2Foregon=&p=2,unknown,unknown,Yes
https://junkyardsnearme.com/junkyards/new-york/9998607-g-g-scrap-metals-brooklyn-ny,unknown,unknown,Yes
https://junkyardsnearme.com/junkyards/oklahoma/4768839-old-33-salvage-chouteau-ok,unknown,unknown,Yes
https://junkyardsnearme.com/junkyards/illinois/9167818-t-g-automotive-lombard-il,unknown,unknown,Yes
https://junkyardsnearme.com/junkyards/oklahoma/9997313-a-z-auto-parts-oklahoma-city-ok,unknown,unknown,Yes
https://junkyardsnearme.com/junkyards/ohio/10000679-moons-auto-recycling-akron-oh,unknown,unknown,Yes
https://junkyardsnearme.com/junkyards/north-carolina=&p=16,unknown,unknown,Yes
https://junkyardsnearme.com/junkyards=&p=303?%2Fjunkyards=&p=304,unknown,unknown,Yes
https://junkyardsnearme.com/junkyards/new-york/9999974-koskowski-automotive-fulton-ny,unknown,unknown,Yes
https://junkyardsnearme.com/junkyards=&p=205?%2Fjunkyards=&p=204,unknown,unknown,Yes
https://junkyardsnearme.com/junkyards/kansas=&p=1,unknown,unknown,Yes
https://junkyardsnearme.com/junkyards=&p=173?%2Fjunkyards=&p=172,unknown,unknown,Yes
https://junkyardsnearme.com/junkyards=&p=457?%2Fjunkyards=&p=456,unknown,unknown,Yes
https://junkyardsnearme.com/junkyards/kentucky/9999370-hacks-auto-sales-salvage-caneyville-ky,unknown,unknown,Yes
https://junkyardsnearme.com/junkyards/michigan/10001474-s-h-auto-parts-new-boston-mi,unknown,unknown,Yes
https://junkyardsnearme.com/junkyards/michigan/6859835-perks-auto-parts-and-salvage-plainwell-mi,unknown,unknown,Yes
https://junkyardsnearme.com/junkyards/tennessee=&p=2?%2Fjunkyards%2Ftennessee=&p=3,unknown,unknown,Yes
https://junkyardsnearme.com/junkyards/massachusetts/9997541-als-auto-parts-swansea-ma,unknown,unknown,Yes
https://junkyardsnearme.com/junkyards=&p=466?%2Fjunkyards=&p=467,unknown,unknown,Yes
https://junkyardsnearme.com/junkyards/ohio=&p=2,unknown,unknown,Yes
https://junkyardsnearme.com/junkyards=&p=240?%2Fjunkyards=&p=241,unknown,unknown,Yes
https://junkyardsnearme.com/junkyards/alabama/9998000-billys-toyota-lexus-parts-calera-al,unknown,unknown,Yes
https://junkyardsnearme.com/junkyards/colorado=&p=6?%2Fjunkyards%2Fcolorado=&p=5,unknown,unknown,Yes
https://junkyardsnearme.com/junkyards/florida=&p=18?%2Fjunkyards%2Fflorida=&p=17,unknown,unknown,Yes
https://junkyardsnearme.com/junkyards/nevada/10000794-nevada-pic-a-part-las-vegas-nv,unknown,unknown,Yes
https://junkyardsnearme.com/junkyards/pennsylvania/3677485-meases-auto-salvage-elizabethtown-pa,unknown,unknown,Yes
https://junkyardsnearme.com/junkyards/oregon/2713200-riverside-u-pull-it-auto-recycling-reedsport-or,unknown,unknown,Yes
https://junkyardsnearme.com/junkyards/washington/2548850-all-american-classics-inc-vancouver-wa,unknown,unknown,Yes
https://junkyardsnearme.com/junkyards/new-mexico=&p=2?%2Fjunkyards%2Fnew-mexico=&p=3,unknown,unknown,Yes
https://junkyardsnearme.com/junkyards/pennsylvania/9997742-atlantic-used-auto-parts-philadelphia-pa,unknown,unknown,Yes
https://junkyardsnearme.com/junkyards/vermont?%2Fjunkyards%2Fvermont=&p=2,unknown,unknown,Yes
https://junkyardsnearme.com/junkyards/california/9998135-budget-transmission-service-repair-pomona-ca,unknown,unknown,Yes
https://junkyardsnearme.com/junkyards/ohio/9999325-great-lakes-auto-recycling-perry-oh,unknown,unknown,Yes
https://junkyardsnearme.com/junkyards/arizona/3362904-junk-a-car-phoenix-az,unknown,unknown,Yes
https://junkyardsnearme.com/junkyards/oregon/9999358-h-d-auto-recycling-gresham-or,unknown,unknown,Yes
https://junkyardsnearme.com/junkyards/north-carolina/8375865-eastern-recycling-marble-nc,unknown,unknown,Yes
https://junkyardsnearme.com/junkyards/nevada/10000204-lkq-nevada-north-las-vegas-nv,unknown,unknown,Yes
https://junkyardsnearme.com/junkyards/south-carolina/10000447-mccurleys-auto-sales-anderson-sc,unknown,unknown,Yes
https://junkyardsnearme.com/junkyards=&p=520,unknown,unknown,Yes
https://junkyardsnearme.com/junkyards/pennsylvania=&p=12?%2Fjunkyards%2Fpennsylvania=&p=13,unknown,unknown,Yes
https://junkyardsnearme.com/junkyards/new-jersey/9998383-doremus-auto-salvage-newark-nj,unknown,unknown,Yes
https://junkyardsnearme.com/junkyards=&p=302?%2Fjunkyards=&p=303,unknown,unknown,Yes
https://junkyardsnearme.com/junkyards/michigan/9997599-all-star-auto-lights-westland-mi,unknown,unknown,Yes
https://junkyardsnearme.com/junkyards/kentucky/10000253-london-auto-sales-london-ky,unknown,unknown,Yes
https://junkyardsnearme.com/junkyards=&p=96?%2Fjunkyards=&p=95,unknown,unknown,Yes
https://junkyardsnearme.com/junkyards/arkansas/4473261-north-central-collision-salvage-leslie-ar,unknown,unknown,Yes
https://junkyardsnearme.com/junkyards/new-jersey/10001633-garfield-iron-metal-co-inc-east-rutherford-nj,unknown,unknown,Yes
https://junkyardsnearme.com/junkyards/new-york/10000441-may-kam-auto-center-staten-island-ny,unknown,unknown,Yes
https://junkyardsnearme.com/junkyards/north-carolina/9997839-b-b-used-auto-parts-charlotte-nc,unknown,unknown,Yes
https://junkyardsnearme.com/junkyards/florida/10000172-lkq-fl-lake-city-lake-city-fl,unknown,unknown,Yes
https://junkyardsnearme.com/junkyards=&p=433,unknown,unknown,Yes
https://junkyardsnearme.com/junkyards/colorado/10001804-super-rupair-boulder-co,unknown,unknown,Yes
https://junkyardsnearme.com/junkyards/virginia/3230550-bryant-motorsports-used-autoparts-aka-partsbarn-portsmouth-va,unknown,unknown,Yes
https://junkyardsnearme.com/junkyards/maryland/9998058-brandywine-automotive-centers-brandywine-md,unknown,unknown,Yes
https://junkyardsnearme.com/junkyards=&p=265,unknown,unknown,Yes
https://junkyardsnearme.com/junkyards/new-york/9997262-a-plus-auto-salvage-lindenhurst-ny,unknown,unknown,Yes
https://junkyardsnearme.com/junkyards/new-york/9999854-cahills-garage-hoosick-falls-ny,unknown,unknown,Yes
https://junkyardsnearme.com/junkyards/georgia/9999122-four-lane-auto-parts-cartersville-ga,unknown,unknown,Yes
https://junkyardsnearme.com/junkyards/california/9997636-alpine-auto-parts-sun-valley-ca,unknown,unknown,Yes
https://junkyardsnearme.com/junkyards=&p=332?%2Fjunkyards=&p=331,unknown,unknown,Yes
https://junkyardsnearme.com/junkyards/wisconsin/9999359-h-h-auto-parts-inc-sussex-wi,unknown,unknown,Yes
https://junkyardsnearme.com/junkyards/new-jersey/9999372-half-price-used-auto-parts-ii-newark-nj,unknown,unknown,Yes
https://junkyardsnearme.com/junkyards/florida/10001655-smart-miles-pompano-beach-fl,unknown,unknown,Yes
https://junkyardsnearme.com/junkyards/california/10001277-raymer-auto-parts-van-nuys-ca,unknown,unknown,Yes
https://junkyardsnearme.com/junkyards/pennsylvania/9998009-bizzarros-auto-parts-erie-pa,unknown,unknown,Yes
https://junkyardsnearme.com/junkyards/ohio=&p=14,unknown,unknown,Yes
https://junkyardsnearme.com/junkyards/washington/10000817-nisqually-auto-wrecking-olympia-wa,unknown,unknown,Yes
https://junkyardsnearme.com/junkyards/indiana/8250628-accessory-truck-corporation-dba-super-duty-central-bristol-in,unknown,unknown,Yes
https://junkyardsnearme.com/junkyards=&p=355,unknown,unknown,Yes
https://junkyardsnearme.com/junkyards/arizona/2582020-20th-street-auto-parts-phoenix-az,unknown,unknown,Yes
https://junkyardsnearme.com/junkyards=&p=91?%2Fjunkyards=&p=92,unknown,unknown,Yes
https://junkyardsnearme.com/junkyards/vermont=&p=3?%2Fjunkyards%2Fvermont=&p=2,unknown,unknown,Yes
https://junkyardsnearme.com/junkyards/minnesota/6324464-zacs-service-center-sherburn-mn,unknown,unknown,Yes
https://junkyardsnearme.com/junkyards/indiana/10000890-northlake-auto-recyclers-hammond-in,unknown,unknown,Yes
https://junkyardsnearme.com/junkyards/massachusetts/9999514-american-scrap-metal-everett-ma,unknown,unknown,Yes
https://junkyardsnearme.com/junkyards/maine/10000700-newtons-auto-salvage-repair-morrill-me,unknown,unknown,Yes
https://junkyardsnearme.com/junkyards/texas/9999085-first-class-auto-recyclers-dallas-tx,unknown,unknown,Yes
https://junkyardsnearme.com/junkyards/new-jersey/10000996-parts-connection-paterson-nj,unknown,unknown,Yes
https://junkyardsnearme.com/junkyards/virginia=&p=7?%2Fjunkyards%2Fvirginia=&p=8,unknown,unknown,Yes
https://junkyardsnearme.com/junkyards/nevada/9997559-all-foreign-auto-parts-henderson-nv,unknown,unknown,Yes
https://junkyardsnearme.com/junkyards/florida=&p=5?%2Fjunkyards%2Fflorida=&p=6,unknown,unknown,Yes
https://junkyardsnearme.com/junkyards=&p=68?%2Fjunkyards=&p=69,unknown,unknown,Yes
https://junkyardsnearme.com/junkyards/alberta=&p=5?%2Fjunkyards%2Falberta=&p=6,unknown,unknown,Yes
https://junkyardsnearme.com/junkyards/california=&p=14?%2Fjunkyards%2Fcalifornia=&p=13,unknown,unknown,Yes
https://junkyardsnearme.com/junkyards/arkansas/7234886-aa-auto-parts-online-north-little-rock-ar,unknown,unknown,Yes
https://junkyardsnearme.com/junkyards/massachusetts/10001248-r-h-willson-used-auto-parts-pepperell-ma,unknown,unknown,Yes
https://junkyardsnearme.com/junkyards/maryland/9998186-caltons-cars-parts-elkridge-md,unknown,unknown,Yes
https://junkyardsnearme.com/junkyards/rhode-island/10000288-rhode-island-junk-my-car-auto-recycling-pawtucket-ri,unknown,unknown,Yes
https://junkyardsnearme.com/junkyards/missouri/6742886-pigeon-creek-salvage-licking-mo,unknown,unknown,Yes
https://junkyardsnearme.com/junkyards/wisconsin/9999217-gauger-son-salvage-arena-wi,unknown,unknown,Yes
https://junkyardsnearme.com/junkyards=&p=470,unknown,unknown,Yes
https://junkyardsnearme.com/junkyards/california/10000541-mg-auto-dismantling-wilmington-ca,unknown,unknown,Yes
https://junkyardsnearme.com/junkyards/kansas/2278573-b-b-recycling-llc-dodge-city-ks,unknown,unknown,Yes
https://junkyardsnearme.com/junkyards/arizona=&p=4,unknown,unknown,Yes
https://junkyardsnearme.com/junkyards/new-york/9998954-erie-vo-vo-whitesboro-ny,unknown,unknown,Yes
https://junkyardsnearme.com/junkyards/kentucky=&p=6,unknown,unknown,Yes
https://junkyardsnearme.com/junkyards=&p=188,unknown,unknown,Yes
https://junkyardsnearme.com/junkyards/minnesota/10000244-lkq-viking-auto-salvage-northfield-mn,unknown,unknown,Yes
https://junkyardsnearme.com/junkyards/michigan/10002049-van-born-auto-wrecking-romulus-mi,unknown,unknown,Yes
https://junkyardsnearme.com/junkyards/virginia/9998507-county-line-auto-parts-cumberland-va,unknown,unknown,Yes
https://junkyardsnearme.com/junkyards=&p=308,unknown,unknown,Yes
https://junkyardsnearme.com/junkyards/pennsylvania/9999887-karr-parts-philadelphia-pa,unknown,unknown,Yes
https://junkyardsnearme.com/junkyards/california/9997695-anthonys-auto-wrecking-santa-cruz-ca,unknown,unknown,Yes
https://junkyardsnearme.com/junkyards/oklahoma/10001158-poe-boys-tulsa-ok,unknown,unknown,Yes
https://junkyardsnearme.com/junkyards/massachusetts/9999137-northeast-precious-metals-worcester-ma,unknown,unknown,Yes
https://junkyardsnearme.com/junkyards/new-york/9999414-rays-salvage-queensbury-ny,unknown,unknown,Yes
https://junkyardsnearme.com/junkyards/new-hampshire=&p=9,unknown,unknown,Yes
https://junkyardsnearme.com/junkyards/oregon/9998902-economy-auto-parts-portland-or,unknown,unknown,Yes
https://junkyardsnearme.com/junkyards/maine/9999705-clarks-eastside-scrap-augusta-me,unknown,unknown,Yes
https://junkyardsnearme.com/junkyards/louisiana/10001943-towmasters-bossier-city-la,unknown,unknown,Yes
https://junkyardsnearme.com/junkyards/oklahoma/6346323-wilsons-ford-parts-oklahoma-city-ok,unknown,unknown,Yes
https://junkyardsnearme.com/junkyards=&p=388?%2Fjunkyards=&p=387,unknown,unknown,Yes
https://junkyardsnearme.com/junkyards/oklahoma/10000063-lawton-auto-parts-lawton-ok,unknown,unknown,Yes
https://junkyardsnearme.com/junkyards=&p=89?%2Fjunkyards=&p=88,unknown,unknown,Yes
https://junkyardsnearme.com/junkyards/wisconsin/9999591-hudspeth-auto-potosi-wi,unknown,unknown,Yes
https://junkyardsnearme.com/junkyards/texas/9998790-dulaney-auto-plainview-tx,unknown,unknown,Yes
https://junkyardsnearme.com/junkyards/manitoba/9997556-alexanders-auto-ranch-flin-flon-mb,unknown,unknown,Yes
https://junkyardsnearme.com/junkyards/minnesota/9999634-hugo-auto-truck-parts-hugo-mn,unknown,unknown,Yes
https://junkyardsnearme.com/junkyards=&p=323?%2Fjunkyards=&p=324,unknown,unknown,Yes
https://junkyardsnearme.com/junkyards/california/9997909-barts-auto-wrecking-baldwin-park-ca,unknown,unknown,Yes
https://junkyardsnearme.com/junkyards/kansas/9997932-bee-line-auto-salvage-wichita-ks,unknown,unknown,Yes
https://junkyardsnearme.com/junkyards/ohio/7572371-barkers-old-cars-jerusalem-oh,unknown,unknown,Yes
https://junkyardsnearme.com/junkyards=&p=176,unknown,unknown,Yes
https://junkyardsnearme.com/junkyards/oklahoma=&p=5,unknown,unknown,Yes
https://junkyardsnearme.com/junkyards/north-carolina/10001480-s-s-sales-and-service-iron-station-nc,unknown,unknown,Yes
https://junkyardsnearme.com/junkyards/vermont/10000717-spaulding-keith-south-burlington-vt,unknown,unknown,Yes
https://junkyardsnearme.com/junkyards=&p=294?%2Fjunkyards=&p=295,unknown,unknown,Yes
https://junkyardsnearme.com/junkyards/rhode-island?%2Fjunkyards%2Frhode-island=&p=2,unknown,unknown,Yes
https://junkyardsnearme.com/junkyards/maine/10000592-onesteel-recycling-arundel-division-kennebunk-me,unknown,unknown,Yes
https://junkyardsnearme.com/junkyards/indiana/9998729-dicks-auto-parts-middlebury-in,unknown,unknown,Yes
https://junkyardsnearme.com/junkyards/washington=&p=6?%2Fjunkyards%2Fwashington=&p=7,unknown,unknown,Yes
https://junkyardsnearme.com/junkyards/texas/2860000-a-1-rylie-auto-parts-dallas-tx,unknown,unknown,Yes
https://junkyardsnearme.com/junkyards/texas/9998842-eastside-auto-parts-lubbock-tx,unknown,unknown,Yes
https://junkyardsnearme.com/junkyards/mississippi/10001421-rogers-auto-parts-ellisville-ms,unknown,unknown,Yes
https://junkyardsnearme.com/junkyards/california/9999181-g-r-auto-parts-llc-red-bluff-ca,unknown,unknown,Yes
https://junkyardsnearme.com/junkyards=&p=356?%2Fjunkyards=&p=357,unknown,unknown,Yes
https://junkyardsnearme.com/junkyards=&p=517?%2Fjunkyards=&p=516,unknown,unknown,Yes
https://junkyardsnearme.com/junkyards/kentucky/10000118-lewis-used-auto-parts-georgetown-ky,unknown,unknown,Yes
https://junkyardsnearme.com/junkyards/massachusetts/10000481-bang-corporation-boston-ma,unknown,unknown,Yes
https://junkyardsnearme.com/junkyards=&p=454?%2Fjunkyards=&p=453,unknown,unknown,Yes
https://junkyardsnearme.com/junkyards=&p=30?%2Fjunkyards=&p=29,unknown,unknown,Yes
https://junkyardsnearme.com/junkyards/kentucky/10000428-masterson-auto-parts-irvington-ky,unknown,unknown,Yes
https://junkyardsnearme.com/junkyards/washington/9997679-amu-automotive-pasco-wa,unknown,unknown,Yes
https://junkyardsnearme.com/junkyards=&p=229?%2Fjunkyards=&p=228,unknown,unknown,Yes
https://junkyardsnearme.com/junkyards/arizona=&p=2?%2Fjunkyards%2Farizona=&p=1,unknown,unknown,Yes
https://junkyardsnearme.com/junkyards/texas/9999680-insurance-auto-salvage-san-antonio-tx,unknown,unknown,Yes
https://junkyardsnearme.com/junkyards=&p=61,unknown,unknown,Yes
https://junkyardsnearme.com/junkyards=&p=158?%2Fjunkyards=&p=157,unknown,unknown,Yes
https://junkyardsnearme.com/junkyards/ontario/10000958-oshawa-auto-parts-oshawa-on,unknown,unknown,Yes
https://junkyardsnearme.com/junkyards=&p=271?%2Fjunkyards=&p=272,unknown,unknown,Yes
https://junkyardsnearme.com/junkyards/florida/2883177-b-f-auto-parts-inc-palmetto-fl,unknown,unknown,Yes
https://junkyardsnearme.com/junkyards=&p=198,unknown,unknown,Yes
https://junkyardsnearme.com/junkyards/illinois/9999655-i-55-auto-salvage-channahon-il,unknown,unknown,Yes
https://junkyardsnearme.com/junkyards/kentucky=&p=8?%2Fjunkyards%2Fkentucky=&p=7,unknown,unknown,Yes
https://junkyardsnearme.com/junkyards/pennsylvania=&p=13,unknown,unknown,Yes
https://junkyardsnearme.com/junkyards/utah/9999919-keystone-repair-hurricane-ut,unknown,unknown,Yes
https://junkyardsnearme.com/junkyards/tennessee/9999500-highway-70-auto-parts-kingston-springs-tn,unknown,unknown,Yes
https://junkyardsnearme.com/junkyards/oregon/10001434-rose-auto-wrecking-portland-or,unknown,unknown,Yes
https://junkyardsnearme.com/junkyards/alabama/9998741-discount-auto-salvage-llc-bessemer-al,unknown,unknown,Yes
https://junkyardsnearme.com/junkyards/tennessee/10001577-sextons-auto-salvage-maynardville-tn,unknown,unknown,Yes
https://junkyardsnearme.com/junkyards/quebec/10001135-pieces-dautos-saguenay-s-l-chicoutimi-qc,unknown,unknown,Yes
https://junkyardsnearme.com/junkyards=&p=470?%2Fjunkyards=&p=471,unknown,unknown,Yes
https://junkyardsnearme.com/junkyards/north-carolina/9999640-hunts-auto-parts-asheboro-nc,unknown,unknown,Yes
https://junkyardsnearme.com/junkyards/pennsylvania/9998239-cartel-auto-parts-philadelphia-pa,unknown,unknown,Yes
https://junkyardsnearme.com/junkyards=&p=43?%2Fjunkyards=&p=44,unknown,unknown,Yes
https://junkyardsnearme.com/junkyards/massachusetts/9999519-classic-cleanouts-stoneham-ma,unknown,unknown,Yes
https://junkyardsnearme.com/junkyards/connecticut/9999990-kramers-recycling-stratford-ct,unknown,unknown,Yes
https://junkyardsnearme.com/junkyards/ohio/9998102-brower-auto-salvage-lewisburg-oh,unknown,unknown,Yes
https://junkyardsnearme.com/junkyards/texas/8962000-apollo-engines-transmissions-llc-houston-tx,unknown,unknown,Yes
https://junkyardsnearme.com/junkyards/mississippi/9998751-dixie-auto-parts-columbus-ms,unknown,unknown,Yes
https://junkyardsnearme.com/junkyards/british-columbia=&p=6?%2Fjunkyards%2Fbritish-columbia=&p=5,unknown,unknown,Yes
https://junkyardsnearme.com/junkyards/utah/10001744-staar-dba-sorensen-towing-auto-tooele-ut,unknown,unknown,Yes
https://junkyardsnearme.com/junkyards/texas/10000389-main-auto-truck-parts-san-antonio-tx,unknown,unknown,Yes
https://junkyardsnearme.com/junkyards/virginia/10001975-ts-quality-used-auto-parts-hampton-va,unknown,unknown,Yes
https://junkyardsnearme.com/junkyards=&p=334,unknown,unknown,Yes
https://junkyardsnearme.com/junkyards/minnesota=&p=3?%2Fjunkyards%2Fminnesota=&p=2,unknown,unknown,Yes
https://junkyardsnearme.com/junkyards/california/9997207-99-auto-dismantler-stockton-ca,unknown,unknown,Yes
https://junkyardsnearme.com/junkyards/missouri/9999727-j-k-auto-parts-salvage-pevely-mo,unknown,unknown,Yes
https://junkyardsnearme.com/junkyards/south-dakota,unknown,unknown,Yes
https://junkyardsnearme.com/junkyards/california=&p=13,unknown,unknown,Yes
https://junkyardsnearme.com/junkyards/north-carolina=&p=2,unknown,unknown,Yes
https://junkyardsnearme.com/junkyards/michigan/9997663-american-dismantlers-detroit-mi,unknown,unknown,Yes
https://junkyardsnearme.com/junkyards/tennessee=&p=13?%2Fjunkyards%2Ftennessee=&p=12,unknown,unknown,Yes
https://junkyardsnearme.com/junkyards/virginia=&p=6?%2Fjunkyards%2Fvirginia=&p=5,unknown,unknown,Yes
https://junkyardsnearme.com/junkyards/new-hampshire/6428748-johns-truck-auto-salvage-kingston-nh,unknown,unknown,Yes
https://junkyardsnearme.com/junkyards/missouri/10000176-lkq-four-states-joplin-mo,unknown,unknown,Yes
https://junkyardsnearme.com/junkyards/mississippi=&p=4?%2Fjunkyards%2Fmississippi=&p=5,unknown,unknown,Yes
https://junkyardsnearme.com/junkyards/kentucky/10001013-paul-sons-auto-winchester-ky,unknown,unknown,Yes
https://junkyardsnearme.com/junkyards/new-york/9997485-active-auto-wreckers-bronx-ny,unknown,unknown,Yes
https://junkyardsnearme.com/junkyards/manitoba/10001853-team-auto-parts-winnipeg-mb,unknown,unknown,Yes
https://junkyardsnearme.com/junkyards/florida/10001272-rastro-74-used-auto-parts-miami-fl,unknown,unknown,Yes
https://junkyardsnearme.com/junkyards/massachusetts/5933344-harbor-auto-used-parts-lynn-ma,unknown,unknown,Yes
https://junkyardsnearme.com/junkyards/texas/9999037-exit-30-imports-alvarado-tx,unknown,unknown,Yes
https://junkyardsnearme.com/junkyards=&p=386?%2Fjunkyards=&p=387,unknown,unknown,Yes
https://junkyardsnearme.com/junkyards/idaho/7458766-intermountain-auto-recycling-inc-rigby-id,unknown,unknown,Yes
https://junkyardsnearme.com/junkyards/minnesota=&p=11?%2Fjunkyards%2Fminnesota=&p=10,unknown,unknown,Yes
https://junkyardsnearme.com/junkyards/michigan=&p=20?%2Fjunkyards%2Fmichigan=&p=19,unknown,unknown,Yes
https://junkyardsnearme.com/junkyards/ohio=&p=7,unknown,unknown,Yes
https://junkyardsnearme.com/junkyards/vermont/2654548-browns-auto-salvage-bomoseen-vt,unknown,unknown,Yes
https://junkyardsnearme.com/junkyards=&p=59,unknown,unknown,Yes
https://junkyardsnearme.com/junkyards/new-york/10000406-marks-auto-parts-buffalo-ny,unknown,unknown,Yes
https://junkyardsnearme.com/junkyards/illinois/9999150-franks-westside-auto-parts-chicago-il,unknown,unknown,Yes
https://junkyardsnearme.com/junkyards=&p=158,unknown,unknown,Yes
https://junkyardsnearme.com/junkyards=&p=150,unknown,unknown,Yes
https://junkyardsnearme.com/junkyards/north-carolina/10001450-rpm-of-kannapolis-kannapolis-nc,unknown,unknown,Yes
https://junkyardsnearme.com/junkyards=&p=229,unknown,unknown,Yes
https://junkyardsnearme.com/junkyards/quebec/9998278-centre-du-pick-up-de-beauce-vallee-jonction-qc,unknown,unknown,Yes
https://junkyardsnearme.com/junkyards/quebec=&p=5?%2Fjunkyards%2Fquebec=&p=6,unknown,unknown,Yes
https://junkyardsnearme.com/junkyards/texas/10000780-nationwide-discount-auto-salvage-kennedale-tx,unknown,unknown,Yes
https://junkyardsnearme.com/junkyards/washington=&p=5,unknown,unknown,Yes
https://junkyardsnearme.com/junkyards/connecticut/10000904-bufferd-junk-bridgeport-ct,unknown,unknown,Yes
https://junkyardsnearme.com/junkyards/quebec/10001290-recyclage-c-g-s-laval-qc,unknown,unknown,Yes
https://junkyardsnearme.com/junkyards/utah=&p=3?%2Fjunkyards%2Futah=&p=2,unknown,unknown,Yes
https://junkyardsnearme.com/junkyards=&p=88?%2Fjunkyards=&p=89,unknown,unknown,Yes
https://junkyardsnearme.com/junkyards/massachusetts/9999029-j-p-carroll-co-lexington-ma,unknown,unknown,Yes
https://junkyardsnearme.com/junkyards/new-jersey/10001343-alpert-alpert-iron-metal-summit-nj,unknown,unknown,Yes
https://junkyardsnearme.com/junkyards/ohio/2963056-interstate-auto-truck-salvage-llc-ravenna-oh,unknown,unknown,Yes
https://junkyardsnearme.com/junkyards=&p=205,unknown,unknown,Yes
https://junkyardsnearme.com/junkyards/british-columbia/9998576-d-m-auto-recycling-lumby-lumby-bc,unknown,unknown,Yes
https://junkyardsnearme.com/junkyards/florida/9997647-american-auto-truck-salvage-fruitland-park-fl,unknown,unknown,Yes
https://junkyardsnearme.com/junkyards/north-carolina/9998837-eastern-automotive-four-oaks-nc,unknown,unknown,Yes
https://junkyardsnearme.com/junkyards/california/9439392-a1-auto-parts-full-service-pick4parts-self-service-auto-dismantling-perris-ca,unknown,unknown,Yes
https://junkyardsnearme.com/junkyards/pennsylvania/6527733-new-castle-auto-wrecking-new-castle-pa,unknown,unknown,Yes
https://junkyardsnearme.com/junkyards=&p=487,unknown,unknown,Yes
https://junkyardsnearme.com/junkyards/south-carolina/9998026-blue-gold-auto-storage-goose-creek-sc,unknown,unknown,Yes
https://junkyardsnearme.com/junkyards/virginia/9999805-joes-auto-parts-carrollton-va,unknown,unknown,Yes
https://junkyardsnearme.com/junkyards/indiana/2583026-crossroads-auto-recycling-frankfort-in,unknown,unknown,Yes
https://junkyardsnearme.com/junkyards/missouri/9999733-j-s-auto-parts-salvage-saint-louis-mo,unknown,unknown,Yes
https://junkyardsnearme.com/junkyards/quebec/9999375-hamel-pieces-dauto-trois-rivieres-qc,unknown,unknown,Yes
https://junkyardsnearme.com/junkyards=&p=300,unknown,unknown,Yes
https://junkyardsnearme.com/junkyards/indiana/9997779-auto-network-fairmount-in,unknown,unknown,Yes
https://junkyardsnearme.com/junkyards/florida=&p=15?%2Fjunkyards%2Fflorida=&p=14,unknown,unknown,Yes
https://junkyardsnearme.com/junkyards/connecticut/10000872-gpod-fairfield-ct,unknown,unknown,Yes
https://junkyardsnearme.com/junkyards/new-york/6517119-sambucci-bros-inc-ii-flushing-ny,unknown,unknown,Yes
https://junkyardsnearme.com/junkyards/texas/10001429-ronda-auto-parts-houston-tx,unknown,unknown,Yes
https://junkyardsnearme.com/junkyards/north-carolina/9999823-johnston-auto-salvage-middlesex-nc,unknown,unknown,Yes
https://junkyardsnearme.com/junkyards/new-hampshire=&p=1,unknown,unknown,Yes
https://junkyardsnearme.com/junkyards/california/7298877-automod-japanese-parts-lancaster-ca,unknown,unknown,Yes
https://junkyardsnearme.com/junkyards/saskatchewan/10000121-lh-recycled-auto-parts-yorkton-sk,unknown,unknown,Yes
https://junkyardsnearme.com/junkyards=&p=64?%2Fjunkyards=&p=63,unknown,unknown,Yes
https://junkyardsnearme.com/junkyards=&p=296?%2Fjunkyards=&p=295,unknown,unknown,Yes
https://junkyardsnearme.com/junkyards/massachusetts/9999817-johns-used-autos-parts-llc-bellingham-ma,unknown,unknown,Yes
https://junkyardsnearme.com/junkyards/indiana/3975925-caruthers-sales-and-towing-east-chicago-in,unknown,unknown,Yes
https://junkyardsnearme.com/junkyards/california/10000634-mikes-auto-parts-sun-valley-ca,unknown,unknown,Yes
https://junkyardsnearme.com/junkyards/florida/5473671-landress-auto-wrecking-bonifay-fl,unknown,unknown,Yes
https://junkyardsnearme.com/junkyards/michigan/4840508-aachen-auto-ypsilanti-mi,unknown,unknown,Yes
https://junkyardsnearme.com/junkyards/new-jersey/9997219-a-a-auto-salvage-whippany-nj,unknown,unknown,Yes
https://junkyardsnearme.com/junkyards/new-hampshire=&p=7?%2Fjunkyards%2Fnew-hampshire=&p=6,unknown,unknown,Yes
https://junkyardsnearme.com/junkyards/alberta=&p=1,unknown,unknown,Yes
https://junkyardsnearme.com/junkyards/iowa=&p=7?%2Fjunkyards%2Fiowa=&p=6,unknown,unknown,Yes
https://junkyardsnearme.com/junkyards=&p=480,unknown,unknown,Yes
https://junkyardsnearme.com/junkyards/ontario/8398733-daves-truck-and-auto-parts-carp-on,unknown,unknown,Yes
https://junkyardsnearme.com/junkyards/maryland/9998052-bowie-truck-bowie-md,unknown,unknown,Yes
https://junkyardsnearme.com/junkyards=&p=236?%2Fjunkyards=&p=237,unknown,unknown,Yes
https://junkyardsnearme.com/junkyards=&p=508,unknown,unknown,Yes
https://junkyardsnearme.com/junkyards/louisiana/9999158-freds-automotive-salvage-waterproof-la,unknown,unknown,Yes
https://junkyardsnearme.com/junkyards/washington=&p=4?%2Fjunkyards%2Fwashington=&p=3,unknown,unknown,Yes
https://junkyardsnearme.com/junkyards/tennessee/9997226-a-c-auto-parts-recycling-nashville-tn,unknown,unknown,Yes
https://junkyardsnearme.com/junkyards/arizona=&p=2,unknown,unknown,Yes
https://junkyardsnearme.com/junkyards/new-york/9750440-all-benz-limited-port-chester-ny,unknown,unknown,Yes
https://junkyardsnearme.com/junkyards/ontario/7735806-hilltop-auto-wreckers-richmond-hill-on,unknown,unknown,Yes
https://junkyardsnearme.com/junkyards/new-jersey/10001330-p-j-auto-salvage-recycling-morganville-nj,unknown,unknown,Yes
https://junkyardsnearme.com/junkyards/california/8744258-alps-auto-parts-colton-ca,unknown,unknown,Yes
https://junkyardsnearme.com/junkyards/pennsylvania/9998287-chapman-auto-parts-sales-inc-du-bois-pa,unknown,unknown,Yes
https://junkyardsnearme.com/junkyards=&p=496,unknown,unknown,Yes
https://junkyardsnearme.com/junkyards=&p=461?%2Fjunkyards=&p=462,unknown,unknown,Yes
https://junkyardsnearme.com/junkyards/texas/7710352-lubbock-auto-recyclers-lubbock-tx,unknown,unknown,Yes
https://junkyardsnearme.com/junkyards/north-carolina/4704206-redneck-car-parts-shelby-nc,unknown,unknown,Yes
https://junkyardsnearme.com/junkyards/missouri/8650324-b-w-auto-salvage-springfield-mo,unknown,unknown,Yes
https://junkyardsnearme.com/junkyards/georgia/9999914-kettyle-cars-gainesville-ga,unknown,unknown,Yes
https://junkyardsnearme.com/junkyards/new-hampshire/9999595-heberts-used-auto-parts-goffstown-nh,unknown,unknown,Yes
https://junkyardsnearme.com/junkyards/massachusetts/10000228-lkq-route-16-used-auto-webster-ma,unknown,unknown,Yes
https://junkyardsnearme.com/junkyards/michigan/9998142-bull-auto-parts-detroit-mi,unknown,unknown,Yes
https://junkyardsnearme.com/junkyards/illinois/9997992-bill-smith-auto-bloomington-il,unknown,unknown,Yes
https://junkyardsnearme.com/junkyards/british-columbia/10001396-rivershore-used-auto-parts-kamloops-bc,unknown,unknown,Yes
https://junkyardsnearme.com/junkyards/nevada=&p=1,unknown,unknown,Yes
https://junkyardsnearme.com/junkyards/california/10001253-rainbow-auto-dismantling-sun-valley-ca,unknown,unknown,Yes
https://junkyardsnearme.com/junkyards/tennessee=&p=6,unknown,unknown,Yes
https://junkyardsnearme.com/junkyards/ohio/9998241-cartoons-auto-salvage-wilmington-oh,unknown,unknown,Yes
https://junkyardsnearme.com/junkyards=&p=291?%2Fjunkyards=&p=292,unknown,unknown,Yes
https://junkyardsnearme.com/junkyards/oregon/2832925-a-1-light-truck-parts-portland-or,unknown,unknown,Yes
https://junkyardsnearme.com/junkyards/arizona/10000978-pacos-auto-parts-phoenix-az,unknown,unknown,Yes
https://junkyardsnearme.com/junkyards/california/9997577-all-ford-auto-salvage-anaheim-ca,unknown,unknown,Yes
https://junkyardsnearme.com/junkyards/british-columbia/10001188-pro-auto-recyclers-of-abbotsford-abbotsford-bc,unknown,unknown,Yes
https://junkyardsnearme.com/junkyards=&p=78,unknown,unknown,Yes
https://junkyardsnearme.com/junkyards/ohio/10000022-lancaster-auto-recycling-lancaster-oh,unknown,unknown,Yes
https://junkyardsnearme.com/junkyards/arizona/8024444-auto-recycling-mall-maricopa-az,unknown,unknown,Yes
https://junkyardsnearme.com/junkyards/michigan/10001037-petes-auto-wrecking-escanaba-mi,unknown,unknown,Yes
https://junkyardsnearme.com/junkyards=&p=452?%2Fjunkyards=&p=451,unknown,unknown,Yes
https://junkyardsnearme.com/junkyards/new-hampshire/10000569-hoyts-scrap-metal-firewood-meredith-nh,unknown,unknown,Yes
https://junkyardsnearme.com/junkyards/west-virginia/10000020-lamberts-wrecker-auto-bluefield-wv,unknown,unknown,Yes
https://junkyardsnearme.com/junkyards/alabama/9997919-bbb-industries-mobile-al,unknown,unknown,Yes
https://junkyardsnearme.com/junkyards/ohio/9997768-auto-barn-lima-oh,unknown,unknown,Yes
https://junkyardsnearme.com/junkyards=&p=28,unknown,unknown,Yes
https://junkyardsnearme.com/junkyards/quebec=&p=3,unknown,unknown,Yes
https://junkyardsnearme.com/junkyards/michigan=&p=25?%2Fjunkyards%2Fmichigan=&p=24,unknown,unknown,Yes
https://junkyardsnearme.com/junkyards/south-dakota=&p=2?%2Fjunkyards%2Fsouth-dakota=&p=1,unknown,unknown,Yes
https://junkyardsnearme.com/junkyards/washington/5645555-haps-westside-auto-wrecking-sales-university-place-wa,unknown,unknown,Yes
https://junkyardsnearme.com/junkyards/colorado/9997661-american-differential-truck-parts-commerce-city-co,unknown,unknown,Yes
https://junkyardsnearme.com/junkyards/michigan/9997835-b-b-pickup-salvage-hope-mi,unknown,unknown,Yes
https://junkyardsnearme.com/junkyards/north-carolina=&p=18?%2Fjunkyards%2Fnorth-carolina=&p=19,unknown,unknown,Yes
https://junkyardsnearme.com/junkyards/kentucky=&p=8,unknown,unknown,Yes
https://junkyardsnearme.com/junkyards/new-york/10001911-pinto-charles-brooklyn-ny,unknown,unknown,Yes
https://junkyardsnearme.com/junkyards/vermont/2367532-oakes-auto-salvage-white-river-junction-vt,unknown,unknown,Yes
https://junkyardsnearme.com/junkyards/new-jersey/6930898-lacey-used-auto-parts-inc-lacey-township-nj,unknown,unknown,Yes
https://junkyardsnearme.com/junkyards/michigan=&p=4,unknown,unknown,Yes
https://junkyardsnearme.com/junkyards/indiana/10000125-liberty-auto-salvage-evansville-in,unknown,unknown,Yes
https://junkyardsnearme.com/junkyards/texas/2873236-beltline-salvage-seagoville-tx,unknown,unknown,Yes
https://junkyardsnearme.com/junkyards=&p=406?%2Fjunkyards=&p=407,unknown,unknown,Yes
https://junkyardsnearme.com/junkyards=&p=250?%2Fjunkyards=&p=251,unknown,unknown,Yes
https://junkyardsnearme.com/junkyards/new-jersey/10001805-india-metal-usa-inc-woodbridge-nj,unknown,unknown,Yes
https://junkyardsnearme.com/junkyards/texas/4478634-off-the-shelf-discount-auto-parts-houston-tx,unknown,unknown,Yes
https://junkyardsnearme.com/junkyards/virginia/10000455-mckinney-auto-parts-suffolk-va,unknown,unknown,Yes
https://junkyardsnearme.com/junkyards/tennessee/10000433-matt-johnson-auto-parts-powell-tn,unknown,unknown,Yes
https://junkyardsnearme.com/junkyards/california/9997328-aa-global-auto-dismantling-san-bernardino-ca,unknown,unknown,Yes
https://junkyardsnearme.com/junkyards/alberta/10002028-useable-used-auto-parts-lethbridge-ab,unknown,unknown,Yes
https://junkyardsnearme.com/junkyards/ontario=&p=4?%2Fjunkyards%2Fontario=&p=5,unknown,unknown,Yes
https://junkyardsnearme.com/junkyards/idaho/7439505-central-grade-auto-parts-lewiston-id,unknown,unknown,Yes
https://junkyardsnearme.com/junkyards/alberta/9998013-black-gold-import-auto-parts-nisku-ab,unknown,unknown,Yes
https://junkyardsnearme.com/junkyards/florida/5100111-all-pro-used-auto-parts-auburndale-fl,unknown,unknown,Yes
https://junkyardsnearme.com/junkyards/west-virginia/9998787-duckys-auto-parts-huntington-wv,unknown,unknown,Yes
https://junkyardsnearme.com/junkyards/california/9997889-bajas-1-auto-wrecking-san-diego-ca,unknown,unknown,Yes
https://junkyardsnearme.com/junkyards/alabama/10001023-peek-auto-parts-cullman-al,unknown,unknown,Yes
https://junkyardsnearme.com/junkyards/texas/9998185-callahan-auto-parts-mesquite-tx,unknown,unknown,Yes
https://junkyardsnearme.com/junkyards/north-dakota/9999429-hazers-auto-truck-parts-west-fargo-nd,unknown,unknown,Yes
https://junkyardsnearme.com/junkyards/new-jersey/9998922-el-m-auto-recycling-hammonton-nj,unknown,unknown,Yes
https://junkyardsnearme.com/junkyards/minnesota=&p=10?%2Fjunkyards%2Fminnesota=&p=9,unknown,unknown,Yes
https://junkyardsnearme.com/junkyards=&p=509?%2Fjunkyards=&p=508,unknown,unknown,Yes
https://junkyardsnearme.com/junkyards=&p=130?%2Fjunkyards=&p=131,unknown,unknown,Yes
https://junkyardsnearme.com/junkyards/alberta/10000965-p-s-auto-parts-calgary-ab,unknown,unknown,Yes
https://junkyardsnearme.com/junkyards/tennessee=&p=5,unknown,unknown,Yes
https://junkyardsnearme.com/junkyards/arizona/6360600-chino-valley-auto-salvage-llc-chino-valley-az,unknown,unknown,Yes
https://junkyardsnearme.com/junkyards/arizona/9998755-djs-auto-recycling-tucson-az,unknown,unknown,Yes
https://junkyardsnearme.com/junkyards/minnesota/10001528-schaefer-auto-menahga-mn,unknown,unknown,Yes
https://junkyardsnearme.com/junkyards/tennessee/4495562-harris-auto-salvage-llc-lebanon-tn,unknown,unknown,Yes
https://junkyardsnearme.com/junkyards/pennsylvania/9998841-easton-auto-salvage-easton-pa,unknown,unknown,Yes
https://junkyardsnearme.com/junkyards=&p=178?%2Fjunkyards=&p=179,unknown,unknown,Yes
https://junkyardsnearme.com/junkyards/mississippi=&p=1?%2Fjunkyards%2Fmississippi=&p=2,unknown,unknown,Yes
https://junkyardsnearme.com/junkyards=&p=507,unknown,unknown,Yes
https://junkyardsnearme.com/junkyards=&p=73?%2Fjunkyards=&p=72,unknown,unknown,Yes
https://junkyardsnearme.com/junkyards/alabama/6383902-thomas-motors-salvage-fyffe-al,unknown,unknown,Yes
https://junkyardsnearme.com/junkyards/colorado/10001746-stadium-auto-parts-westminster-co,unknown,unknown,Yes
https://junkyardsnearme.com/junkyards/new-york/7979300-action-auto-wreckers-massapequa-ny,unknown,unknown,Yes
https://junkyardsnearme.com/junkyards/texas/10001325-reyes-auto-parts-new-dallas-tx,unknown,unknown,Yes
https://junkyardsnearme.com/junkyards/indiana/9999279-glisson-auto-parts-inc-evansville-in,unknown,unknown,Yes
https://junkyardsnearme.com/junkyards/nevada,unknown,unknown,Yes
https://junkyardsnearme.com/junkyards=&p=103?%2Fjunkyards=&p=102,unknown,unknown,Yes
https://junkyardsnearme.com/junkyards=&p=192?%2Fjunkyards=&p=193,unknown,unknown,Yes
https://junkyardsnearme.com/junkyards/massachusetts/10000518-1-866-junkrun-uxbridge-ma,unknown,unknown,Yes
https://junkyardsnearme.com/junkyards/maine/9999632-e-perry-iron-metal-co-portland-me,unknown,unknown,Yes
https://junkyardsnearme.com/junkyards=&p=307?%2Fjunkyards=&p=306,unknown,unknown,Yes
https://junkyardsnearme.com/junkyards/virginia=&p=13?%2Fjunkyards%2Fvirginia=&p=12,unknown,unknown,Yes
https://junkyardsnearme.com/junkyards/oregon/4797203-indian-creek-dismantlers-grants-pass-or,unknown,unknown,Yes
https://junkyardsnearme.com/junkyards=&p=184?%2Fjunkyards=&p=185,unknown,unknown,Yes
https://junkyardsnearme.com/junkyards=&p=149?%2Fjunkyards=&p=148,unknown,unknown,Yes
https://junkyardsnearme.com/junkyards=&p=338?%2Fjunkyards=&p=339,unknown,unknown,Yes
https://junkyardsnearme.com/junkyards/quebec/10001123-pieces-dautos-goulet-st-emile-quebec-qc,unknown,unknown,Yes
https://junkyardsnearme.com/junkyards/montana/9998421-collins-auto-recycling-missoula-mt,unknown,unknown,Yes
https://junkyardsnearme.com/junkyards/kentucky/9379800-a-double-l-auto-salvage-louisville-ky,unknown,unknown,Yes
https://junkyardsnearme.com/junkyards/connecticut/9997242-a-b-auto-salvage-inc-east-hartford-ct,unknown,unknown,Yes
https://junkyardsnearme.com/junkyards/michigan=&p=19?%2Fjunkyards%2Fmichigan=&p=20,unknown,unknown,Yes
https://junkyardsnearme.com/junkyards/utah/9997841-b-c-auto-parts-sales-garland-ut,unknown,unknown,Yes
https://junkyardsnearme.com/junkyards/ohio/9999576-houcks-parts-towing-hamilton-oh,unknown,unknown,Yes
https://junkyardsnearme.com/junkyards/ohio=&p=5?%2Fjunkyards%2Fohio=&p=6,unknown,unknown,Yes
https://junkyardsnearme.com/junkyards=&p=4?%2Fjunkyards=&p=5,unknown,unknown,Yes
https://junkyardsnearme.com/junkyards/utah/6210091-ventures-truck-parts-equipment-ogden-ut,unknown,unknown,Yes
https://junkyardsnearme.com/junkyards/maryland/7993507-race-auto-parts-recyclers-jessup-md,unknown,unknown,Yes
https://junkyardsnearme.com/junkyards/ohio/9998829-east-side-auto-parts-toledo-oh,unknown,unknown,Yes
https://junkyardsnearme.com/junkyards=&p=258?%2Fjunkyards=&p=259,unknown,unknown,Yes
https://junkyardsnearme.com/junkyards/ohio=&p=19?%2Fjunkyards%2Fohio=&p=18,unknown,unknown,Yes
https://junkyardsnearme.com/junkyards/tennessee/9997284-a-1-auto-parts-lebanon-tn,unknown,unknown,Yes
https://junkyardsnearme.com/junkyards/michigan/9999557-holly-auto-parts-holly-mi,unknown,unknown,Yes
https://junkyardsnearme.com/junkyards/michigan/9997983-big-mikes-used-auto-harrison-township-mi,unknown,unknown,Yes
https://junkyardsnearme.com/junkyards/georgia/9999769-jasper-auto-salvage-jasper-ga,unknown,unknown,Yes
https://junkyardsnearme.com/junkyards/illinois/8296231-mclean-county-auto-salvage-bloomington-il,unknown,unknown,Yes
https://junkyardsnearme.com/junkyards/pennsylvania=&p=17,unknown,unknown,Yes
https://junkyardsnearme.com/junkyards/new-hampshire/9998051-bow-auto-salvage-bow-nh,unknown,unknown,Yes
https://junkyardsnearme.com/junkyards/massachusetts/9999446-cycle-pros-salvage-bridgewater-ma,unknown,unknown,Yes
https://junkyardsnearme.com/junkyards=&p=428?%2Fjunkyards=&p=427,unknown,unknown,Yes
https://junkyardsnearme.com/junkyards/new-jersey/9999650-hyway-garage-lumberton-nj,unknown,unknown,Yes
https://junkyardsnearme.com/junkyards/washington/9998012-black-diamond-auto-wrecking-black-diamond-wa,unknown,unknown,Yes
https://junkyardsnearme.com/junkyards/ontario/10000408-marks-parts-st-isidore-on,unknown,unknown,Yes
https://junkyardsnearme.com/junkyards/arizona/9998493-copa-wrecking-yard-phoenix-az,unknown,unknown,Yes
https://junkyardsnearme.com/junkyards/arizona/10001384-riveras-auto-parts-salvage-phoenix-az,unknown,unknown,Yes
https://junkyardsnearme.com/junkyards/massachusetts/9999240-one-call-junk-haul-salem-ma,unknown,unknown,Yes
https://junkyardsnearme.com/junkyards/virginia/10001045-phoenix-automotive-parts-culpeper-va,unknown,unknown,Yes
https://junkyardsnearme.com/junkyards=&p=100?%2Fjunkyards=&p=99,unknown,unknown,Yes
https://junkyardsnearme.com/junkyards=&p=326?%2Fjunkyards=&p=325,unknown,unknown,Yes
https://junkyardsnearme.com/junkyards=&p=456,unknown,unknown,Yes
https://junkyardsnearme.com/junkyards/florida/9997933-bee-line-used-auto-parts-orlando-fl,unknown,unknown,Yes
https://junkyardsnearme.com/junkyards/minnesota/2705511-elite-long-lake-long-lake-mn,unknown,unknown,Yes
https://junkyardsnearme.com/junkyards/california/2551437-pacific-auto-salvage-inc-american-canyon-ca,unknown,unknown,Yes
https://junkyardsnearme.com/junkyards/kentucky/6610036-a-a-auto-truck-salvage-inc-berea-ky,unknown,unknown,Yes
https://junkyardsnearme.com/junkyards/virginia/9999556-holleys-used-auto-parts-rocky-mount-va,unknown,unknown,Yes
https://junkyardsnearme.com/junkyards/quebec/9998277-centre-de-recyclage-universel-val-dor-qc,unknown,unknown,Yes
https://junkyardsnearme.com/junkyards=&p=321?%2Fjunkyards=&p=320,unknown,unknown,Yes
https://junkyardsnearme.com/junkyards/massachusetts/7681121-specialized-auto-essex-ma,unknown,unknown,Yes
https://junkyardsnearme.com/junkyards/tennessee/9999323-grayling-auto-recyclers-la-vergne-tn,unknown,unknown,Yes
https://junkyardsnearme.com/junkyards/michigan/4453300-valley-auto-parts-dba-hermiz-sons-auto-parts-warren-mi,unknown,unknown,Yes
https://junkyardsnearme.com/junkyards/arizona/9997329-aa-phoenix-import-domestic-auto-phoenix-az,unknown,unknown,Yes
https://junkyardsnearme.com/junkyards=&p=133?%2Fjunkyards=&p=132,unknown,unknown,Yes
https://junkyardsnearme.com/junkyards/nevada/9997749-atlas-towing-service-battle-mountain-nv,unknown,unknown,Yes
https://junkyardsnearme.com/junkyards/georgia=&p=2,unknown,unknown,Yes
https://junkyardsnearme.com/junkyards/georgia/9999815-johnny-hulsey-truck-parts-gainesville-ga,unknown,unknown,Yes
https://junkyardsnearme.com/junkyards/florida/9999870-just-japs-imports-hialeah-fl,unknown,unknown,Yes
https://junkyardsnearme.com/junkyards/minnesota=&p=4?%2Fjunkyards%2Fminnesota=&p=3,unknown,unknown,Yes
https://junkyardsnearme.com/junkyards/florida/9997257-a-c-salvage-fort-pierce-fl,unknown,unknown,Yes
https://junkyardsnearme.com/junkyards/quebec/10001126-pieces-dautos-paysan-chicoutimi-qc,unknown,unknown,Yes
https://junkyardsnearme.com/junkyards/florida/10002025-us1-auto-parts-miami-fl,unknown,unknown,Yes
https://junkyardsnearme.com/junkyards/ohio/10000229-lkq-route-250-auto-harrisville-oh,unknown,unknown,Yes
https://junkyardsnearme.com/junkyards/pennsylvania=&p=3,unknown,unknown,Yes
https://junkyardsnearme.com/junkyards/ontario/9997296-a-1-recycled-auto-parts-casselman-on,unknown,unknown,Yes
https://junkyardsnearme.com/junkyards/new-jersey=&p=12,unknown,unknown,Yes
https://junkyardsnearme.com/junkyards/north-carolina/1970197-ave-towing-cash-for-junk-autos-charlotte-nc,unknown,unknown,Yes
https://junkyardsnearme.com/junkyards/texas/9998443-completely-chrysler-auto-parts-grand-prairie-tx,unknown,unknown,Yes
https://junkyardsnearme.com/junkyards/michigan/10000380-m140-auto-parts-south-haven-mi,unknown,unknown,Yes
https://junkyardsnearme.com/junkyards=&p=305?%2Fjunkyards=&p=306,unknown,unknown,Yes
https://junkyardsnearme.com/junkyards/florida/10001273-rastro-coco-hialeah-fl,unknown,unknown,Yes
https://junkyardsnearme.com/junkyards/california/9997843-b-d-auto-truck-rialto-ca,unknown,unknown,Yes
https://junkyardsnearme.com/junkyards/ohio/9998530-creston-auto-recycling-creston-oh,unknown,unknown,Yes
https://junkyardsnearme.com/junkyards/alabama/9999755-jackson-county-salvage-scottsboro-al,unknown,unknown,Yes
https://junkyardsnearme.com/junkyards/texas/10000167-lkq-dallas-dallas-tx,unknown,unknown,Yes
https://junkyardsnearme.com/junkyards=&p=182?%2Fjunkyards=&p=183,unknown,unknown,Yes
https://junkyardsnearme.com/junkyards/new-hampshire=&p=5?%2Fjunkyards%2Fnew-hampshire=&p=4,unknown,unknown,Yes
https://junkyardsnearme.com/junkyards/michigan=&p=11?%2Fjunkyards%2Fmichigan=&p=10,unknown,unknown,Yes
https://junkyardsnearme.com/junkyards=&p=408,unknown,unknown,Yes
https://junkyardsnearme.com/junkyards/michigan=&p=17?%2Fjunkyards%2Fmichigan=&p=16,unknown,unknown,Yes
https://junkyardsnearme.com/junkyards/georgia/9998411-cobb-auto-salvage-powder-springs-ga,unknown,unknown,Yes
https://junkyardsnearme.com/junkyards/pennsylvania/9999145-frank-crash-auto-wrecking-greenville-pa,unknown,unknown,Yes
https://junkyardsnearme.com/junkyards/rhode-island/9999435-pick-n-pull-cumberland-ri,unknown,unknown,Yes
https://junkyardsnearme.com/junkyards/mississippi/9998915-eds-auto-leland-ms,unknown,unknown,Yes
https://junkyardsnearme.com/junkyards=&p=83,unknown,unknown,Yes
https://junkyardsnearme.com/junkyards=&p=420,unknown,unknown,Yes
https://junkyardsnearme.com/junkyards=&p=378,unknown,unknown,Yes
https://junkyardsnearme.com/junkyards=&p=72?%2Fjunkyards=&p=71,unknown,unknown,Yes
https://junkyardsnearme.com/junkyards=&p=125,unknown,unknown,Yes
https://junkyardsnearme.com/junkyards/florida/9622271-levys-auto-parts-hollywood-fl,unknown,unknown,Yes
https://junkyardsnearme.com/junkyards/indiana=&p=6?%2Fjunkyards%2Findiana=&p=7,unknown,unknown,Yes
https://junkyardsnearme.com/junkyards/new-york/9998681-s-a-scrap-iron-metal-brooklyn-ny,unknown,unknown,Yes
https://junkyardsnearme.com/junkyards/ohio/9998084-broken-wheel-auto-parts-cleveland-oh,unknown,unknown,Yes
https://junkyardsnearme.com/junkyards/florida/10000248-loetscher-auto-parts-plant-city-fl,unknown,unknown,Yes
https://junkyardsnearme.com/junkyards/minnesota=&p=1?%2Fjunkyards%2Fminnesota=&p=2,unknown,unknown,Yes
https://junkyardsnearme.com/junkyards/ohio/10000163-lkq-columbus-groveport-oh,unknown,unknown,Yes
https://junkyardsnearme.com/junkyards=&p=4?%2Fjunkyards=&p=3,unknown,unknown,Yes
https://junkyardsnearme.com/junkyards/florida/2593000-classic-auto-salvage-melbourne-fl,unknown,unknown,Yes
https://junkyardsnearme.com/junkyards/kansas/5224963-auto-recyclers-of-kansas-wichita-ks,unknown,unknown,Yes
https://junkyardsnearme.com/junkyards/michigan/10001433-roscommon-auto-recyclers-roscommon-mi,unknown,unknown,Yes
https://junkyardsnearme.com/junkyards/illinois/2563898-virtual-body-shop-humboldt-il,unknown,unknown,Yes
https://junkyardsnearme.com/junkyards/florida/9998944-emerald-coast-auto-salvage-panama-city-fl,unknown,unknown,Yes
https://junkyardsnearme.com/junkyards/texas/2849190-northend-cycle-beaumont-tx,unknown,unknown,Yes
https://junkyardsnearme.com/junkyards/maryland/9998274-central-small-car-garage-upper-marlboro-md,unknown,unknown,Yes
https://junkyardsnearme.com/junkyards/new-jersey=&p=13?%2Fjunkyards%2Fnew-jersey=&p=14,unknown,unknown,Yes
https://junkyardsnearme.com/junkyards/indiana=&p=3?%2Fjunkyards%2Findiana=&p=2,unknown,unknown,Yes
https://junkyardsnearme.com/junkyards/massachusetts/10000043-fijols-truck-auto-salvage-west-warren-ma,unknown,unknown,Yes
https://junkyardsnearme.com/junkyards/wisconsin/9997442-absolute-auto-salvage-milwaukee-wi,unknown,unknown,Yes
https://junkyardsnearme.com/junkyards/oklahoma=&p=3,unknown,unknown,Yes
https://junkyardsnearme.com/junkyards/indiana=&p=2?%2Fjunkyards%2Findiana=&p=3,unknown,unknown,Yes
https://junkyardsnearme.com/junkyards/rhode-island/10000500-belleville-auto-salvage-north-kingstown-ri,unknown,unknown,Yes
https://junkyardsnearme.com/junkyards/florida/8869991-national-parts-llc-jacksonville-fl,unknown,unknown,Yes
https://junkyardsnearme.com/junkyards/alabama/10000310-lenox-salvage-used-cars-inc-lenox-al,unknown,unknown,Yes
https://junkyardsnearme.com/junkyards/ontario=&p=13?%2Fjunkyards%2Fontario=&p=12,unknown,unknown,Yes
https://junkyardsnearme.com/junkyards/kentucky=&p=2,unknown,unknown,Yes
https://junkyardsnearme.com/junkyards/new-jersey/9998864-paul-s-garage-union-nj,unknown,unknown,Yes
https://junkyardsnearme.com/junkyards/wisconsin/4946000-accurate-auto-parts-recycling-inc-green-bay-wi,unknown,unknown,Yes
https://junkyardsnearme.com/junkyards/new-jersey/10001552-atlas-auto-salvage-jersey-city-nj,unknown,unknown,Yes
https://junkyardsnearme.com/junkyards/maine=&p=8,unknown,unknown,Yes
https://junkyardsnearme.com/junkyards/ontario/3823116-millers-auto-recycling-fort-erie-on,unknown,unknown,Yes
https://junkyardsnearme.com/junkyards/new-jersey/5650111-royal-used-auto-parts-rahway-nj,unknown,unknown,Yes
https://junkyardsnearme.com/junkyards/massachusetts/10000499-a-e-metals-recycling-and-packaging-inc-westport-ma,unknown,unknown,Yes
https://junkyardsnearme.com/junkyards/virginia/9998626-danz-auto-parts-yorktown-va,unknown,unknown,Yes
https://junkyardsnearme.com/junkyards=&p=227,unknown,unknown,Yes
https://junkyardsnearme.com/junkyards=&p=11?%2Fjunkyards=&p=10,unknown,unknown,Yes
https://junkyardsnearme.com/junkyards/new-york/2828212-standard-auto-wreckers-niagara-falls-ny,unknown,unknown,Yes
https://junkyardsnearme.com/junkyards/california/10000781-navarra-truck-van-dismantlers-san-jose-ca,unknown,unknown,Yes
https://junkyardsnearme.com/junkyards/alabama/10000665-mobile-import-salvage-theodore-al,unknown,unknown,Yes
https://junkyardsnearme.com/junkyards/new-hampshire/10000391-majestic-motors-merrimack-nh,unknown,unknown,Yes
https://junkyardsnearme.com/error,unknown,unknown,Yes
https://junkyardsnearme.com/junkyards/michigan/9998245-caseys-auto-parts-hersey-mi,unknown,unknown,Yes
https://junkyardsnearme.com/junkyards/new-hampshire/10000018-lamberts-auto-truck-rochester-nh,unknown,unknown,Yes
https://junkyardsnearme.com/junkyards/oregon/9999526-hillsboro-auto-wrecking-hillsboro-or,unknown,unknown,Yes
https://junkyardsnearme.com/junkyards/arizona/8291885-nu-parts-automotive-products-tempe-az,unknown,unknown,Yes
https://junkyardsnearme.com/junkyards/new-jersey/10001335-avenue-salvage-company-millburn-nj,unknown,unknown,Yes
https://junkyardsnearme.com/junkyards/illinois/10001749-standard-auto-parts-chicago-il,unknown,unknown,Yes
https://junkyardsnearme.com/junkyards/oklahoma/9999550-hog-creek-auto-sales-salvage-sallisaw-ok,unknown,unknown,Yes
https://junkyardsnearme.com/junkyards/michigan/10001711-sova-auto-sales-service-midland-mi,unknown,unknown,Yes
https://junkyardsnearme.com/junkyards/iowa=&p=1?%2Fjunkyards%2Fiowa=&p=2,unknown,unknown,Yes
https://junkyardsnearme.com/junkyards/california/5042822-land-rovers-land-sun-valley-ca,unknown,unknown,Yes
https://junkyardsnearme.com/junkyards/quebec/10001120-pieces-dautos-dumont-saint-gilles-qc,unknown,unknown,Yes
https://junkyardsnearme.com/junkyards/north-carolina/9997977-big-bucks-recycling-used-auto-parts-elizabeth-city-nc,unknown,unknown,Yes
https://junkyardsnearme.com/junkyards/florida=&p=6?%2Fjunkyards%2Fflorida=&p=5,unknown,unknown,Yes
https://junkyardsnearme.com/junkyards=&p=401,unknown,unknown,Yes
https://junkyardsnearme.com/junkyards/wisconsin/9999882-kadingers-cadott-cadott-wi,unknown,unknown,Yes
https://junkyardsnearme.com/junkyards/ohio=&p=11?%2Fjunkyards%2Fohio=&p=12,unknown,unknown,Yes
https://junkyardsnearme.com/junkyards/ohio/9998678-del-car-used-auto-parts-westerville-oh,unknown,unknown,Yes
https://junkyardsnearme.com/junkyards/colorado/10000162-lkq-colorado-denver-co,unknown,unknown,Yes
https://junkyardsnearme.com/junkyards/british-columbia/9997258-a-combined-used-truck-parts-abbotsford-bc,unknown,unknown,Yes
https://junkyardsnearme.com/junkyards=&p=450?%2Fjunkyards=&p=451,unknown,unknown,Yes
https://junkyardsnearme.com/junkyards/vermont/9999848-mac-equipment-steel-co-rutland-vt,unknown,unknown,Yes
https://junkyardsnearme.com/junkyards/florida/9997373-a-z-auto-parts-towing-orlando-fl,unknown,unknown,Yes
https://junkyardsnearme.com/junkyards/florida/7531476-barfields-used-auto-parts-bradenton-fl,unknown,unknown,Yes
https://junkyardsnearme.com/junkyards=&p=347?%2Fjunkyards=&p=348,unknown,unknown,Yes
https://junkyardsnearme.com/junkyards/massachusetts/6676472-jacks-used-auto-parts-north-billerica-ma,unknown,unknown,Yes
https://junkyardsnearme.com/junkyards/rhode-island/7251225-bills-auto-parts-inc-cumberland-ri,unknown,unknown,Yes
https://junkyardsnearme.com/junkyards/new-york/9998872-junk-a-car-jamaica-ny,unknown,unknown,Yes
https://junkyardsnearme.com/junkyards/ohio=&p=16?%2Fjunkyards%2Fohio=&p=17,unknown,unknown,Yes
https://junkyardsnearme.com/junkyards/virginia/9999679-inside-auto-parts-mineral-va,unknown,unknown,Yes
https://junkyardsnearme.com/junkyards/british-columbia/9998017-blackpoint-auto-salvage-powell-river-bc,unknown,unknown,Yes
https://junkyardsnearme.com/junkyards/michigan/10001478-s-s-auto-parts-salvage-clio-mi,unknown,unknown,Yes
https://junkyardsnearme.com/junkyards/florida/9997301-a-1-used-parts-moore-haven-fl,unknown,unknown,Yes
https://junkyardsnearme.com/junkyards/vermont/10000583-hodgdon-brothers-ascutney-vt,unknown,unknown,Yes
https://junkyardsnearme.com/junkyards/michigan/2359166-complete-auto-truck-parts-flint-mi,unknown,unknown,Yes
https://junkyardsnearme.com/junkyards/massachusetts/9999028-h-betty-son-inc-lowell-ma,unknown,unknown,Yes
https://junkyardsnearme.com/junkyards=&p=20?%2Fjunkyards=&p=21,unknown,unknown,Yes
https://junkyardsnearme.com/junkyards/missouri/9997601-all-star-auto-parts-kansas-city-mo,unknown,unknown,Yes
https://junkyardsnearme.com/junkyards/new-hampshire/10000558-lanes-garage-auto-body-loudon-nh,unknown,unknown,Yes
https://junkyardsnearme.com/junkyards/new-york/6921000-kings-window-regulators-brooklyn-ny,unknown,unknown,Yes
https://junkyardsnearme.com/junkyards/north-carolina/10000168-lkq-east-carolina-la-grange-nc,unknown,unknown,Yes
https://junkyardsnearme.com/junkyards=&p=457?%2Fjunkyards=&p=458,unknown,unknown,Yes
https://junkyardsnearme.com/junkyards/washington=&p=7?%2Fjunkyards%2Fwashington=&p=8,unknown,unknown,Yes
https://junkyardsnearme.com/junkyards/michigan=&p=14,unknown,unknown,Yes
https://junkyardsnearme.com/junkyards/michigan=&p=3?%2Fjunkyards%2Fmichigan=&p=2,unknown,unknown,Yes
https://junkyardsnearme.com/junkyards/pennsylvania/3770331-lkq-thruway-used-auto-parts-parryville-pa,unknown,unknown,Yes
https://junkyardsnearme.com/junkyards/florida/2355656-us-1-auto-parts-miami-fl,unknown,unknown,Yes
https://junkyardsnearme.com/junkyards=&p=323?%2Fjunkyards=&p=322,unknown,unknown,Yes
https://junkyardsnearme.com/junkyards/virginia/5259231-duval-auto-parts-inc-forest-va,unknown,unknown,Yes
https://junkyardsnearme.com/junkyards/massachusetts/9999002-linders-inc-worcester-ma,unknown,unknown,Yes
https://junkyardsnearme.com/junkyards/california/9997208-a-m-auto-dismantlers-stockton-ca,unknown,unknown,Yes
https://junkyardsnearme.com/junkyards/indiana/6542929-daves-auto-salvage-inc-milan-in,unknown,unknown,Yes
https://junkyardsnearme.com/junkyards/connecticut=&p=8,unknown,unknown,Yes
https://junkyardsnearme.com/junkyards/minnesota/4606166-viking-auto-salvage-inc-northfield-mn,unknown,unknown,Yes
https://junkyardsnearme.com/junkyards=&p=392,unknown,unknown,Yes
https://junkyardsnearme.com/junkyards/california=&p=23?%2Fjunkyards%2Fcalifornia=&p=22,unknown,unknown,Yes
https://junkyardsnearme.com/junkyards=&p=403,unknown,unknown,Yes
https://junkyardsnearme.com/junkyards/british-columbia/10001198-pull-save-quality-used-auto-truck-parts-maple-ridge-bc,unknown,unknown,Yes
https://junkyardsnearme.com/junkyards/indiana/9998149-burkhart-automotive-inc-greensburg-in,unknown,unknown,Yes
https://junkyardsnearme.com/junkyards/florida/5640808-brads-corvettes-ft-lauderdale-fl,unknown,unknown,Yes
https://junkyardsnearme.com/junkyards/nova-scotia/10000242-lkq-vance-hanes-auto-parts-upper-brookside-ns,unknown,unknown,Yes
https://junkyardsnearme.com/junkyards/indiana/4257178-aaa-auto-parts-evansville-in,unknown,unknown,Yes
https://junkyardsnearme.com/junkyards/illinois/10000446-mccoy-auto-parts-chicago-il,unknown,unknown,Yes
https://junkyardsnearme.com/junkyards/ontario/6521404-german-motor-imports-toronto-on,unknown,unknown,Yes
https://junkyardsnearme.com/junkyards/washington/7675044-king-auto-truck-wrecking-inc-seattle-wa,unknown,unknown,Yes
https://junkyardsnearme.com/junkyards/pennsylvania=&p=2?%2Fjunkyards%2Fpennsylvania=&p=3,unknown,unknown,Yes
https://junkyardsnearme.com/junkyards/pennsylvania/10001922-einfalt-recycling-salvage-stockertown-pa,unknown,unknown,Yes
https://junkyardsnearme.com/junkyards/california/9998446-concord-auto-dismantlers-concord-ca,unknown,unknown,Yes
https://junkyardsnearme.com/junkyards/california/9997910-basic-auto-parts-los-angeles-ca,unknown,unknown,Yes
https://junkyardsnearme.com/junkyards=&p=361,unknown,unknown,Yes
https://junkyardsnearme.com/junkyards/florida=&p=24,unknown,unknown,Yes
https://junkyardsnearme.com/junkyards/indiana=&p=8,unknown,unknown,Yes
https://junkyardsnearme.com/junkyards/colorado/9999398-harris-truck-parts-colorado-springs-co,unknown,unknown,Yes
https://junkyardsnearme.com/junkyards=&p=29,unknown,unknown,Yes
https://junkyardsnearme.com/junkyards=&p=106?%2Fjunkyards=&p=105,unknown,unknown,Yes
https://junkyardsnearme.com/junkyards=&p=57?%2Fjunkyards=&p=58,unknown,unknown,Yes
https://junkyardsnearme.com/junkyards/massachusetts/9999131-allied-recycling-junk-car-scrap-metal-recycling-center-walpole-ma,unknown,unknown,Yes
https://junkyardsnearme.com/junkyards/connecticut/9999954-keystone-automotive-manchester-ct-manchester-ct,unknown,unknown,Yes
https://junkyardsnearme.com/junkyards/pennsylvania=&p=6?%2Fjunkyards%2Fpennsylvania=&p=5,unknown,unknown,Yes
https://junkyardsnearme.com/junkyards/california/9997655-america-auto-dismantling-san-diego-ca,unknown,unknown,Yes
https://junkyardsnearme.com/junkyards/kentucky/10001902-tompkinsville-auto-salvage-tompkinsville-ky,unknown,unknown,Yes
https://junkyardsnearme.com/junkyards/california/9998527-creams-dismantlers-santa-rosa-ca,unknown,unknown,Yes
https://junkyardsnearme.com/junkyards/michigan=&p=20?%2Fjunkyards%2Fmichigan=&p=21,unknown,unknown,Yes
https://junkyardsnearme.com/junkyards/kansas/9998949-emporia-auto-recycling-emporia-ks,unknown,unknown,Yes
https://junkyardsnearme.com/junkyards/rhode-island/9999438-jacks-salvage-auto-parts-bristol-ri,unknown,unknown,Yes
https://junkyardsnearme.com/junkyards/indiana/9997785-auto-parts-city-south-bend-in,unknown,unknown,Yes
https://junkyardsnearme.com/junkyards/florida/9998604-all-auto-part-sales-recycling-orlando-fl,unknown,unknown,Yes
https://junkyardsnearme.com/junkyards/colorado/2887775-plues-transmission-parts-denver-co,unknown,unknown,Yes
https://junkyardsnearme.com/junkyards/alabama,unknown,unknown,Yes
https://junkyardsnearme.com/junkyards/texas/9999194-gabby-hall-auto-parts-dallas-tx,unknown,unknown,Yes
https://junkyardsnearme.com/junkyards/texas/8854035-bryants-auto-salvage-wrecker-service-sulphur-springs-tx,unknown,unknown,Yes
https://junkyardsnearme.com/junkyards/alabama/9998563-d-d-engines-hazel-green-al,unknown,unknown,Yes
https://junkyardsnearme.com/junkyards/new-jersey=&p=8,unknown,unknown,Yes
https://junkyardsnearme.com/junkyards/texas/10000633-mikes-auto-parts-hempstead-tx,unknown,unknown,Yes
https://junkyardsnearme.com/junkyards/florida/9997166-best-used-auto-parts-orlando-orlando-fl,unknown,unknown,Yes
https://junkyardsnearme.com/junkyards/california/10000330-luxury-land-auto-wrecking-formerly-lexus-land-monrovia-ca,unknown,unknown,Yes
https://junkyardsnearme.com/junkyards/ohio/9999492-hicksville-auto-recyclers-llc-hicksville-oh,unknown,unknown,Yes
https://junkyardsnearme.com/junkyards/maine/10000705-tylers-auto-body-salvage-cambridge-me,unknown,unknown,Yes
https://junkyardsnearme.com/junkyards/connecticut/9999857-city-auto-parts-inc-hartford-ct,unknown,unknown,Yes
https://junkyardsnearme.com/junkyards/maine/9675160-garys-auto-salvage-arundel-me,unknown,unknown,Yes
https://junkyardsnearme.com/junkyards/minnesota=&p=7?%2Fjunkyards%2Fminnesota=&p=6,unknown,unknown,Yes
https://junkyardsnearme.com/junkyards/alberta=&p=2?%2Fjunkyards%2Falberta=&p=3,unknown,unknown,Yes
https://junkyardsnearme.com/junkyards/maryland/9999540-deckers-salvage-co-inc-baltimore-md,unknown,unknown,Yes
https://junkyardsnearme.com/junkyards/florida/10000191-lkq-pick-your-part-u-pick-miami-fl,unknown,unknown,Yes
https://junkyardsnearme.com/junkyards=&p=326,unknown,unknown,Yes
https://junkyardsnearme.com/junkyards=&p=410?%2Fjunkyards=&p=409,unknown,unknown,Yes
https://junkyardsnearme.com/junkyards/iowa=&p=4?%2Fjunkyards%2Fiowa=&p=5,unknown,unknown,Yes
https://junkyardsnearme.com/junkyards=&p=372?%2Fjunkyards=&p=371,unknown,unknown,Yes
https://junkyardsnearme.com/junkyards=&p=257?%2Fjunkyards=&p=258,unknown,unknown,Yes
https://junkyardsnearme.com/junkyards/kentucky/9999307-grade-a-allstate-auto-parts-shepherdsville-ky,unknown,unknown,Yes
https://junkyardsnearme.com/junkyards/new-jersey/10001918-brass-castle-import-auto-salvage-oxford-nj,unknown,unknown,Yes
https://junkyardsnearme.com/junkyards/connecticut/9999988-boyds-used-auto-parts-inc-norwich-ct,unknown,unknown,Yes
https://junkyardsnearme.com/junkyards=&p=407,unknown,unknown,Yes
https://junkyardsnearme.com/junkyards/north-carolina/9998092-brookshire-auto-salvage-charlotte-nc,unknown,unknown,Yes
https://junkyardsnearme.com/junkyards/texas/9999653-i-35-truck-auto-parts-alvarado-tx,unknown,unknown,Yes
https://junkyardsnearme.com/junkyards/new-hampshire/9997625-allied-auto-wrecking-arapro-weare-nh,unknown,unknown,Yes
https://junkyardsnearme.com/junkyards/new-york/9998379-cash-for-cars-new-york-ny,unknown,unknown,Yes
https://junkyardsnearme.com/junkyards=&p=205?%2Fjunkyards=&p=206,unknown,unknown,Yes
https://junkyardsnearme.com/junkyards/new-jersey/9998473-cash-for-junk-cars-elizabeth-nj,unknown,unknown,Yes
https://junkyardsnearme.com/junkyards=&p=283?%2Fjunkyards=&p=282,unknown,unknown,Yes
https://junkyardsnearme.com/junkyards/connecticut/10000901-connecticut-metal-industries-ansonia-ct,unknown,unknown,Yes
https://junkyardsnearme.com/junkyards/connecticut/9998614-daddios-auto-parts-seymour-ct,unknown,unknown,Yes
https://junkyardsnearme.com/junkyards/florida/9998602-we-luv-junk-cars-orlando-fl,unknown,unknown,Yes
https://junkyardsnearme.com/junkyards/ontario/9999379-hanks-auto-wreckers-st-clements-on,unknown,unknown,Yes
https://junkyardsnearme.com/junkyards/illinois/9998213-captain-todds-wrecked-cars-springfield-il,unknown,unknown,Yes
https://junkyardsnearme.com/junkyards/pennsylvania=&p=23,unknown,unknown,Yes
https://junkyardsnearme.com/junkyards/north-carolina?%2Fjunkyards%2Fnorth-carolina=&p=2,unknown,unknown,Yes
https://junkyardsnearme.com/junkyards/arizona=&p=3?%2Fjunkyards%2Farizona=&p=4,unknown,unknown,Yes
https://junkyardsnearme.com/junkyards/rhode-island/10000512-exeter-scrap-metal-inc-exeter-ri,unknown,unknown,Yes
https://junkyardsnearme.com/junkyards/kentucky/10000731-moyer-auto-parts-morning-view-ky,unknown,unknown,Yes
https://junkyardsnearme.com/junkyards/pennsylvania/10000922-oak-tree-auto-salvage-perkasie-pa,unknown,unknown,Yes
https://junkyardsnearme.com/junkyards/california/10000671-modesto-auto-wreckers-modesto-ca,unknown,unknown,Yes
https://junkyardsnearme.com/junkyards=&p=257?%2Fjunkyards=&p=256,unknown,unknown,Yes
https://junkyardsnearme.com/junkyards=&p=161,unknown,unknown,Yes
https://junkyardsnearme.com/junkyards=&p=234,unknown,unknown,Yes
https://junkyardsnearme.com/junkyards/minnesota/5872700-pine-river-iron-metal-backus-mn,unknown,unknown,Yes
https://junkyardsnearme.com/junkyards/washington/10000947-olympic-4x4-supply-snohomish-wa,unknown,unknown,Yes
https://junkyardsnearme.com/junkyards=&p=1?%2Fjunkyards=&p=2,unknown,unknown,Yes
https://junkyardsnearme.com/junkyards/new-york/9999403-kennedy-galluzzo-scrap-metal-salvage-albany-ny,unknown,unknown,Yes
https://junkyardsnearme.com/junkyards/florida/9999801-jm-used-auto-parts-opa-locka-fl,unknown,unknown,Yes
https://junkyardsnearme.com/junkyards/california/9999231-german-auto-parts-depot-north-hollywood-ca,unknown,unknown,Yes
https://junkyardsnearme.com/junkyards=&p=215?%2Fjunkyards=&p=214,unknown,unknown,Yes
https://junkyardsnearme.com/junkyards/texas/10000407-market-street-used-auto-parts-houston-tx,unknown,unknown,Yes
https://junkyardsnearme.com/junkyards/oregon/9997863-b-r-auto-wrecking-eugene-or,unknown,unknown,Yes
https://junkyardsnearme.com/junkyards/florida/9999120-fosters-garage-leesburg-fl,unknown,unknown,Yes
https://junkyardsnearme.com/junkyards/new-jersey/7288367-auto-express-williamstown-nj,unknown,unknown,Yes
https://junkyardsnearme.com/junkyards/arkansas=&p=1?%2Fjunkyards%2Farkansas=&p=2,unknown,unknown,Yes
https://junkyardsnearme.com/junkyards/nebraska/9999063-farritor-auto-parts-broken-bow-ne,unknown,unknown,Yes
https://junkyardsnearme.com/junkyards/california/8987612-motor-city-2-auto-wrecking-bakersfield-ca,unknown,unknown,Yes
https://junkyardsnearme.com/junkyards/west-virginia/9998154-busters-auto-salvage-morgantown-wv,unknown,unknown,Yes
https://junkyardsnearme.com/junkyards/tennessee/9999531-hilltop-auto-salvage-nashville-tn,unknown,unknown,Yes
https://junkyardsnearme.com/junkyards/kansas=&p=2?%2Fjunkyards%2Fkansas=&p=3,unknown,unknown,Yes
https://junkyardsnearme.com/junkyards=&p=9?%2Fjunkyards=&p=8,unknown,unknown,Yes
https://junkyardsnearme.com/junkyards/north-dakota/9999572-hopewells-kindred-nd,unknown,unknown,Yes
https://junkyardsnearme.com/junkyards=&p=284,unknown,unknown,Yes
https://junkyardsnearme.com/junkyards/georgia/7550225-ackerman-auto-salvage-macon-ga,unknown,unknown,Yes
https://junkyardsnearme.com/junkyards/alberta=&p=6,unknown,unknown,Yes
https://junkyardsnearme.com/junkyards/missouri/9998799-e-j-auto-salvage-cadet-mo,unknown,unknown,Yes
https://junkyardsnearme.com/junkyards/minnesota=&p=11,unknown,unknown,Yes
https://junkyardsnearme.com/junkyards/michigan=&p=15?%2Fjunkyards%2Fmichigan=&p=16,unknown,unknown,Yes
https://junkyardsnearme.com/junkyards/florida/8486188-s-s-service-center-new-port-richey-fl,unknown,unknown,Yes
https://junkyardsnearme.com/junkyards=&p=345?%2Fjunkyards=&p=346,unknown,unknown,Yes
https://junkyardsnearme.com/junkyards/florida/9999588-hr-used-auto-parts-opa-locka-fl,unknown,unknown,Yes
https://junkyardsnearme.com/junkyards/florida/9997691-anita-sham-used-auto-parts-riverview-fl,unknown,unknown,Yes
https://junkyardsnearme.com/junkyards/ontario=&p=1?%2Fjunkyards%2Fontario=&p=2,unknown,unknown,Yes
https://junkyardsnearme.com/junkyards/california/9997816-autogator-roseville-scada-roseville-ca,unknown,unknown,Yes
https://junkyardsnearme.com/junkyards/british-columbia=&p=1?%2Fjunkyards%2Fbritish-columbia=&p=2,unknown,unknown,Yes
https://junkyardsnearme.com/junkyards=&p=514?%2Fjunkyards=&p=515,unknown,unknown,Yes
https://junkyardsnearme.com/junkyards/california/9997753-audi-volkswagen-parts-rancho-cordova-ca,unknown,unknown,Yes
https://junkyardsnearme.com/junkyards/arizona/9997467-ace-pickup-parts-tucson-az,unknown,unknown,Yes
https://junkyardsnearme.com/junkyards=&p=399,unknown,unknown,Yes
https://junkyardsnearme.com/junkyards/mississippi/3241006-william-wells-tire-auto-starkville-ms,unknown,unknown,Yes
https://junkyardsnearme.com/junkyards/louisiana/3369798-hobby-motors-inc-port-allen-la,unknown,unknown,Yes
https://junkyardsnearme.com/junkyards=&p=166?%2Fjunkyards=&p=165,unknown,unknown,Yes
https://junkyardsnearme.com/junkyards/california/10000090-lemoore-auto-wrecking-lemoore-ca,unknown,unknown,Yes
https://junkyardsnearme.com/junkyards/california=&p=2,unknown,unknown,Yes
https://junkyardsnearme.com/junkyards/new-hampshire/10000299-matts-salvage-merrimack-nh,unknown,unknown,Yes
https://junkyardsnearme.com/junkyards/alberta/9999368-h-c-c-honest-car-clinic-edmonton-ab,unknown,unknown,Yes
https://junkyardsnearme.com/junkyards/georgia=&p=6,unknown,unknown,Yes
https://junkyardsnearme.com/junkyards/arizona/9997396-a-a-national-auto-parts-phoenix-az,unknown,unknown,Yes
https://junkyardsnearme.com/junkyards/washington=&p=4?%2Fjunkyards%2Fwashington=&p=5,unknown,unknown,Yes
https://junkyardsnearme.com/junkyards/california/9999673-indiana-truck-salvage-corona-ca,unknown,unknown,Yes
https://junkyardsnearme.com/junkyards/florida/9999811-johns-auto-parts-of-bunnell-bunnell-fl,unknown,unknown,Yes
https://junkyardsnearme.com/junkyards/pennsylvania=&p=12,unknown,unknown,Yes
https://junkyardsnearme.com/junkyards/oregon/7464557-glenwood-foreign-auto-parts-eugene-or,unknown,unknown,Yes
https://junkyardsnearme.com/junkyards/tennessee,unknown,unknown,Yes
https://junkyardsnearme.com/junkyards/ohio/9997344-422-auto-sales-warren-oh,unknown,unknown,Yes
https://junkyardsnearme.com/junkyards/new-jersey/9998272-central-jersey-auto-salvage-jackson-nj,unknown,unknown,Yes
https://junkyardsnearme.com/junkyards=&p=11?%2Fjunkyards=&p=12,unknown,unknown,Yes
https://junkyardsnearme.com/junkyards/florida/4749300-butler-auto-recycling-inc-pensacola-fl,unknown,unknown,Yes
https://junkyardsnearme.com/junkyards/ohio/9998121-buckeye-woodland-auto-part-cleveland-oh,unknown,unknown,Yes
https://junkyardsnearme.com/junkyards/new-york/9998088-brookfield-resource-management-elmsford-ny,unknown,unknown,Yes
https://junkyardsnearme.com/junkyards/wisconsin/10000788-nelson-auto-inc-necedah-wi,unknown,unknown,Yes
https://junkyardsnearme.com/junkyards/arizona/9998961-escorpion-1-auto-wrecking-phoenix-az,unknown,unknown,Yes
https://junkyardsnearme.com/junkyards/california/10000390-main-st-auto-dismantlers-gardena-ca,unknown,unknown,Yes
https://junkyardsnearme.com/junkyards/michigan=&p=10?%2Fjunkyards%2Fmichigan=&p=11,unknown,unknown,Yes
https://junkyardsnearme.com/junkyards=&p=288?%2Fjunkyards=&p=287,unknown,unknown,Yes
https://junkyardsnearme.com/junkyards/alberta=&p=6?%2Fjunkyards%2Falberta=&p=5,unknown,unknown,Yes
https://junkyardsnearme.com/junkyards/new-hampshire=&p=7,unknown,unknown,Yes
https://junkyardsnearme.com/junkyards/washington/10002088-salvagebid-llc-vancouver-wa,unknown,unknown,Yes
https://junkyardsnearme.com/junkyards/new-hampshire/9999598-phoenix-automotive-cores-manchester-nh,unknown,unknown,Yes
https://junkyardsnearme.com/junkyards/arkansas=&p=3,unknown,unknown,Yes
https://junkyardsnearme.com/junkyards/wisconsin/9997450-ace-auto-salvage-milwaukee-wi,unknown,unknown,Yes
https://junkyardsnearme.com/junkyards=&p=295?%2Fjunkyards=&p=294,unknown,unknown,Yes
https://junkyardsnearme.com/junkyards/oklahoma=&p=2?%2Fjunkyards%2Foklahoma=&p=3,unknown,unknown,Yes
https://junkyardsnearme.com/junkyards/pennsylvania=&p=1,unknown,unknown,Yes
https://junkyardsnearme.com/junkyards/california/9998677-del-paso-auto-dismantlers-sacramento-ca,unknown,unknown,Yes
https://junkyardsnearme.com/junkyards/arkansas/10001793-sunrise-foreign-cars-parts-jonesboro-ar,unknown,unknown,Yes
https://junkyardsnearme.com/junkyards/michigan/10001453-rpm-wholesale-auto-part-lansing-mi,unknown,unknown,Yes
https://junkyardsnearme.com/junkyards/british-columbia/9998019-blackys-auto-recycling-duncan-bc,unknown,unknown,Yes
https://junkyardsnearme.com/junkyards=&p=209?%2Fjunkyards=&p=210,unknown,unknown,Yes
https://junkyardsnearme.com/junkyards/british-columbia/9999499-highway-4-auto-salvage-coombs-bc,unknown,unknown,Yes
https://junkyardsnearme.com/junkyards/new-hampshire=&p=6?%2Fjunkyards%2Fnew-hampshire=&p=5,unknown,unknown,Yes
https://junkyardsnearme.com/junkyards=&p=297?%2Fjunkyards=&p=296,unknown,unknown,Yes
https://junkyardsnearme.com/junkyards=&p=96,unknown,unknown,Yes
https://junkyardsnearme.com/junkyards=&p=318?%2Fjunkyards=&p=319,unknown,unknown,Yes
https://junkyardsnearme.com/junkyards/illinois/10002081-walkers-used-truck-van-4x4-parts-peoria-il,unknown,unknown,Yes
https://junkyardsnearme.com/junkyards=&p=216?%2Fjunkyards=&p=217,unknown,unknown,Yes
https://junkyardsnearme.com/junkyards/oklahoma=&p=7?%2Fjunkyards%2Foklahoma=&p=6,unknown,unknown,Yes
https://junkyardsnearme.com/junkyards/georgia/10001019-peacock-auto-salvage-macon-ga,unknown,unknown,Yes
https://junkyardsnearme.com/junkyards/oregon/9998356-clackamas-river-towing-auto-salvage-llc-estacada-or,unknown,unknown,Yes
https://junkyardsnearme.com/junkyards=&p=210?%2Fjunkyards=&p=211,unknown,unknown,Yes
https://junkyardsnearme.com/junkyards=&p=81,unknown,unknown,Yes
https://junkyardsnearme.com/junkyards/british-columbia/10001380-riteway-auto-recyclers-chilliwack-bc,unknown,unknown,Yes
https://junkyardsnearme.com/junkyards=&p=90?%2Fjunkyards=&p=89,unknown,unknown,Yes
https://junkyardsnearme.com/junkyards/new-york/10001079-brim-recyclers-inc-cuddebackville-ny,unknown,unknown,Yes
https://junkyardsnearme.com/junkyards/illinois/9999056-bj-auto-salvage-fulton-il,unknown,unknown,Yes
https://junkyardsnearme.com/junkyards/california=&p=6?%2Fjunkyards%2Fcalifornia=&p=5,unknown,unknown,Yes
https://junkyardsnearme.com/junkyards/michigan/9997973-big-4-auto-parts-wyandotte-mi,unknown,unknown,Yes
https://junkyardsnearme.com/junkyards/california=&p=17,unknown,unknown,Yes
https://junkyardsnearme.com/junkyards/oregon/7266848-a-1-auto-supply-springfield-or,unknown,unknown,Yes
https://junkyardsnearme.com/junkyards/new-hampshire=&p=6?%2Fjunkyards%2Fnew-hampshire=&p=7,unknown,unknown,Yes
https://junkyardsnearme.com/junkyards/british-columbia/10001612-shuswap-auto-parts-salmon-arm-bc,unknown,unknown,Yes
https://junkyardsnearme.com/junkyards=&p=483,unknown,unknown,Yes
https://junkyardsnearme.com/junkyards/georgia/9997268-a-to-z-auto-and-truck-parts-palmetto-ga,unknown,unknown,Yes
https://junkyardsnearme.com/junkyards/florida/10001687-south-florida-auto-recycling-3-naples-fl,unknown,unknown,Yes
https://junkyardsnearme.com/junkyards/illinois/10000771-nance-auto-salvage-pocahontas-il,unknown,unknown,Yes
https://junkyardsnearme.com/junkyards/new-jersey/2900943-aberdeen-auto-salvage-morganville-nj,unknown,unknown,Yes
https://junkyardsnearme.com/junkyards/new-jersey/10001338-m-weinstein-sons-union-nj,unknown,unknown,Yes
https://junkyardsnearme.com/junkyards=&p=276,unknown,unknown,Yes
https://junkyardsnearme.com/junkyards/florida/10001409-roccos-auto-parts-west-palm-beach-fl,unknown,unknown,Yes
https://junkyardsnearme.com/junkyards/new-york/9999418-kneers-used-auto-parts-troy-ny,unknown,unknown,Yes
https://junkyardsnearme.com/junkyards/florida=&p=22?%2Fjunkyards%2Fflorida=&p=23,unknown,unknown,Yes
https://junkyardsnearme.com/junkyards/michigan/10000635-mikes-auto-parts-flint-mi,unknown,unknown,Yes
https://junkyardsnearme.com/junkyards=&p=7,unknown,unknown,Yes
https://junkyardsnearme.com/junkyards/pennsylvania/10000651-millerstown-parts-company-tarentum-pa,unknown,unknown,Yes
https://junkyardsnearme.com/junkyards/texas/10001427-rollos-solutions-houston-tx,unknown,unknown,Yes
https://junkyardsnearme.com/junkyards/oregon/9998143-bull-dog-auto-recycling-grants-pass-or,unknown,unknown,Yes
https://junkyardsnearme.com/junkyards/pennsylvania=&p=24?%2Fjunkyards%2Fpennsylvania=&p=25,unknown,unknown,Yes
https://junkyardsnearme.com/junkyards/rhode-island/7665422-north-smithfield-auto-recycling-north-smithfield-ri,unknown,unknown,Yes
https://junkyardsnearme.com/junkyards/california=&p=7,unknown,unknown,Yes
https://junkyardsnearme.com/junkyards/ohio/7762385-earls-cars-and-parts-portsmouth-oh,unknown,unknown,Yes
https://junkyardsnearme.com/junkyards/pennsylvania/10001935-hannas-auto-works-recycling-allentown-pa,unknown,unknown,Yes
https://junkyardsnearme.com/junkyards/oregon/7703150-caveman-action-and-roseburg-auto-parts-and-recyclers-grants-pass-or,unknown,unknown,Yes
https://junkyardsnearme.com/junkyards/illinois/3379594-desert-dog-auto-parts-greenwood-il,unknown,unknown,Yes
https://junkyardsnearme.com/junkyards/virginia/10000207-lkq-norfolk-chesapeake-va,unknown,unknown,Yes
https://junkyardsnearme.com/junkyards/michigan/10000934-oil-city-sales-mount-pleasant-mi,unknown,unknown,Yes
https://junkyardsnearme.com/junkyards/texas/9999482-hi-tech-auto-parts-buda-tx,unknown,unknown,Yes
https://junkyardsnearme.com/junkyards/washington/10001366-rigbys-auto-wrecking-forks-wa,unknown,unknown,Yes
https://junkyardsnearme.com/junkyards/massachusetts/9999159-freedman-inc-middleboro-ma,unknown,unknown,Yes
https://junkyardsnearme.com/junkyards/pennsylvania/10001811-suttys-salvage-sayre-pa,unknown,unknown,Yes
https://junkyardsnearme.com/junkyards/oklahoma/10001255-rainbow-auto-salvage-holdenville-ok,unknown,unknown,Yes
https://junkyardsnearme.com/junkyards/rhode-island/10000289-fortune-metal-inc-lincoln-ri,unknown,unknown,Yes
https://junkyardsnearme.com/junkyards/new-jersey/9997792-auto-parts-of-jersey-llc-elizabeth-nj,unknown,unknown,Yes
https://junkyardsnearme.com/junkyards/maine/9999697-lkq-gorham-auto-parts-gorham-me,unknown,unknown,Yes
https://junkyardsnearme.com/junkyards/kansas/4213110-parsons-auto-parts-salvage-parsons-ks,unknown,unknown,Yes
https://junkyardsnearme.com/junkyards/maine=&p=7,unknown,unknown,Yes
https://junkyardsnearme.com/junkyards/new-york/10001564-old-junk-car-brooklyn-ny,unknown,unknown,Yes
https://junkyardsnearme.com/junkyards/tennessee/10000754-murrell-metals-parts-maryville-tn,unknown,unknown,Yes
https://junkyardsnearme.com/junkyards/wisconsin/7822065-rockitop-auto-glen-flora-wi,unknown,unknown,Yes
https://junkyardsnearme.com/junkyards/new-jersey/9998194-camp-auto-and-truck-parts-wayne-nj,unknown,unknown,Yes
https://junkyardsnearme.com/junkyards/maine/10000587-punsky-scrap-iron-metal-sanford-me,unknown,unknown,Yes
https://junkyardsnearme.com/junkyards/new-york/10000673-monsters-auto-recycling-lindenhurst-ny,unknown,unknown,Yes
https://junkyardsnearme.com/junkyards/pennsylvania/10001767-steiners-auto-sales-parts-lebanon-pa,unknown,unknown,Yes
https://junkyardsnearme.com/junkyards/pennsylvania=&p=11?%2Fjunkyards%2Fpennsylvania=&p=12,unknown,unknown,Yes
https://junkyardsnearme.com/junkyards/pennsylvania/10001642-sigmund-auto-wreckers-adamsburg-pa,unknown,unknown,Yes
https://junkyardsnearme.com/junkyards/north-carolina/10001490-salem-auto-sales-winston-salem-nc,unknown,unknown,Yes
https://junkyardsnearme.com/junkyards/tennessee/3845625-low-mileage-engines-llc-memphis-tn,unknown,unknown,Yes
https://junkyardsnearme.com/junkyards/california=&p=11,unknown,unknown,Yes
https://junkyardsnearme.com/junkyards/nevada/10001319-reno-auto-wrecking-reno-nv,unknown,unknown,Yes
https://junkyardsnearme.com/junkyards/new-york/9999786-jerry-browns-auto-parts-queensbury-ny,unknown,unknown,Yes
https://junkyardsnearme.com/junkyards/indiana/2767094-chestnut-street-auto-recycling-osceola-in,unknown,unknown,Yes
https://junkyardsnearme.com/junkyards=&p=382?%2Fjunkyards=&p=381,unknown,unknown,Yes
https://junkyardsnearme.com/junkyards=&p=157?%2Fjunkyards=&p=156,unknown,unknown,Yes
https://junkyardsnearme.com/junkyards/nevada/10000036-las-vegas-truck-auto-salvage-las-vegas-nv,unknown,unknown,Yes
https://junkyardsnearme.com/junkyards/california/9998043-boneyard-auto-parts-wilmington-ca,unknown,unknown,Yes
https://junkyardsnearme.com/junkyards/florida/4427530-parts-for-cars-inc-jacksonville-fl,unknown,unknown,Yes
https://junkyardsnearme.com/junkyards=&p=212?%2Fjunkyards=&p=213,unknown,unknown,Yes
https://junkyardsnearme.com/junkyards/massachusetts/9999511-mattuchio-scrap-metal-everett-ma,unknown,unknown,Yes
https://junkyardsnearme.com/junkyards/michigan/9997754-august-pohl-auto-parts-benton-harbor-mi,unknown,unknown,Yes
https://junkyardsnearme.com/junkyards/texas/9999346-grimes-truck-auto-parts-grand-prairie-tx,unknown,unknown,Yes
https://junkyardsnearme.com/junkyards/rhode-island/10000103-heavy-metal-recycling-woonsocket-ri,unknown,unknown,Yes
https://junkyardsnearme.com/junkyards/new-brunswick/9997092-capital-city-auto-parts-fredericton-nb,unknown,unknown,Yes
https://junkyardsnearme.com/junkyards/utah/9998157-butcher-auto-wrecking-salt-lake-city-ut,unknown,unknown,Yes
https://junkyardsnearme.com/junkyards/massachusetts/9999439-all-foreign-auto-salvage-east-bridgewater-ma,unknown,unknown,Yes
https://junkyardsnearme.com/junkyards=&p=92,unknown,unknown,Yes
https://junkyardsnearme.com/junkyards/new-jersey/3602886-first-class-auto-salvage-hamilton-nj,unknown,unknown,Yes
https://junkyardsnearme.com/junkyards/illinois/10001679-south-beloit-auto-parts-south-beloit-il,unknown,unknown,Yes
https://junkyardsnearme.com/junkyards/british-columbia=&p=7,unknown,unknown,Yes
https://junkyardsnearme.com/junkyards=&p=454,unknown,unknown,Yes
https://junkyardsnearme.com/junkyards=&p=302,unknown,unknown,Yes
https://junkyardsnearme.com/junkyards/virginia=&p=5?%2Fjunkyards%2Fvirginia=&p=4,unknown,unknown,Yes
https://junkyardsnearme.com/junkyards/north-carolina/9998518-coxs-automotive-maxton-nc,unknown,unknown,Yes
https://junkyardsnearme.com/junkyards/ohio=&p=14?%2Fjunkyards%2Fohio=&p=15,unknown,unknown,Yes
https://junkyardsnearme.com/junkyards/north-carolina=&p=5?%2Fjunkyards%2Fnorth-carolina=&p=4,unknown,unknown,Yes
https://junkyardsnearme.com/junkyards/alabama/9997894-baldwin-auto-salvage-summerdale-al,unknown,unknown,Yes
https://junkyardsnearme.com/junkyards/connecticut/9999923-johnnys-auto-parts-thomaston-ct,unknown,unknown,Yes
https://junkyardsnearme.com/junkyards/iowa/10000945-olsens-auto-salvage-rowley-ia,unknown,unknown,Yes
https://junkyardsnearme.com/junkyards/california=&p=10?%2Fjunkyards%2Fcalifornia=&p=9,unknown,unknown,Yes
https://junkyardsnearme.com/junkyards/oklahoma/10000427-master-parts-auto-salvage-oklahoma-city-ok,unknown,unknown,Yes
https://junkyardsnearme.com/junkyards/south-carolina/10001162-pollards-auto-salvage-greenwood-sc,unknown,unknown,Yes
https://junkyardsnearme.com/junkyards/north-carolina/10000815-nines-auto-parts-wake-forest-nc,unknown,unknown,Yes
https://junkyardsnearme.com/junkyards/california/9997558-alfreds-auto-sun-valley-ca,unknown,unknown,Yes
https://junkyardsnearme.com/junkyards/florida/9997699-anzo-auto-services-orlando-fl,unknown,unknown,Yes
https://junkyardsnearme.com/junkyards/minnesota/4392604-sharp-auto-parts-stillwater-mn,unknown,unknown,Yes
https://junkyardsnearme.com/junkyards/quebec/10001133-pieces-dautos-ste-julie-sainte-julie-qc,unknown,unknown,Yes
https://junkyardsnearme.com/junkyards/oklahoma=&p=6?%2Fjunkyards%2Foklahoma=&p=5,unknown,unknown,Yes
https://junkyardsnearme.com/junkyards=&p=358?%2Fjunkyards=&p=359,unknown,unknown,Yes
https://junkyardsnearme.com/junkyards/oregon=&p=5?%2Fjunkyards%2Foregon=&p=4,unknown,unknown,Yes
https://junkyardsnearme.com/junkyards/quebec=&p=6,unknown,unknown,Yes
https://junkyardsnearme.com/junkyards/massachusetts/9999522-j-k-auto-removal-middleboro-ma,unknown,unknown,Yes
https://junkyardsnearme.com/junkyards=&p=493?%2Fjunkyards=&p=494,unknown,unknown,Yes
https://junkyardsnearme.com/junkyards/california/9997535-ajax-auto-parts-coachella-ca,unknown,unknown,Yes
https://junkyardsnearme.com/junkyards/new-hampshire/9999603-bow-auto-parts-bow-nh,unknown,unknown,Yes
https://junkyardsnearme.com/junkyards/illinois=&p=11?%2Fjunkyards%2Fillinois=&p=12,unknown,unknown,Yes
https://junkyardsnearme.com/junkyards=&p=29?%2Fjunkyards=&p=28,unknown,unknown,Yes
https://junkyardsnearme.com/junkyards/michigan/9312022-cartek-auto-parts-detroit-mi,unknown,unknown,Yes
https://junkyardsnearme.com/junkyards/new-jersey/10001562-cash-for-junk-cars-nj-newark-nj,unknown,unknown,Yes
https://junkyardsnearme.com/junkyards/minnesota/9998108-browns-valley-auto-salvage-browns-valley-mn,unknown,unknown,Yes
https://junkyardsnearme.com/junkyards/connecticut/10000856-m-j-auto-recycling-inc-colchester-ct,unknown,unknown,Yes
https://junkyardsnearme.com/junkyards=&p=312?%2Fjunkyards=&p=313,unknown,unknown,Yes
https://junkyardsnearme.com/junkyards/alberta?%2Fjunkyards%2Falberta=&p=2,unknown,unknown,Yes
https://junkyardsnearme.com/junkyards=&p=482,unknown,unknown,Yes
https://junkyardsnearme.com/junkyards=&p=267?%2Fjunkyards=&p=266,unknown,unknown,Yes
https://junkyardsnearme.com/junkyards/florida/9999351-guaranteed-auto-truck-parts-okeechobee-fl,unknown,unknown,Yes
https://junkyardsnearme.com/junkyards=&p=141?%2Fjunkyards=&p=140,unknown,unknown,Yes
https://junkyardsnearme.com/junkyards/florida/10001156-plus-used-auto-parts-opa-locka-fl,unknown,unknown,Yes
https://junkyardsnearme.com/junkyards=&p=445?%2Fjunkyards=&p=446,unknown,unknown,Yes
https://junkyardsnearme.com/junkyards/indiana/9997174-2020-import-auto-parts-fort-wayne-in,unknown,unknown,Yes
https://junkyardsnearme.com/junkyards=&p=81?%2Fjunkyards=&p=80,unknown,unknown,Yes
https://junkyardsnearme.com/junkyards/colorado/9998262-central-auto-parts-denver-co,unknown,unknown,Yes
https://junkyardsnearme.com/junkyards/north-carolina=&p=8?%2Fjunkyards%2Fnorth-carolina=&p=9,unknown,unknown,Yes
https://junkyardsnearme.com/junkyards/new-york/9997629-allstate-used-auto-parts-new-windsor-ny,unknown,unknown,Yes
https://junkyardsnearme.com/junkyards/michigan/9999552-holbrook-auto-parts-detroit-mi,unknown,unknown,Yes
https://junkyardsnearme.com/junkyards/colorado/10000643-mile-hi-automotive-inc-denver-co,unknown,unknown,Yes
https://junkyardsnearme.com/junkyards/new-jersey=&p=7?%2Fjunkyards%2Fnew-jersey=&p=6,unknown,unknown,Yes
https://junkyardsnearme.com/junkyards/virginia=&p=1,unknown,unknown,Yes
https://junkyardsnearme.com/junkyards=&p=175?%2Fjunkyards=&p=176,unknown,unknown,Yes
https://junkyardsnearme.com/junkyards/north-carolina/2333679-k-m-used-auto-parts-inc-yadkinville-nc,unknown,unknown,Yes
https://junkyardsnearme.com/junkyards/connecticut/9999947-connecticut-scrap-uncasville-ct,unknown,unknown,Yes
https://junkyardsnearme.com/junkyards/new-mexico/9999494-high-country-4-x-4-silver-city-nm,unknown,unknown,Yes
https://junkyardsnearme.com/junkyards=&p=142,unknown,unknown,Yes
https://junkyardsnearme.com/junkyards/pennsylvania/9997718-arichner-auto-parts-howard-pa,unknown,unknown,Yes
https://junkyardsnearme.com/junkyards=&p=362?%2Fjunkyards=&p=361,unknown,unknown,Yes
https://junkyardsnearme.com/junkyards/michigan/9999502-highway-auto-parts-roseville-mi,unknown,unknown,Yes
https://junkyardsnearme.com/junkyards/wisconsin/9999881-kadinger-salvage-inc-ii-barron-wi,unknown,unknown,Yes
https://junkyardsnearme.com/junkyards/florida/9999075-ferny-auto-technical-salvage-opa-locka-fl,unknown,unknown,Yes
https://junkyardsnearme.com/junkyards/california=&p=9,unknown,unknown,Yes
https://junkyardsnearme.com/junkyards/oregon=&p=2,unknown,unknown,Yes
https://junkyardsnearme.com/junkyards/new-jersey/10001096-perones-auto-dunellen-nj,unknown,unknown,Yes
https://junkyardsnearme.com/junkyards/pennsylvania=&p=5?%2Fjunkyards%2Fpennsylvania=&p=4,unknown,unknown,Yes
https://junkyardsnearme.com/junkyards/california/9999386-hap-auto-wrecking-rancho-cordova-ca,unknown,unknown,Yes
https://junkyardsnearme.com/junkyards/indiana/10001602-shepherds-auto-salvage-rochester-in,unknown,unknown,Yes
https://junkyardsnearme.com/junkyards/connecticut/10000899-1-800mrjunker-warehouse-outlet-derby-ct,unknown,unknown,Yes
https://junkyardsnearme.com/junkyards/florida=&p=25?%2Fjunkyards%2Fflorida=&p=24,unknown,unknown,Yes
https://junkyardsnearme.com/junkyards=&p=433?%2Fjunkyards=&p=434,unknown,unknown,Yes
https://junkyardsnearme.com/junkyards/california=&p=28?%2Fjunkyards%2Fcalifornia=&p=27,unknown,unknown,Yes
https://junkyardsnearme.com/junkyards/california/9997567-all-auto-parts-gold-seal-fontana-ca,unknown,unknown,Yes
https://junkyardsnearme.com/junkyards=&p=510?%2Fjunkyards=&p=509,unknown,unknown,Yes
https://junkyardsnearme.com/junkyards/new-jersey/10001626-junk-it-on-demand-north-bergen-nj,unknown,unknown,Yes
https://junkyardsnearme.com/junkyards=&p=128?%2Fjunkyards=&p=129,unknown,unknown,Yes
https://junkyardsnearme.com/junkyards=&p=28?%2Fjunkyards=&p=27,unknown,unknown,Yes
https://junkyardsnearme.com/junkyards/california=&p=11?%2Fjunkyards%2Fcalifornia=&p=10,unknown,unknown,Yes
https://junkyardsnearme.com/junkyards/tennessee=&p=4,unknown,unknown,Yes
https://junkyardsnearme.com/junkyards/arkansas=&p=1,unknown,unknown,Yes
https://junkyardsnearme.com/junkyards/new-jersey/10001365-king-parts-auto-wreckers-monmouth-junction-nj,unknown,unknown,Yes
https://junkyardsnearme.com/junkyards/connecticut=&p=3?%2Fjunkyards%2Fconnecticut=&p=2,unknown,unknown,Yes
https://junkyardsnearme.com/junkyards=&p=330,unknown,unknown,Yes
https://junkyardsnearme.com/junkyards=&p=10,unknown,unknown,Yes
https://junkyardsnearme.com/junkyards/michigan=&p=9,unknown,unknown,Yes
https://junkyardsnearme.com/junkyards=&p=206?%2Fjunkyards=&p=205,unknown,unknown,Yes
https://junkyardsnearme.com/junkyards/georgia/10000733-mps-auto-salvage-statham-ga,unknown,unknown,Yes
https://junkyardsnearme.com/junkyards/iowa/9998289-charlie-brown-auto-ltd-creston-ia,unknown,unknown,Yes
https://junkyardsnearme.com/junkyards/colorado/9999659-ike-son-transmission-craig-co,unknown,unknown,Yes
https://junkyardsnearme.com/junkyards/alabama/3752135-heritage-used-car-and-truck-parts-llc-mobile-al,unknown,unknown,Yes
https://junkyardsnearme.com/junkyards=&p=228?%2Fjunkyards=&p=229,unknown,unknown,Yes
https://junkyardsnearme.com/junkyards/missouri/10000917-o-k-auto-parts-saint-louis-mo,unknown,unknown,Yes
https://junkyardsnearme.com/junkyards/virginia/6362671-hillbillys-junkyard-bentonville-va,unknown,unknown,Yes
https://junkyardsnearme.com/junkyards/florida=&p=8,unknown,unknown,Yes
https://junkyardsnearme.com/junkyards/connecticut/10000879-cycle-salvage-llc-milford-ct,unknown,unknown,Yes
https://junkyardsnearme.com/junkyards=&p=102?%2Fjunkyards=&p=103,unknown,unknown,Yes
https://junkyardsnearme.com/junkyards/kentucky/9999306-grade-a-allstate-auto-parts-bagdad-ky,unknown,unknown,Yes
https://junkyardsnearme.com/junkyards/washington/9997190-410-auto-wrecking-llc-buckley-wa,unknown,unknown,Yes
https://junkyardsnearme.com/junkyards/virginia/9997906-barnettes-remanufactured-engines-chesapeake-va,unknown,unknown,Yes
https://junkyardsnearme.com/junkyards/arkansas/9999741-j-b-s-auto-salvage-inc-jacksonville-ar,unknown,unknown,Yes
https://junkyardsnearme.com/junkyards/massachusetts/10000066-eds-scrap-metal-winchendon-ma,unknown,unknown,Yes
https://junkyardsnearme.com/junkyards/quebec/10001128-pieces-dautos-roussel-roberval-qc,unknown,unknown,Yes
https://junkyardsnearme.com/junkyards/connecticut/10000864-cash-for-cars-ct-new-haven-ct,unknown,unknown,Yes
https://junkyardsnearme.com/junkyards/texas/9997654-american-auto-salvage-nacogdoches-tx,unknown,unknown,Yes
https://junkyardsnearme.com/junkyards/washington=&p=8?%2Fjunkyards%2Fwashington=&p=9,unknown,unknown,Yes
https://junkyardsnearme.com/junkyards=&p=143?%2Fjunkyards=&p=144,unknown,unknown,Yes
https://junkyardsnearme.com/junkyards=&p=31?%2Fjunkyards=&p=32,unknown,unknown,Yes
https://junkyardsnearme.com/junkyards/washington/9997861-b-r-auto-wrecking-spanaway-wa,unknown,unknown,Yes
https://junkyardsnearme.com/junkyards=&p=83?%2Fjunkyards=&p=82,unknown,unknown,Yes
https://junkyardsnearme.com/junkyards/new-york/2865500-all-american-auto-wreckers-east-patchogue-ny,unknown,unknown,Yes
https://junkyardsnearme.com/junkyards/saskatchewan=&p=3,unknown,unknown,Yes
https://junkyardsnearme.com/junkyards/iowa/10002089-waterloo-auto-parts-waterloo-ia,unknown,unknown,Yes
https://junkyardsnearme.com/junkyards/california/6317777-rancho-toyota-truck-suv-recycling-rancho-cordova-ca,unknown,unknown,Yes
https://junkyardsnearme.com/junkyards/ohio=&p=15,unknown,unknown,Yes
https://junkyardsnearme.com/junkyards/ontario=&p=12?%2Fjunkyards%2Fontario=&p=13,unknown,unknown,Yes
https://junkyardsnearme.com/junkyards/illinois/8719548-harold-huffman-garage-clinton-il,unknown,unknown,Yes
https://junkyardsnearme.com/junkyards/michigan/9998744-discount-auto-salvage-springport-mi,unknown,unknown,Yes
https://junkyardsnearme.com/junkyards/tennessee/9999972-knox-auto-parts-of-nashville-la-vergne-tn,unknown,unknown,Yes
https://junkyardsnearme.com/junkyards/massachusetts/9999445-allied-recycling-center-inc-walpole-ma,unknown,unknown,Yes
https://junkyardsnearme.com/junkyards/pennsylvania/6362690-masley-auto-parts-freeland-pa,unknown,unknown,Yes
https://junkyardsnearme.com/junkyards/north-carolina/10000990-parker-motor-company-oakboro-nc,unknown,unknown,Yes
https://junkyardsnearme.com/junkyards/minnesota/10001190-pro-fast-auto-glenwood-mn,unknown,unknown,Yes
https://junkyardsnearme.com/junkyards/new-hampshire/9999816-johns-truck-auto-parts-kingston-nh,unknown,unknown,Yes
https://junkyardsnearme.com/junkyards/maine/9999626-copart-salvage-auto-auctions-alfred-me,unknown,unknown,Yes
https://junkyardsnearme.com/junkyards/new-york/9998461-atlantic-recycling-inc-ozone-park-ny,unknown,unknown,Yes
https://junkyardsnearme.com/junkyards=&p=262?%2Fjunkyards=&p=263,unknown,unknown,Yes
https://junkyardsnearme.com/junkyards/pennsylvania/3272303-turack-auto-parts-repair-export-pa,unknown,unknown,Yes
https://junkyardsnearme.com/junkyards=&p=367?%2Fjunkyards=&p=368,unknown,unknown,Yes
https://junkyardsnearme.com/junkyards=&p=360,unknown,unknown,Yes
https://junkyardsnearme.com/junkyards/georgia?%2Fjunkyards%2Fgeorgia=&p=2,unknown,unknown,Yes
https://junkyardsnearme.com/junkyards/arizona/2535111-arizona-auto-parts-phoenix-az,unknown,unknown,Yes
https://junkyardsnearme.com/junkyards/arizona=&p=1?%2Fjunkyards%2Farizona=&p=2,unknown,unknown,Yes
https://junkyardsnearme.com/junkyards/massachusetts/9999017-lkq-springfield-ma,unknown,unknown,Yes
https://junkyardsnearme.com/junkyards/minnesota/9998312-christys-auto-wrecking-new-london-mn,unknown,unknown,Yes
https://junkyardsnearme.com/junkyards/delaware/9997849-b-f-auto-parts-new-castle-de,unknown,unknown,Yes
https://junkyardsnearme.com/junkyards/virginia/9998552-cupp-all-parts-elkton-va,unknown,unknown,Yes
https://junkyardsnearme.com/junkyards/virginia/7364279-downtown-auto-parts-fredericksburg-va,unknown,unknown,Yes
https://junkyardsnearme.com/junkyards/florida/10002022-unlimited-used-auto-parts-opa-locka-fl,unknown,unknown,Yes
https://junkyardsnearme.com/junkyards/florida/5361921-starkeys-road-inc-auto-parts-largo-fl,unknown,unknown,Yes
https://junkyardsnearme.com/junkyards/massachusetts/9999515-lenox-junk-co-dorchester-ma,unknown,unknown,Yes
https://junkyardsnearme.com/junkyards/massachusetts=&p=2?%2Fjunkyards%2Fmassachusetts=&p=3,unknown,unknown,Yes
https://junkyardsnearme.com/junkyards/oklahoma/9997959-best-price-auto-salvage-oklahoma-city-ok,unknown,unknown,Yes
https://junkyardsnearme.com/junkyards=&p=66?%2Fjunkyards=&p=65,unknown,unknown,Yes
https://junkyardsnearme.com/junkyards/massachusetts/9998996-greenfield-auto-salvage-greenfield-ma,unknown,unknown,Yes
https://junkyardsnearme.com/junkyards/texas/9999746-j-g-metro-auto-parts-laredo-tx,unknown,unknown,Yes
https://junkyardsnearme.com/junkyards/missouri/9998156-busy-bee-auto-salvage-sales-harrisonville-mo,unknown,unknown,Yes
https://junkyardsnearme.com/junkyards/louisiana/10001888-tims-auto-salvage-ruston-la,unknown,unknown,Yes
https://junkyardsnearme.com/junkyards/new-jersey/10001625-harry-phils-auto-wrecking-paterson-nj,unknown,unknown,Yes
https://junkyardsnearme.com/junkyards/texas/9999099-flores-auto-wrecking-eagle-pass-tx,unknown,unknown,Yes
https://junkyardsnearme.com/junkyards/maine=&p=3?%2Fjunkyards%2Fmaine=&p=4,unknown,unknown,Yes
https://junkyardsnearme.com/junkyards=&p=511,unknown,unknown,Yes
https://junkyardsnearme.com/junkyards/mississippi/9998306-choice-auto-parts-recyclers-southaven-ms,unknown,unknown,Yes
https://junkyardsnearme.com/junkyards/idaho/10000231-lkq-savannah-garden-city-id,unknown,unknown,Yes
https://junkyardsnearme.com/junkyards/virginia/8544556-tonys-used-parts-rhoadesville-va,unknown,unknown,Yes
https://junkyardsnearme.com/junkyards=&p=293,unknown,unknown,Yes
https://junkyardsnearme.com/junkyards/connecticut/9999980-de-milo-co-hartford-ct,unknown,unknown,Yes
https://junkyardsnearme.com/junkyards/massachusetts/10000526-martin-honks-road-salvage-inc-amesbury-ma,unknown,unknown,Yes
https://junkyardsnearme.com/junkyards/new-york/10001075-gotcha-auto-inc-island-park-ny,unknown,unknown,Yes
https://junkyardsnearme.com/junkyards/georgia=&p=7,unknown,unknown,Yes
https://junkyardsnearme.com/junkyards/pennsylvania/7211946-kens-auto-osceola-pa,unknown,unknown,Yes
https://junkyardsnearme.com/junkyards=&p=359?%2Fjunkyards=&p=360,unknown,unknown,Yes
https://junkyardsnearme.com/junkyards=&p=413,unknown,unknown,Yes
https://junkyardsnearme.com/junkyards/texas/9999210-garys-classics-athens-tx,unknown,unknown,Yes
https://junkyardsnearme.com/junkyards/michigan/9998067-brewer-salvage-lansing-mi,unknown,unknown,Yes
https://junkyardsnearme.com/junkyards/florida/5688444-east-colonial-auto-parts-orlando-fl,unknown,unknown,Yes
https://junkyardsnearme.com/junkyards/south-carolina/7951590-james-island-auto-salvage-charleston-sc,unknown,unknown,Yes
https://junkyardsnearme.com/junkyards/massachusetts/10000081-aaa1-scrap-metal-mid-state-metal-recovery-llc-worcester-ma,unknown,unknown,Yes
https://junkyardsnearme.com/junkyards/maine/10000599-schnitzer-portland-me,unknown,unknown,Yes
https://junkyardsnearme.com/junkyards/florida/6657278-auto-parts-pros-lakeland-fl,unknown,unknown,Yes
https://junkyardsnearme.com/junkyards=&p=101?%2Fjunkyards=&p=100,unknown,unknown,Yes
https://junkyardsnearme.com/junkyards=&p=398,unknown,unknown,Yes
https://junkyardsnearme.com/junkyards/illinois/9997575-all-city-harvey-used-auto-parts-harvey-il,unknown,unknown,Yes
https://junkyardsnearme.com/junkyards/massachusetts/9998073-bridgewater-recycling-inc-bridgewater-ma,unknown,unknown,Yes
https://junkyardsnearme.com/junkyards/florida/10000956-oscar-used-auto-parts-tampa-fl,unknown,unknown,Yes
https://junkyardsnearme.com/junkyards/oklahoma/9997963-bethany-imports-oklahoma-city-ok,unknown,unknown,Yes
https://junkyardsnearme.com/junkyards/mississippi=&p=2?%2Fjunkyards%2Fmississippi=&p=1,unknown,unknown,Yes
https://junkyardsnearme.com/junkyards/pennsylvania/10001479-s-s-auto-salvage-johnstown-pa,unknown,unknown,Yes
https://junkyardsnearme.com/junkyards/florida/10001215-quarnos-auto-salvage-cocoa-fl,unknown,unknown,Yes
https://junkyardsnearme.com/junkyards=&p=214,unknown,unknown,Yes
https://junkyardsnearme.com/junkyards/florida/7541790-plant-city-auto-salvage-plant-city-fl,unknown,unknown,Yes
https://junkyardsnearme.com/junkyards/illinois/9997568-all-auto-parts-inc-rockford-il,unknown,unknown,Yes
https://junkyardsnearme.com/junkyards/illinois/7468056-b-c-automotive-inc-zion-il,unknown,unknown,Yes
https://junkyardsnearme.com/junkyards/maine/9999941-kirb-side-auto-salvage-old-orchard-beach-me,unknown,unknown,Yes
https://junkyardsnearme.com/junkyards/alabama/4927700-hokes-bluff-auto-parts-gadsden-al,unknown,unknown,Yes
https://junkyardsnearme.com/junkyards=&p=186,unknown,unknown,Yes
https://junkyardsnearme.com/junkyards=&p=284?%2Fjunkyards=&p=283,unknown,unknown,Yes
https://junkyardsnearme.com/junkyards/michigan/10001442-roverland-detroit-mi,unknown,unknown,Yes
https://junkyardsnearme.com/junkyards=&p=392?%2Fjunkyards=&p=393,unknown,unknown,Yes
https://junkyardsnearme.com/junkyards/massachusetts/10000480-junk-car-removal-now-taunton-ma,unknown,unknown,Yes
https://junkyardsnearme.com/junkyards/florida=&p=14?%2Fjunkyards%2Fflorida=&p=15,unknown,unknown,Yes
https://junkyardsnearme.com/junkyards/alberta/3283316-marshall-auto-wrecking-lethbridge-ab,unknown,unknown,Yes
https://junkyardsnearme.com/junkyards/colorado/9998303-chevytruck-parts-hudson-llc-hudson-co,unknown,unknown,Yes
https://junkyardsnearme.com/junkyards/north-carolina/5910453-g-n-used-auto-parts-rocky-mount-nc,unknown,unknown,Yes
https://junkyardsnearme.com/junkyards=&p=219,unknown,unknown,Yes
https://junkyardsnearme.com/junkyards/missouri,unknown,unknown,Yes
https://junkyardsnearme.com/junkyards/north-carolina=&p=2?%2Fjunkyards%2Fnorth-carolina=&p=1,unknown,unknown,Yes
https://junkyardsnearme.com/junkyards/connecticut/10000075-leblancs-auto-parts-norwalk-ct,unknown,unknown,Yes
https://junkyardsnearme.com/junkyards/oklahoma/6877381-poor-boy-salvage-muskogee-ok,unknown,unknown,Yes
https://junkyardsnearme.com/junkyards/utah=&p=5?%2Fjunkyards%2Futah=&p=4,unknown,unknown,Yes
https://junkyardsnearme.com/junkyards/oregon/9997227-a-g-auto-recycling-inc-creswell-or,unknown,unknown,Yes
https://junkyardsnearme.com/junkyards/ontario/9999788-jerusalem-auto-mississauga-on,unknown,unknown,Yes
https://junkyardsnearme.com/junkyards/maine/9999703-browns-exit-27-salvage-gardiner-me,unknown,unknown,Yes
https://junkyardsnearme.com/junkyards/massachusetts/9999285-grady-s-auto-parts-seekonk-ma,unknown,unknown,Yes
https://junkyardsnearme.com/junkyards/oregon=&p=7?%2Fjunkyards%2Foregon=&p=8,unknown,unknown,Yes
https://junkyardsnearme.com/junkyards/michigan/7751569-mega-auto-care-and-wholesale-detroit-mi,unknown,unknown,Yes
https://junkyardsnearme.com/junkyards=&p=522,unknown,unknown,Yes
https://junkyardsnearme.com/junkyards/new-york/9998472-nation-wide-used-auto-parts-central-valley-ny,unknown,unknown,Yes
https://junkyardsnearme.com/junkyards/new-jersey=&p=1,unknown,unknown,Yes
https://junkyardsnearme.com/junkyards/california/9228833-a-m-auto-dismantling-sacramento-ca,unknown,unknown,Yes
https://junkyardsnearme.com/junkyards/michigan=&p=2?%2Fjunkyards%2Fmichigan=&p=1,unknown,unknown,Yes
https://junkyardsnearme.com/junkyards/massachusetts/10000340-lawrence-auto-salvage-lawrence-ma,unknown,unknown,Yes
https://junkyardsnearme.com/junkyards=&p=151,unknown,unknown,Yes
https://junkyardsnearme.com/junkyards=&p=95,unknown,unknown,Yes
https://junkyardsnearme.com/junkyards/michigan/9999153-fredds-auto-salvage-saginaw-mi,unknown,unknown,Yes
https://junkyardsnearme.com/junkyards/indiana/10000184-lkq-indiana-plainfield-in,unknown,unknown,Yes
https://junkyardsnearme.com/junkyards/washington/9243300-spalding-auto-parts-spokane-wa,unknown,unknown,Yes
https://junkyardsnearme.com/junkyards=&p=299?%2Fjunkyards=&p=298,unknown,unknown,Yes
https://junkyardsnearme.com/junkyards/new-jersey/9999371-half-price-used-auto-parts-newark-nj,unknown,unknown,Yes
https://junkyardsnearme.com/junkyards/maine/9999706-maine-scrap-metals-bangor-me,unknown,unknown,Yes
https://junkyardsnearme.com/junkyards/michigan=&p=11,unknown,unknown,Yes
https://junkyardsnearme.com/junkyards/florida/9997807-auto-square-llc-tampa-fl,unknown,unknown,Yes
https://junkyardsnearme.com/junkyards/quebec/10001292-recycleur-duvernay-inc-laval-qc,unknown,unknown,Yes
https://junkyardsnearme.com/junkyards/missouri/9999367-h-w-auto-salvage-sales-springfield-mo,unknown,unknown,Yes
https://junkyardsnearme.com/junkyards/massachusetts/9999518-conway-scrap-metals-inc-whitman-ma,unknown,unknown,Yes
https://junkyardsnearme.com/junkyards=&p=126?%2Fjunkyards=&p=127,unknown,unknown,Yes
https://junkyardsnearme.com/junkyards=&p=436?%2Fjunkyards=&p=435,unknown,unknown,Yes
https://junkyardsnearme.com/junkyards/georgia=&p=5?%2Fjunkyards%2Fgeorgia=&p=6,unknown,unknown,Yes
https://junkyardsnearme.com/junkyards/california/9997220-a-a-self-serve-brentwood-ca,unknown,unknown,Yes
https://junkyardsnearme.com/junkyards/iowa/10001511-sandhill-auto-salvage-tama-ia,unknown,unknown,Yes
https://junkyardsnearme.com/junkyards/connecticut/9998447-connecticut-used-parts-auto-wrecking-waterbury-ct,unknown,unknown,Yes
https://junkyardsnearme.com/junkyards/ohio/9999725-j-j-auto-wrecking-marshallville-oh,unknown,unknown,Yes
https://junkyardsnearme.com/junkyards=&p=282?%2Fjunkyards=&p=281,unknown,unknown,Yes
https://junkyardsnearme.com/junkyards=&p=326?%2Fjunkyards=&p=327,unknown,unknown,Yes
https://junkyardsnearme.com/junkyards=&p=346,unknown,unknown,Yes
https://junkyardsnearme.com/junkyards/virginia/9999503-highway-motors-hampton-va,unknown,unknown,Yes
https://junkyardsnearme.com/junkyards/california=&p=23,unknown,unknown,Yes
https://junkyardsnearme.com/junkyards/michigan/10001882-tiger-auto-salvage-l-l-c-burton-mi,unknown,unknown,Yes
https://junkyardsnearme.com/junkyards/british-columbia=&p=4?%2Fjunkyards%2Fbritish-columbia=&p=3,unknown,unknown,Yes
https://junkyardsnearme.com/junkyards/colorado/9998712-denver-imports-aurora-co,unknown,unknown,Yes
https://junkyardsnearme.com/junkyards/texas/9997860-b-r-auto-parts-lubbock-tx,unknown,unknown,Yes
https://junkyardsnearme.com/junkyards/new-york/5499000-route-20-auto-parts-inc-angola-ny,unknown,unknown,Yes
https://junkyardsnearme.com/junkyards/wisconsin/6344594-hayward-auto-salvage-hayward-wi,unknown,unknown,Yes
https://junkyardsnearme.com/junkyards/virginia=&p=12?%2Fjunkyards%2Fvirginia=&p=13,unknown,unknown,Yes
https://junkyardsnearme.com/junkyards/pennsylvania/2255610-eichelbergers-u-pull-it-spring-grove-pa,unknown,unknown,Yes
https://junkyardsnearme.com/junkyards/vermont/10000722-jeffs-auto-salvage-milton-vt,unknown,unknown,Yes
https://junkyardsnearme.com/junkyards=&p=219?%2Fjunkyards=&p=220,unknown,unknown,Yes
https://junkyardsnearme.com/junkyards/california/4854949-acme-auto-wrecking-oxnard-ca,unknown,unknown,Yes
https://junkyardsnearme.com/junkyards/iowa/3150301-minivan-land-council-bluffs-ia,unknown,unknown,Yes
https://junkyardsnearme.com/junkyards/nevada/9997039-a-a-midwest-north-las-vegas-nv,unknown,unknown,Yes
https://junkyardsnearme.com/junkyards/wyoming/9999089-five-star-auto-truck-rock-springs-wy,unknown,unknown,Yes
https://junkyardsnearme.com/junkyards/pennsylvania=&p=11?%2Fjunkyards%2Fpennsylvania=&p=10,unknown,unknown,Yes
https://junkyardsnearme.com/junkyards/minnesota/9997405-aaa-auto-salvage-rosemount-mn,unknown,unknown,Yes
https://junkyardsnearme.com/junkyards/maine=&p=6?%2Fjunkyards%2Fmaine=&p=7,unknown,unknown,Yes
https://junkyardsnearme.com/junkyards/virginia=&p=4?%2Fjunkyards%2Fvirginia=&p=5,unknown,unknown,Yes
https://junkyardsnearme.com/junkyards/north-carolina/10001178-price-auto-parts-knightdale-nc,unknown,unknown,Yes
https://junkyardsnearme.com/junkyards=&p=152,unknown,unknown,Yes
https://junkyardsnearme.com/junkyards=&p=465?%2Fjunkyards=&p=466,unknown,unknown,Yes
https://junkyardsnearme.com/junkyards/pennsylvania/10001586-dons-automotive-mall-pennsburg-pa,unknown,unknown,Yes
https://junkyardsnearme.com/junkyards/michigan/6696592-petes-auto-truck-parts-inc-jenison-mi,unknown,unknown,Yes
https://junkyardsnearme.com/junkyards/pennsylvania/10000269-lucchetti-auto-north-kittanning-pa,unknown,unknown,Yes
https://junkyardsnearme.com/junkyards/new-hampshire=&p=9?%2Fjunkyards%2Fnew-hampshire=&p=8,unknown,unknown,Yes
https://junkyardsnearme.com/junkyards/west-virginia/9999724-j-j-auto-salvage-parts-charleston-wv,unknown,unknown,Yes
https://junkyardsnearme.com/junkyards/arkansas/7353763-bridgeport-auto-salvage-west-memphis-ar,unknown,unknown,Yes
https://junkyardsnearme.com/junkyards/utah/9998560-d-b-auto-parts-salvage-ogden-ut,unknown,unknown,Yes
https://junkyardsnearme.com/junkyards/oregon/5737260-b-s-auto-wecking-hines-or,unknown,unknown,Yes
https://junkyardsnearme.com/junkyards/minnesota/10001741-st-francis-auto-parts-saint-francis-mn,unknown,unknown,Yes
https://junkyardsnearme.com/junkyards/pennsylvania/9999146-frankies-used-auto-parts-gettysburg-pa,unknown,unknown,Yes
https://junkyardsnearme.com/junkyards/pennsylvania,unknown,unknown,Yes
https://junkyardsnearme.com/junkyards/georgia/9998419-coleman-auto-salvage-fayetteville-ga,unknown,unknown,Yes
https://junkyardsnearme.com/junkyards/california=&p=14,unknown,unknown,Yes
https://junkyardsnearme.com/junkyards/pennsylvania/9999799-jkls-auto-parts-service-telford-pa,unknown,unknown,Yes
https://junkyardsnearme.com/junkyards/california/6623171-m-m-salvage-inc-dba-west-coast-auto-dismantling-woodland-ca,unknown,unknown,Yes
https://junkyardsnearme.com/junkyards/california=&p=27?%2Fjunkyards%2Fcalifornia=&p=26,unknown,unknown,Yes
https://junkyardsnearme.com/junkyards/california/10000361-m-m-imports-fontana-ca,unknown,unknown,Yes
https://junkyardsnearme.com/junkyards/virginia/10000994-parts-unlimited-vinton-va,unknown,unknown,Yes
https://junkyardsnearme.com/junkyards/texas/9285933-mother-earth-mercedes-austin-tx,unknown,unknown,Yes
https://junkyardsnearme.com/junkyards/new-york/9998851-blue-star-brothers-auto-collision-brooklyn-ny,unknown,unknown,Yes
https://junkyardsnearme.com/junkyards=&p=378?%2Fjunkyards=&p=377,unknown,unknown,Yes
https://junkyardsnearme.com/junkyards=&p=248?%2Fjunkyards=&p=247,unknown,unknown,Yes
https://junkyardsnearme.com/junkyards/alberta,unknown,unknown,Yes
https://junkyardsnearme.com/junkyards/california/10000645-mills-auto-dismantling-san-bernardino-ca,unknown,unknown,Yes
https://junkyardsnearme.com/junkyards=&p=329,unknown,unknown,Yes
https://junkyardsnearme.com/junkyards/iowa/6641820-piper-auto-salvage-bloomfield-ia,unknown,unknown,Yes
https://junkyardsnearme.com/junkyards/california/9999163-freitas-auto-wrecker-merced-ca,unknown,unknown,Yes
https://junkyardsnearme.com/junkyards/new-jersey/9998594-prices-auto-recyclers-inc-new-egypt-nj,unknown,unknown,Yes
https://junkyardsnearme.com/junkyards/alberta/9997551-alberta-auto-wreckers-redcliff-ab,unknown,unknown,Yes
https://junkyardsnearme.com/junkyards/california/9998558-cypress-auto-salvage-oakland-ca,unknown,unknown,Yes
https://junkyardsnearme.com/junkyards=&p=404,unknown,unknown,Yes
https://junkyardsnearme.com/junkyards/utah/9998521-crabtree-auto-ogden-ut,unknown,unknown,Yes
https://junkyardsnearme.com/junkyards/california/10000232-lkq-select-auto-truck-redding-ca,unknown,unknown,Yes
https://junkyardsnearme.com/junkyards=&p=260?%2Fjunkyards=&p=261,unknown,unknown,Yes
https://junkyardsnearme.com/junkyards/alabama/10000832-north-parkway-auto-salvage-meridianville-al,unknown,unknown,Yes
https://junkyardsnearme.com/junkyards/ohio/10000931-ohio-auto-salvage-columbiana-oh,unknown,unknown,Yes
https://junkyardsnearme.com/junkyards/illinois/10001510-san-pancho-auto-parts-chicago-il,unknown,unknown,Yes
https://junkyardsnearme.com/junkyards/wisconsin/9999757-jahnke-auto-parts-menasha-wi,unknown,unknown,Yes
https://junkyardsnearme.com/junkyards=&p=162,unknown,unknown,Yes
https://junkyardsnearme.com/junkyards/west-virginia/3667998-pick-up-city-inc-fairmont-wv,unknown,unknown,Yes
https://junkyardsnearme.com/junkyards/oregon/9998567-d-l-truck-parts-junction-city-or,unknown,unknown,Yes
https://junkyardsnearme.com/junkyards=&p=211?%2Fjunkyards=&p=212,unknown,unknown,Yes
https://junkyardsnearme.com/junkyards=&p=94?%2Fjunkyards=&p=93,unknown,unknown,Yes
https://junkyardsnearme.com/junkyards=&p=321,unknown,unknown,Yes
https://junkyardsnearme.com/junkyards/florida/5653900-rays-auto-parts-oakland-park-fl,unknown,unknown,Yes
https://junkyardsnearme.com/junkyards=&p=177?%2Fjunkyards=&p=178,unknown,unknown,Yes
https://junkyardsnearme.com/junkyards/new-jersey/9998595-absolute-auto-truck-salvage-co-middlesex-nj,unknown,unknown,Yes
https://junkyardsnearme.com/junkyards/alberta/9997554-aldon-auto-salvage-lamont-ab,unknown,unknown,Yes
https://junkyardsnearme.com/junkyards/massachusetts/10000337-m-s-metals-co-chelsea-ma,unknown,unknown,Yes
https://junkyardsnearme.com/junkyards=&p=447,unknown,unknown,Yes
https://junkyardsnearme.com/junkyards/alaska/9997479-action-auto-parts-glass-alaska-fairbanks-ak,unknown,unknown,Yes
https://junkyardsnearme.com/junkyards/tennessee/10001850-tates-auto-salvage-oak-ridge-tn,unknown,unknown,Yes
https://junkyardsnearme.com/junkyards=&p=504?%2Fjunkyards=&p=505,unknown,unknown,Yes
https://junkyardsnearme.com/junkyards=&p=324,unknown,unknown,Yes
https://junkyardsnearme.com/junkyards=&p=447?%2Fjunkyards=&p=446,unknown,unknown,Yes
https://junkyardsnearme.com/junkyards/utah=&p=4,unknown,unknown,Yes
https://junkyardsnearme.com/junkyards=&p=320?%2Fjunkyards=&p=321,unknown,unknown,Yes
https://junkyardsnearme.com/junkyards/colorado/9999328-green-earth-automotive-recycling-salvage-aguilar-co,unknown,unknown,Yes
https://junkyardsnearme.com/junkyards/arizona/9396555-champion-auto-and-truck-recyclers-glendale-az,unknown,unknown,Yes
https://junkyardsnearme.com/junkyards=&p=500?%2Fjunkyards=&p=499,unknown,unknown,Yes
https://junkyardsnearme.com/junkyards/washington/10000821-nob-hill-auto-wrecking-yakima-wa,unknown,unknown,Yes
https://junkyardsnearme.com/junkyards/pennsylvania/4591415-hazle-used-auto-parts-inc-hazleton-pa,unknown,unknown,Yes
https://junkyardsnearme.com/junkyards/connecticut=&p=7,unknown,unknown,Yes
https://junkyardsnearme.com/junkyards/utah/5612221-all-small-auto-wrecking-midvale-ut,unknown,unknown,Yes
https://junkyardsnearme.com/junkyards/new-jersey=&p=2?%2Fjunkyards%2Fnew-jersey=&p=3,unknown,unknown,Yes
https://junkyardsnearme.com/junkyards/west-virginia/9998940-elk-valley-salvage-l-l-c-sutton-wv,unknown,unknown,Yes
https://junkyardsnearme.com/junkyards=&p=246,unknown,unknown,Yes
https://junkyardsnearme.com/junkyards/california/9998494-cordova-auto-parts-rancho-cordova-ca,unknown,unknown,Yes
https://junkyardsnearme.com/junkyards/ontario=&p=7?%2Fjunkyards%2Fontario=&p=6,unknown,unknown,Yes
https://junkyardsnearme.com/junkyards/saskatchewan/9999973-koopmans-auto-body-shop-north-battleford-sk,unknown,unknown,Yes
https://junkyardsnearme.com/junkyards/michigan/10000723-motoparts-inc-detroit-mi,unknown,unknown,Yes
https://junkyardsnearme.com/junkyards/washington/5862579-dans-garage-kennewick-wa,unknown,unknown,Yes
https://junkyardsnearme.com/junkyards/massachusetts/10000490-m-v-auto-salvage-oak-bluffs-ma,unknown,unknown,Yes
https://junkyardsnearme.com/junkyards/florida/9999795-jims-import-auto-salvage-sebring-fl,unknown,unknown,Yes
https://junkyardsnearme.com/junkyards=&p=407?%2Fjunkyards=&p=406,unknown,unknown,Yes
https://junkyardsnearme.com/junkyards/arkansas=&p=3?%2Fjunkyards%2Farkansas=&p=4,unknown,unknown,Yes
https://junkyardsnearme.com/junkyards/south-carolina/9997891-baker-truck-parts-greenville-sc,unknown,unknown,Yes
https://junkyardsnearme.com/junkyards=&p=442?%2Fjunkyards=&p=441,unknown,unknown,Yes
https://junkyardsnearme.com/junkyards/kentucky/9997978-big-country-auto-salvage-mammoth-cave-ky,unknown,unknown,Yes
https://junkyardsnearme.com/junkyards/massachusetts/9999213-jeffs-removal-recycling-co-hanover-ma,unknown,unknown,Yes
https://junkyardsnearme.com/junkyards/ohio/9997181-route-306-auto-parts-novelty-oh,unknown,unknown,Yes
https://junkyardsnearme.com/junkyards/oregon/9999183-g-r-auto-wreckers-troutdale-or,unknown,unknown,Yes
https://junkyardsnearme.com/junkyards/virginia/10000789-nelson-auto-salvage-bassett-va,unknown,unknown,Yes
https://junkyardsnearme.com/junkyards/connecticut=&p=8?%2Fjunkyards%2Fconnecticut=&p=7,unknown,unknown,Yes
https://junkyardsnearme.com/junkyards=&p=206?%2Fjunkyards=&p=207,unknown,unknown,Yes
https://junkyardsnearme.com/junkyards=&p=73?%2Fjunkyards=&p=74,unknown,unknown,Yes
https://junkyardsnearme.com/junkyards/california/9250458-subway-truck-parts-inc-sacramento-ca,unknown,unknown,Yes
https://junkyardsnearme.com/junkyards/vermont/10000303-brattleboro-salvage-inc-brattleboro-vt,unknown,unknown,Yes
https://junkyardsnearme.com/junkyards/california/10001039-phelps-auto-wreckers-san-leandro-ca,unknown,unknown,Yes
https://junkyardsnearme.com/junkyards=&p=241?%2Fjunkyards=&p=240,unknown,unknown,Yes
https://junkyardsnearme.com/junkyards/pennsylvania/10001526-saxonburg-boulevard-auto-parts-saxonburg-pa,unknown,unknown,Yes
https://junkyardsnearme.com/junkyards/georgia/10000450-mcdonough-used-auto-parts-south-forsyth-ga,unknown,unknown,Yes
https://junkyardsnearme.com/junkyards=&p=195?%2Fjunkyards=&p=194,unknown,unknown,Yes
https://junkyardsnearme.com/junkyards/utah/9997261-a-partsmart-inc-salt-lake-city-ut,unknown,unknown,Yes
https://junkyardsnearme.com/junkyards/california/9999109-ford-only-wilmington-ca,unknown,unknown,Yes
https://junkyardsnearme.com/junkyards/colorado=&p=3?%2Fjunkyards%2Fcolorado=&p=4,unknown,unknown,Yes
https://junkyardsnearme.com/junkyards=&p=259?%2Fjunkyards=&p=258,unknown,unknown,Yes
https://junkyardsnearme.com/junkyards/maine/10000702-kennebec-scrap-inc-oakland-me,unknown,unknown,Yes
https://junkyardsnearme.com/junkyards/connecticut=&p=4?%2Fjunkyards%2Fconnecticut=&p=5,unknown,unknown,Yes
https://junkyardsnearme.com/junkyards/california/9634240-junk-a-car-san-francisco-ca,unknown,unknown,Yes
https://junkyardsnearme.com/junkyards/wisconsin/10000129-lima-auto-parts-sheboygan-falls-wi,unknown,unknown,Yes
https://junkyardsnearme.com/junkyards=&p=82?%2Fjunkyards=&p=81,unknown,unknown,Yes
https://junkyardsnearme.com/junkyards/ohio/9997192-four-twenty-two-auto-wrecking-warren-oh,unknown,unknown,Yes
https://junkyardsnearme.com/junkyards/colorado/4264014-jims-used-toyota-truck-parts-denver-co,unknown,unknown,Yes
https://junkyardsnearme.com/junkyards/michigan=&p=10,unknown,unknown,Yes
https://junkyardsnearme.com/junkyards/tennessee/8794457-garys-auto-salvage-jamestown-tn,unknown,unknown,Yes
https://junkyardsnearme.com/junkyards/florida=&p=26,unknown,unknown,Yes
https://junkyardsnearme.com/junkyards/california/10001264-rancho-cpd-rancho-cordova-ca,unknown,unknown,Yes
https://junkyardsnearme.com/junkyards/north-carolina=&p=8,unknown,unknown,Yes
https://junkyardsnearme.com/junkyards/british-columbia/5805111-pro-auto-recyclers-of-surrey-surrey-bc,unknown,unknown,Yes
https://junkyardsnearme.com/junkyards/pennsylvania/9999774-jc-auto-salvage-philadelphia-pa,unknown,unknown,Yes
https://junkyardsnearme.com/junkyards/ontario/4261313-mathews-auto-recyclers-beaverton-on,unknown,unknown,Yes
https://junkyardsnearme.com/junkyards/connecticut,unknown,unknown,Yes
https://junkyardsnearme.com/junkyards/texas/10000170-lkq-el-paso-el-paso-tx,unknown,unknown,Yes
https://junkyardsnearme.com/junkyards/massachusetts=&p=3?%2Fjunkyards%2Fmassachusetts=&p=2,unknown,unknown,Yes
https://junkyardsnearme.com/junkyards/new-hampshire/10000580-chapman-container-trailer-gorham-nh,unknown,unknown,Yes
https://junkyardsnearme.com/junkyards=&p=184,unknown,unknown,Yes
https://junkyardsnearme.com/junkyards/maryland/10001373-ripples-service-upper-marlboro-md,unknown,unknown,Yes
https://junkyardsnearme.com/junkyards/michigan/9997658-american-auto-clinton-township-mi,unknown,unknown,Yes
https://junkyardsnearme.com/junkyards/tennessee=&p=5?%2Fjunkyards%2Ftennessee=&p=6,unknown,unknown,Yes
https://junkyardsnearme.com/junkyards=&p=501?%2Fjunkyards=&p=502,unknown,unknown,Yes
https://junkyardsnearme.com/junkyards/massachusetts=&p=5,unknown,unknown,Yes
https://junkyardsnearme.com/junkyards/pennsylvania/10000764-my-auto-store-philadelphia-pa,unknown,unknown,Yes
https://junkyardsnearme.com/junkyards/california/10001181-pride-auto-wrecking-sales-sun-valley-ca,unknown,unknown,Yes
https://junkyardsnearme.com/junkyards/massachusetts/10000479-chic-salvage-bryantville-ma,unknown,unknown,Yes
https://junkyardsnearme.com/junkyards/vermont=&p=2?%2Fjunkyards%2Fvermont=&p=3,unknown,unknown,Yes
https://junkyardsnearme.com/junkyards/south-dakota/10001005-parts-world-mitchell-sd,unknown,unknown,Yes
https://junkyardsnearme.com/junkyards/michigan=&p=19,unknown,unknown,Yes
https://junkyardsnearme.com/junkyards/new-york/9998853-brighton-collision-brooklyn-ny,unknown,unknown,Yes
https://junkyardsnearme.com/junkyards/florida/10001790-sughaisa-cp-auto-parts-opa-locka-fl,unknown,unknown,Yes
https://junkyardsnearme.com/junkyards/oklahoma?%2Fjunkyards%2Foklahoma=&p=2,unknown,unknown,Yes
https://junkyardsnearme.com/junkyards/california/9999833-jr-auto-salvage-san-bernardino-ca,unknown,unknown,Yes
https://junkyardsnearme.com/junkyards/connecticut/9999976-h-c-scrap-metals-bridgeport-ct,unknown,unknown,Yes
https://junkyardsnearme.com/junkyards=&p=412,unknown,unknown,Yes
https://junkyardsnearme.com/junkyards/virginia/9998749-discount-used-auto-parts-newport-news-va,unknown,unknown,Yes
https://junkyardsnearme.com/junkyards/florida/4352983-university-auto-recyclers-pensacola-fl,unknown,unknown,Yes
https://junkyardsnearme.com/junkyards/ontario/9999884-kap-collision-autoglass-kapuskasing-on,unknown,unknown,Yes
https://junkyardsnearme.com/junkyards/minnesota/9997744-atlas-u-pull-used-auto-parts-saint-paul-mn,unknown,unknown,Yes
https://junkyardsnearme.com/junkyards/new-york/9998168-c-h-salvage-corp-campbell-hall-ny,unknown,unknown,Yes
https://junkyardsnearme.com/junkyards/washington/9997682-anderson-auto-wrecking-walla-walla-wa,unknown,unknown,Yes
https://junkyardsnearme.com/junkyards/north-carolina/9997740-atlantic-auto-parts-newport-nc,unknown,unknown,Yes
https://junkyardsnearme.com/junkyards/north-carolina/10001772-stewarts-salvage-wrecker-stony-point-nc,unknown,unknown,Yes
https://junkyardsnearme.com/junkyards=&p=410,unknown,unknown,Yes
https://junkyardsnearme.com/junkyards/ontario=&p=12?%2Fjunkyards%2Fontario=&p=11,unknown,unknown,Yes
https://junkyardsnearme.com/junkyards/florida/10001841-tampa-used-auto-parts-tampa-fl,unknown,unknown,Yes
https://junkyardsnearme.com/junkyards/michigan/6548273-stoney-creek-auto-inc-carleton-mi,unknown,unknown,Yes
https://junkyardsnearme.com/junkyards/new-york/9998139-buffalo-auto-wrecking-buffalo-ny,unknown,unknown,Yes
https://junkyardsnearme.com/junkyards=&p=77?%2Fjunkyards=&p=78,unknown,unknown,Yes
https://junkyardsnearme.com/junkyards=&p=86?%2Fjunkyards=&p=87,unknown,unknown,Yes
https://junkyardsnearme.com/junkyards=&p=275?%2Fjunkyards=&p=274,unknown,unknown,Yes
https://junkyardsnearme.com/junkyards/washington/9998137-budget-truck-wrecking-auburn-wa,unknown,unknown,Yes
https://junkyardsnearme.com/junkyards/oklahoma/9998214-car-bonz-salvage-sales-mcalester-ok,unknown,unknown,Yes
https://junkyardsnearme.com/junkyards/michigan/9998299-chesaning-auto-recyclers-chesaning-mi,unknown,unknown,Yes
https://junkyardsnearme.com/junkyards/ontario/9997501-advanced-auto-parts-salvage-no-us-shipping-exeter-on,unknown,unknown,Yes
https://junkyardsnearme.com/junkyards/ohio/9999888-kashs-auto-wrecking-cleveland-oh,unknown,unknown,Yes
https://junkyardsnearme.com/junkyards/wyoming/7492242-black-hills-antique-parts-newcastle-wy,unknown,unknown,Yes
https://junkyardsnearme.com/junkyards/kentucky/9999783-jeffries-auto-salvage-horse-cave-ky,unknown,unknown,Yes
https://junkyardsnearme.com/junkyards/rhode-island=&p=4?%2Fjunkyards%2Frhode-island=&p=3,unknown,unknown,Yes
https://junkyardsnearme.com/junkyards/quebec/10001116-pieces-dauto-miron-sainte-marthe-sur-le-lac-qc,unknown,unknown,Yes
https://junkyardsnearme.com/junkyards/rhode-island/9997947-bernards-auto-parts-north-smithfield-ri,unknown,unknown,Yes
https://junkyardsnearme.com/junkyards/tennessee=&p=13,unknown,unknown,Yes
https://junkyardsnearme.com/junkyards/tennessee/5975465-westside-auto-salvage-smithville-tn,unknown,unknown,Yes
https://junkyardsnearme.com/junkyards/florida/10001508-san-jose-used-auto-parts-hialeah-fl,unknown,unknown,Yes
https://junkyardsnearme.com/junkyards=&p=249?%2Fjunkyards=&p=250,unknown,unknown,Yes
https://junkyardsnearme.com/junkyards/louisiana=&p=2,unknown,unknown,Yes
https://junkyardsnearme.com/junkyards/michigan=&p=22?%2Fjunkyards%2Fmichigan=&p=23,unknown,unknown,Yes
https://junkyardsnearme.com/junkyards/utah/7680200-transwest-auto-and-truck-parts-lehi-ut,unknown,unknown,Yes
https://junkyardsnearme.com/junkyards/michigan=&p=5,unknown,unknown,Yes
https://junkyardsnearme.com/junkyards/colorado/2989999-mile-high-truck-parts-denver-co,unknown,unknown,Yes
https://junkyardsnearme.com/junkyards=&p=288,unknown,unknown,Yes
https://junkyardsnearme.com/junkyards/virginia=&p=11?%2Fjunkyards%2Fvirginia=&p=12,unknown,unknown,Yes
https://junkyardsnearme.com/junkyards/kansas/2630099-a-a-auto-truck-salvage-wichita-ks,unknown,unknown,Yes
https://junkyardsnearme.com/junkyards/manitoba/10000139-lkq-action-recycled-auto-parts-springfield-mb,unknown,unknown,Yes
https://junkyardsnearme.com/junkyards/california/6387575-specialized-parts-planet-dba-specialized-british-recycling-rancho-cordova-ca,unknown,unknown,Yes
https://junkyardsnearme.com/junkyards/texas/6975511-auto-comp-technologies-houston-tx,unknown,unknown,Yes
https://junkyardsnearme.com/junkyards/ohio/9997514-affordable-auto-parts-salvage-ashtabula-oh,unknown,unknown,Yes
https://junkyardsnearme.com/junkyards/massachusetts/9998979-eastern-vehicle-recycling-springfield-ma,unknown,unknown,Yes
https://junkyardsnearme.com/junkyards/new-jersey/10001101-bayway-scrap-metal-elizabeth-nj,unknown,unknown,Yes
https://junkyardsnearme.com/junkyards/illinois/10001493-sals-exports-leland-il,unknown,unknown,Yes
https://junkyardsnearme.com/junkyards/mississippi,unknown,unknown,Yes
https://junkyardsnearme.com/junkyards=&p=515,unknown,unknown,Yes
https://junkyardsnearme.com/junkyards/connecticut/9998705-demilo-used-auto-parts-co-hartford-ct,unknown,unknown,Yes
https://junkyardsnearme.com/junkyards/minnesota=&p=2?%2Fjunkyards%2Fminnesota=&p=3,unknown,unknown,Yes
https://junkyardsnearme.com/junkyards/michigan=&p=17,unknown,unknown,Yes
https://junkyardsnearme.com/junkyards/michigan/10000667-modern-auto-parts-wayne-mi,unknown,unknown,Yes
https://junkyardsnearme.com/junkyards/missouri/10000177-lkq-radiator-works-joplin-mo,unknown,unknown,Yes
https://junkyardsnearme.com/junkyards/massachusetts/5372420-e-t-cote-son-auto-exchange-inc-leominster-ma,unknown,unknown,Yes
https://junkyardsnearme.com/junkyards/missouri/9998640-davis-auto-wrecking-sales-independence-mo,unknown,unknown,Yes
https://junkyardsnearme.com/junkyards/pennsylvania/6380777-mustang-stables-bensalem-pa,unknown,unknown,Yes
https://junkyardsnearme.com/junkyards=&p=171,unknown,unknown,Yes
https://junkyardsnearme.com/junkyards=&p=31,unknown,unknown,Yes
https://junkyardsnearme.com/junkyards/washington/7431111-lynnwood-auto-wreckers-inc-lynnwood-wa,unknown,unknown,Yes
https://junkyardsnearme.com/junkyards/florida/9998141-buggy-doctor-miami-fl,unknown,unknown,Yes
https://junkyardsnearme.com/junkyards/maine/10000603-grimmels-industries-topsham-me,unknown,unknown,Yes
https://junkyardsnearme.com/junkyards/british-columbia=&p=2?%2Fjunkyards%2Fbritish-columbia=&p=1,unknown,unknown,Yes
https://junkyardsnearme.com/junkyards/california/1919191-interstate-used-parts-for-vws-lake-elsinore-ca,unknown,unknown,Yes
https://junkyardsnearme.com/junkyards/british-columbia/10001187-prince-george-auto-wrecking-prince-george-bc,unknown,unknown,Yes
https://junkyardsnearme.com/junkyards=&p=445?%2Fjunkyards=&p=444,unknown,unknown,Yes
https://junkyardsnearme.com/junkyards/georgia/4752662-english-swedish-spares-alpharetta-ga,unknown,unknown,Yes
https://junkyardsnearme.com/junkyards=&p=281?%2Fjunkyards=&p=280,unknown,unknown,Yes
https://junkyardsnearme.com/junkyards/ohio/8322853-howards-auto-parts-grand-rapids-oh,unknown,unknown,Yes
https://junkyardsnearme.com/junkyards/quebec/10001136-pieces-dautos-tourville-drummondville-qc,unknown,unknown,Yes
https://junkyardsnearme.com/junkyards/north-carolina/9999753-jackson-auto-salvage-raleigh-nc,unknown,unknown,Yes
https://junkyardsnearme.com/junkyards/quebec=&p=4,unknown,unknown,Yes
https://junkyardsnearme.com/junkyards=&p=290?%2Fjunkyards=&p=291,unknown,unknown,Yes
https://junkyardsnearme.com/junkyards/california/9997563-all-american-truck-auto-parts-fresno-ca,unknown,unknown,Yes
https://junkyardsnearme.com/junkyards/washington=&p=8?%2Fjunkyards%2Fwashington=&p=7,unknown,unknown,Yes
https://junkyardsnearme.com/junkyards/california/9997898-bap-dismantling-llc-rancho-cordova-ca,unknown,unknown,Yes
https://junkyardsnearme.com/junkyards/oregon=&p=4,unknown,unknown,Yes
https://junkyardsnearme.com/junkyards/new-york/9999391-harmony-auto-parts-ashville-ny,unknown,unknown,Yes
https://junkyardsnearme.com/junkyards=&p=485,unknown,unknown,Yes
https://junkyardsnearme.com/junkyards/michigan/10001535-schram-auto-truck-store-99-waterford-mi,unknown,unknown,Yes
https://junkyardsnearme.com/junkyards/new-york/10000378-m-m-u-pull-it-buffalo-ny,unknown,unknown,Yes
https://junkyardsnearme.com/junkyards=&p=439?%2Fjunkyards=&p=438,unknown,unknown,Yes
https://junkyardsnearme.com/junkyards/new-jersey/10001381-a-b-scrap-co-paterson-nj,unknown,unknown,Yes
https://junkyardsnearme.com/junkyards=&p=383?%2Fjunkyards=&p=384,unknown,unknown,Yes
https://junkyardsnearme.com/junkyards/utah/10001466-russ-european-only-orem-ut,unknown,unknown,Yes
https://junkyardsnearme.com/junkyards/utah/4474700-corvette-recycling-farmington-ut,unknown,unknown,Yes
https://junkyardsnearme.com/junkyards/maine=&p=6,unknown,unknown,Yes
https://junkyardsnearme.com/junkyards=&p=283,unknown,unknown,Yes
https://junkyardsnearme.com/junkyards/new-jersey=&p=7?%2Fjunkyards%2Fnew-jersey=&p=8,unknown,unknown,Yes
https://junkyardsnearme.com/junkyards/california=&p=26?%2Fjunkyards%2Fcalifornia=&p=27,unknown,unknown,Yes
https://junkyardsnearme.com/junkyards=&p=120,unknown,unknown,Yes
https://junkyardsnearme.com/junkyards/north-carolina/9997177-216-reliable-auto-parts-kings-mountain-nc,unknown,unknown,Yes
https://junkyardsnearme.com/junkyards=&p=2,unknown,unknown,Yes
https://junkyardsnearme.com/junkyards/georgia=&p=2?%2Fjunkyards%2Fgeorgia=&p=1,unknown,unknown,Yes
https://junkyardsnearme.com/junkyards/maryland/2940000-europarts-express-jessup-md,unknown,unknown,Yes
https://junkyardsnearme.com/junkyards=&p=405,unknown,unknown,Yes
https://junkyardsnearme.com/junkyards/california/9844134-big-three-auto-dismantling-recycling-ontario-ca,unknown,unknown,Yes
https://junkyardsnearme.com/junkyards/new-jersey/9997675-amigo-used-auto-parts-newark-nj,unknown,unknown,Yes
https://junkyardsnearme.com/junkyards/virginia=&p=8?%2Fjunkyards%2Fvirginia=&p=7,unknown,unknown,Yes
https://junkyardsnearme.com/junkyards=&p=339,unknown,unknown,Yes
https://junkyardsnearme.com/junkyards/arkansas/9999648-highway-5-auto-salvage-little-rock-ar,unknown,unknown,Yes
https://junkyardsnearme.com/junkyards/florida/9999348-gs-auto-parts-orlando-fl,unknown,unknown,Yes
https://junkyardsnearme.com/junkyards=&p=191?%2Fjunkyards=&p=190,unknown,unknown,Yes
https://junkyardsnearme.com/junkyards/iowa/4467141-duffield-auto-salvage-atkins-ia,unknown,unknown,Yes
https://junkyardsnearme.com/junkyards/michigan/6942154-schram-auto-parts-mason-mi,unknown,unknown,Yes
https://junkyardsnearme.com/junkyards/louisiana=&p=4,unknown,unknown,Yes
https://junkyardsnearme.com/junkyards/maine=&p=3,unknown,unknown,Yes
https://junkyardsnearme.com/junkyards/north-carolina/10000263-louia-motor-company-lexington-nc,unknown,unknown,Yes
https://junkyardsnearme.com/junkyards=&p=325?%2Fjunkyards=&p=326,unknown,unknown,Yes
https://junkyardsnearme.com/junkyards/iowa/9998254-cc-recycling-cedar-rapids-ia,unknown,unknown,Yes
https://junkyardsnearme.com/junkyards/saskatchewan/10001310-regina-certified-auto-recycling-regina-sk,unknown,unknown,Yes
https://junkyardsnearme.com/junkyards/rhode-island/10000141-lkq-advanced-auto-recycling-cumberland-ri,unknown,unknown,Yes
https://junkyardsnearme.com/junkyards/saskatchewan=&p=1,unknown,unknown,Yes
https://junkyardsnearme.com/junkyards=&p=498,unknown,unknown,Yes
https://junkyardsnearme.com/junkyards/new-hampshire=&p=3,unknown,unknown,Yes
https://junkyardsnearme.com/junkyards/massachusetts/10000071-beaupre-francis-sterling-ma,unknown,unknown,Yes
https://junkyardsnearme.com/junkyards/florida/9998294-chavez-used-auto-parts-miami-fl,unknown,unknown,Yes
https://junkyardsnearme.com/junkyards/ohio/10001236-r-r-salvage-storage-maple-heights-oh,unknown,unknown,Yes
https://junkyardsnearme.com/junkyards/new-york/9998374-olde-good-things-new-york-ny,unknown,unknown,Yes
https://junkyardsnearme.com/junkyards/pennsylvania=&p=2,unknown,unknown,Yes
https://junkyardsnearme.com/junkyards/montana?%2Fjunkyards%2Fmontana=&p=2,unknown,unknown,Yes
https://junkyardsnearme.com/junkyards=&p=406?%2Fjunkyards=&p=405,unknown,unknown,Yes
https://junkyardsnearme.com/junkyards/virginia/10000749-mullins-used-auto-parts-roanoke-va,unknown,unknown,Yes
https://junkyardsnearme.com/junkyards/ohio=&p=8?%2Fjunkyards%2Fohio=&p=7,unknown,unknown,Yes
https://junkyardsnearme.com/junkyards=&p=491?%2Fjunkyards=&p=492,unknown,unknown,Yes
https://junkyardsnearme.com/junkyards=&p=186?%2Fjunkyards=&p=185,unknown,unknown,Yes
https://junkyardsnearme.com/junkyards/maine/10000593-gallants-auto-salvage-inc-north-yarmouth-me,unknown,unknown,Yes
https://junkyardsnearme.com/junkyards/alberta/9999373-halls-auto-truck-parts-fort-saskatchewan-ab,unknown,unknown,Yes
https://junkyardsnearme.com/junkyards/pennsylvania/10000368-m-r-motors-walnutport-pa,unknown,unknown,Yes
https://junkyardsnearme.com/junkyards/missouri/10000726-mott-auto-salvage-lebanon-mo,unknown,unknown,Yes
https://junkyardsnearme.com/junkyards/virginia/10001856-teds-auto-salvage-richmond-va,unknown,unknown,Yes
https://junkyardsnearme.com/junkyards/arkansas/10000225-lkq-preferred-conway-ar,unknown,unknown,Yes
https://junkyardsnearme.com/junkyards/michigan/10001454-rpm-wholesale-auto-parts-flint-mi,unknown,unknown,Yes
https://junkyardsnearme.com/junkyards=&p=402?%2Fjunkyards=&p=403,unknown,unknown,Yes
https://junkyardsnearme.com/junkyards/ohio/4767222-cherry-auto-parts-toledo-oh,unknown,unknown,Yes
https://junkyardsnearme.com/junkyards/georgia=&p=8?%2Fjunkyards%2Fgeorgia=&p=7,unknown,unknown,Yes
https://junkyardsnearme.com/junkyards/mississippi/10001898-tolbert-enterprises-inc-union-ms,unknown,unknown,Yes
https://junkyardsnearme.com/junkyards=&p=405?%2Fjunkyards=&p=406,unknown,unknown,Yes
https://junkyardsnearme.com/junkyards/connecticut/10000753-jimmys-recycling-bristol-ct,unknown,unknown,Yes
https://junkyardsnearme.com/junkyards/florida/9998847-asap-towing-and-storage-jacksonville-fl,unknown,unknown,Yes
https://junkyardsnearme.com/junkyards=&p=118?%2Fjunkyards=&p=119,unknown,unknown,Yes
https://junkyardsnearme.com/junkyards/new-jersey/9998684-dottinos-used-parts-co-north-bergen-nj,unknown,unknown,Yes
https://junkyardsnearme.com/junkyards/new-york/10001078-copart-salvage-auto-auctions-brookhaven-ny,unknown,unknown,Yes
https://junkyardsnearme.com/junkyards/pennsylvania/10001195-prospect-used-auto-parts-new-oxford-pa,unknown,unknown,Yes
https://junkyardsnearme.com/junkyards/arkansas/7413500-yeager-auto-salvage-inc-harrison-ar,unknown,unknown,Yes
https://junkyardsnearme.com/junkyards/maine/9999716-demo-salvage-baileyville-me,unknown,unknown,Yes
https://junkyardsnearme.com/junkyards/new-york/10000009-lake-auto-parts-ballston-lake-ny,unknown,unknown,Yes
https://junkyardsnearme.com/junkyards/pennsylvania/9998822-east-end-auto-parts-altoona-pa,unknown,unknown,Yes
https://junkyardsnearme.com/junkyards/oregon/6538181-oregon-auto-wrecking-portland-or,unknown,unknown,Yes
https://junkyardsnearme.com/junkyards/pennsylvania/9998965-essington-avenue-auto-parts-philadelphia-pa,unknown,unknown,Yes
https://junkyardsnearme.com/junkyards/connecticut/6289684-chuck-eddies-quality-used-auto-parts-southington-ct,unknown,unknown,Yes
https://junkyardsnearme.com/junkyards/north-carolina/9999034-everhart-brothers-used-cars-lexington-nc,unknown,unknown,Yes
https://junkyardsnearme.com/junkyards/massachusetts/9999257-john-s-demolition-and-debris-removal-hingham-ma,unknown,unknown,Yes
https://junkyardsnearme.com/junkyards/manitoba/9998541-crosstown-auto-parts-springfield-mb,unknown,unknown,Yes
https://junkyardsnearme.com/junkyards/colorado/9997325-aa-auto-parts-denver-co,unknown,unknown,Yes
https://junkyardsnearme.com/junkyards/florida/2651572-anything-everything-automotive-inc-delray-beach-fl,unknown,unknown,Yes
https://junkyardsnearme.com/junkyards/virginia/10001017-paynes-body-shop-fulks-run-va,unknown,unknown,Yes
https://junkyardsnearme.com/junkyards=&p=208?%2Fjunkyards=&p=209,unknown,unknown,Yes
https://junkyardsnearme.com/junkyards=&p=124,unknown,unknown,Yes
https://junkyardsnearme.com/junkyards/quebec/10000195-lkq-lecavalier-st-jean-sainte-sophie-qc,unknown,unknown,Yes
https://junkyardsnearme.com/junkyards/new-hampshire/9998263-central-auto-recyclers-concord-nh,unknown,unknown,Yes
https://junkyardsnearme.com/junkyards/missouri/10000003-lackey-auto-salvage-palmyra-mo,unknown,unknown,Yes
https://junkyardsnearme.com/junkyards/michigan/9997795-auto-planet-automotive-ii-detroit-mi,unknown,unknown,Yes
https://junkyardsnearme.com/junkyards/michigan/5392202-cooks-auto-parts-harrison-mi,unknown,unknown,Yes
https://junkyardsnearme.com/junkyards/georgia/9998030-bmvw-palmetto-ga,unknown,unknown,Yes
https://junkyardsnearme.com/junkyards/new-jersey/10001388-cash-for-junk-cars-in-linden-nj-linden-nj,unknown,unknown,Yes
https://junkyardsnearme.com/junkyards/florida/6392914-aarons-auto-recycling-orlando-fl,unknown,unknown,Yes
https://junkyardsnearme.com/junkyards/oregon/10000128-light-truck-parts-portland-or,unknown,unknown,Yes
https://junkyardsnearme.com/junkyards/ohio/10001161-poling-auto-parts-troy-oh,unknown,unknown,Yes
https://junkyardsnearme.com/junkyards/pennsylvania/7640810-k-e-rodgers-auto-inc-dover-pa,unknown,unknown,Yes
https://junkyardsnearme.com/junkyards/california/9997876-b-j-used-auto-parts-dism-inc-downey-ca,unknown,unknown,Yes
https://junkyardsnearme.com/junkyards=&p=282?%2Fjunkyards=&p=283,unknown,unknown,Yes
https://junkyardsnearme.com/junkyards/texas/3206634-alrumaga-auto-parts-san-antonio-tx,unknown,unknown,Yes
https://junkyardsnearme.com/junkyards/florida/10000388-magic-used-auto-parts-clearwater-fl,unknown,unknown,Yes
https://junkyardsnearme.com/junkyards/georgia/10000024-lance-used-auto-parts-2-canon-ga,unknown,unknown,Yes
https://junkyardsnearme.com/junkyards/connecticut/10000751-ct-junk-cars-hartford-ct,unknown,unknown,Yes
https://junkyardsnearme.com/junkyards/north-carolina=&p=7,unknown,unknown,Yes
https://junkyardsnearme.com/junkyards/texas/9999789-jesses-b-b-auto-parts-nacogdoches-tx,unknown,unknown,Yes
https://junkyardsnearme.com/junkyards=&p=253,unknown,unknown,Yes
https://junkyardsnearme.com/junkyards/california/10000740-mr-ford-auto-dismantling-los-angeles-ca,unknown,unknown,Yes
https://junkyardsnearme.com/junkyards/minnesota=&p=10?%2Fjunkyards%2Fminnesota=&p=11,unknown,unknown,Yes
https://junkyardsnearme.com/junkyards/michigan=&p=11?%2Fjunkyards%2Fmichigan=&p=12,unknown,unknown,Yes
https://junkyardsnearme.com/junkyards/california/9999387-happy-auto-parts-rancho-cordova-ca,unknown,unknown,Yes
https://junkyardsnearme.com/junkyards/tennessee=&p=1,unknown,unknown,Yes
https://junkyardsnearme.com/junkyards/pennsylvania/10001934-south-whitehall-salvage-allentown-pa,unknown,unknown,Yes
https://junkyardsnearme.com/junkyards/florida/9997762-auto-acres-recycling-parts-corp-vero-beach-fl,unknown,unknown,Yes
https://junkyardsnearme.com/junkyards/virginia=&p=6?%2Fjunkyards%2Fvirginia=&p=7,unknown,unknown,Yes
https://junkyardsnearme.com/junkyards/oregon/9997862-b-r-auto-wrecking-corvallis-or,unknown,unknown,Yes
https://junkyardsnearme.com/junkyards/iowa/2342712-new-deal-auto-salvage-waterloo-ia,unknown,unknown,Yes
https://junkyardsnearme.com/junkyards/mississippi/10000185-lkq-jackson-jackson-ms,unknown,unknown,Yes
https://junkyardsnearme.com/junkyards/colorado/10001042-phils-auto-salvage-hotchkiss-co,unknown,unknown,Yes
https://junkyardsnearme.com/junkyards/florida/6877200-a1-foreign-parts-opa-locka-fl,unknown,unknown,Yes
https://junkyardsnearme.com/junkyards/british-columbia/9999658-ideal-auto-wrecking-chilliwack-bc,unknown,unknown,Yes
https://junkyardsnearme.com/junkyards/tennessee=&p=3?%2Fjunkyards%2Ftennessee=&p=2,unknown,unknown,Yes
https://junkyardsnearme.com/junkyards/north-carolina/9998515-cox-auto-salvage-elm-city-nc,unknown,unknown,Yes
https://junkyardsnearme.com/junkyards/ontario/9997879-b-o-s-auto-parts-windsor-on,unknown,unknown,Yes
https://junkyardsnearme.com/junkyards/pennsylvania/8220188-barneys-auto-parts-inc-line-lexington-pa,unknown,unknown,Yes
https://junkyardsnearme.com/junkyards/kentucky/10002016-universal-auto-recycling-benton-ky,unknown,unknown,Yes
https://junkyardsnearme.com/junkyards/colorado/4980662-scotts-auto-recyclers-fort-collins-co,unknown,unknown,Yes
https://junkyardsnearme.com/junkyards=&p=53?%2Fjunkyards=&p=52,unknown,unknown,Yes
https://junkyardsnearme.com/junkyards/arizona/9998286-chapin-1-auto-wrecking-phoenix-az,unknown,unknown,Yes
https://junkyardsnearme.com/junkyards=&p=379?%2Fjunkyards=&p=378,unknown,unknown,Yes
https://junkyardsnearme.com/junkyards/pennsylvania=&p=7?%2Fjunkyards%2Fpennsylvania=&p=6,unknown,unknown,Yes
https://junkyardsnearme.com/junkyards=&p=279,unknown,unknown,Yes
https://junkyardsnearme.com/junkyards/massachusetts/9999139-route-128-used-auto-parts-sales-inc-waltham-ma,unknown,unknown,Yes
https://junkyardsnearme.com/junkyards/pennsylvania/8671151-weber-bros-auto-lebanon-pa,unknown,unknown,Yes
https://junkyardsnearme.com/junkyards/minnesota/10001952-tran-auto-parts-minneapolis-mn,unknown,unknown,Yes
https://junkyardsnearme.com/junkyards/kentucky/9999016-evans-auto-salvage-louisville-ky,unknown,unknown,Yes
https://junkyardsnearme.com/junkyards/michigan/9629521-airway-auto-parts-inc-battle-creek-mi,unknown,unknown,Yes
https://junkyardsnearme.com/junkyards/massachusetts?%2Fjunkyards%2Fmassachusetts=&p=2,unknown,unknown,Yes
https://junkyardsnearme.com/junkyards=&p=281,unknown,unknown,Yes
https://junkyardsnearme.com/junkyards/kansas/9998762-don-schmid-salvage-wichita-ks,unknown,unknown,Yes
https://junkyardsnearme.com/junkyards/oklahoma/6324413-capitol-auto-parts-inc-oklahoma-city-ok,unknown,unknown,Yes
https://junkyardsnearme.com/junkyards/california/9997830-b-b-auto-parts-twentynine-palms-ca,unknown,unknown,Yes
https://junkyardsnearme.com/junkyards/california/5981210-house-of-manifolds-vista-ca,unknown,unknown,Yes
https://junkyardsnearme.com/junkyards/michigan/10001486-saad-auto-parts-detroit-mi,unknown,unknown,Yes
https://junkyardsnearme.com/junkyards/oklahoma/9997660-american-camaro-firebird-auto-parts-oklahoma-city-ok,unknown,unknown,Yes
https://junkyardsnearme.com/junkyards/tennessee=&p=9,unknown,unknown,Yes
https://junkyardsnearme.com/junkyards=&p=55,unknown,unknown,Yes
https://junkyardsnearme.com/junkyards=&p=135,unknown,unknown,Yes
https://junkyardsnearme.com/junkyards/south-dakota/10001823-syds-eastside-auto-yankton-sd,unknown,unknown,Yes
https://junkyardsnearme.com/junkyards/new-jersey=&p=6?%2Fjunkyards%2Fnew-jersey=&p=5,unknown,unknown,Yes
https://junkyardsnearme.com/junkyards/illinois/3891456-abc-auto-parts-blue-island-il,unknown,unknown,Yes
https://junkyardsnearme.com/junkyards=&p=426?%2Fjunkyards=&p=425,unknown,unknown,Yes
https://junkyardsnearme.com/junkyards/north-carolina/2662728-shearin-automotive-rocky-mount-nc,unknown,unknown,Yes
https://junkyardsnearme.com/junkyards/pennsylvania/9998625-dansers-auto-repair-salvage-greensburg-pa,unknown,unknown,Yes
https://junkyardsnearme.com/junkyards/illinois/10001650-siscos-r-r-inc-fairbury-il,unknown,unknown,Yes
https://junkyardsnearme.com/junkyards/minnesota/9998279-certified-auto-recyclers-andover-mn,unknown,unknown,Yes
https://junkyardsnearme.com/junkyards/new-york/9434800-post-brothers-auto-parts-inc-catskill-ny,unknown,unknown,Yes
https://junkyardsnearme.com/junkyards=&p=202?%2Fjunkyards=&p=203,unknown,unknown,Yes
https://junkyardsnearme.com/junkyards=&p=393,unknown,unknown,Yes
https://junkyardsnearme.com/junkyards=&p=61?%2Fjunkyards=&p=62,unknown,unknown,Yes
https://junkyardsnearme.com/junkyards/british-columbia/10001199-pull-save-quality-used-auto-truck-parts-maple-ridge-bc,unknown,unknown,Yes
https://junkyardsnearme.com/junkyards/iowa/10001794-sunset-beach-auto-parts-des-moines-ia,unknown,unknown,Yes
https://junkyardsnearme.com/junkyards/california=&p=18?%2Fjunkyards%2Fcalifornia=&p=19,unknown,unknown,Yes
https://junkyardsnearme.com/junkyards=&p=53,unknown,unknown,Yes
https://junkyardsnearme.com/junkyards/wisconsin/10001256-ralphs-auto-salvage-oconto-wi,unknown,unknown,Yes
https://junkyardsnearme.com/junkyards/illinois/10001294-recycled-auto-parts-lombard-il,unknown,unknown,Yes
https://junkyardsnearme.com/junkyards=&p=267,unknown,unknown,Yes
https://junkyardsnearme.com/junkyards/pennsylvania/10000520-jordan-auto-parts-dilliner-pa,unknown,unknown,Yes
https://junkyardsnearme.com/junkyards=&p=214?%2Fjunkyards=&p=213,unknown,unknown,Yes
https://junkyardsnearme.com/junkyards=&p=153,unknown,unknown,Yes
https://junkyardsnearme.com/junkyards/utah/6741272-dixie-auto-salvage-washington-ut,unknown,unknown,Yes
https://junkyardsnearme.com/junkyards=&p=400,unknown,unknown,Yes
https://junkyardsnearme.com/junkyards/california/10001447-royal-auto-dismantling-sun-valley-ca,unknown,unknown,Yes
https://junkyardsnearme.com/junkyards/iowa=&p=7,unknown,unknown,Yes
https://junkyardsnearme.com/junkyards/texas/5619000-asap-motors-parts-systems-inc-houston-tx,unknown,unknown,Yes
https://junkyardsnearme.com/junkyards/kansas/9998757-dm-auto-salvage-lyons-ks,unknown,unknown,Yes
https://junkyardsnearme.com/junkyards/new-jersey/9999357-h-a-auto-parts-llc-paterson-nj,unknown,unknown,Yes
https://junkyardsnearme.com/junkyards/alabama/9998039-abc-auto-parts-inc-tarrant-al,unknown,unknown,Yes
https://junkyardsnearme.com/junkyards/north-carolina/9998244-case-used-parts-3-parkton-nc,unknown,unknown,Yes
https://junkyardsnearme.com/junkyards/michigan/9999127-fox-auto-parts-belleville-mi,unknown,unknown,Yes
https://junkyardsnearme.com/junkyards/indiana/9220627-precision-steer-griffith-in,unknown,unknown,Yes
https://junkyardsnearme.com/junkyards/pennsylvania/7498844-campbells-salvage-homer-city-pa,unknown,unknown,Yes
https://junkyardsnearme.com/junkyards/california/10000790-nemos-auto-dismantling-duarte-ca,unknown,unknown,Yes
https://junkyardsnearme.com/junkyards/north-carolina=&p=18,unknown,unknown,Yes
https://junkyardsnearme.com/junkyards/iowa/2342445-chase-auto-parts-waterloo-ia,unknown,unknown,Yes
https://junkyardsnearme.com/junkyards/texas/10000060-late-model-auto-salvage-haltom-city-tx,unknown,unknown,Yes
https://junkyardsnearme.com/junkyards/pennsylvania/10001925-pic-a-part-home-of-junk-yard-barbie-morrisville-pa,unknown,unknown,Yes
https://junkyardsnearme.com/junkyards/ontario/10000967-p-g-auto-north-bay-on,unknown,unknown,Yes
https://junkyardsnearme.com/junkyards/virginia/10001247-r-e-schodt-sons-crewe-va,unknown,unknown,Yes
https://junkyardsnearme.com/junkyards=&p=407?%2Fjunkyards=&p=408,unknown,unknown,Yes
https://junkyardsnearme.com/junkyards/virginia/5714220-junk-cars-for-cash-falls-church-va,unknown,unknown,Yes
https://junkyardsnearme.com/junkyards/iowa/9998562-d-d-auto-parts-peosta-ia,unknown,unknown,Yes
https://junkyardsnearme.com/junkyards/new-jersey=&p=16?%2Fjunkyards%2Fnew-jersey=&p=17,unknown,unknown,Yes
https://junkyardsnearme.com/junkyards/ohio/9998119-buckeye-auto-mart-north-lima-oh,unknown,unknown,Yes
https://junkyardsnearme.com/junkyards/british-columbia/9999908-kens-auto-recyclers-surrey-bc,unknown,unknown,Yes
https://junkyardsnearme.com/junkyards=&p=189?%2Fjunkyards=&p=190,unknown,unknown,Yes
https://junkyardsnearme.com/junkyards/massachusetts/10000082-aaa1-scrap-metal-mid-state-metal-recovery-llc-worcester-ma,unknown,unknown,Yes
https://junkyardsnearme.com/junkyards/alberta=&p=4,unknown,unknown,Yes
https://junkyardsnearme.com/junkyards/montana,unknown,unknown,Yes
https://junkyardsnearme.com/junkyards/ohio/4984768-helman-auto-parts-sidney-oh,unknown,unknown,Yes
https://junkyardsnearme.com/junkyards/oregon/1234543-nearlynos-classic-car-parts-terrebonne-or,unknown,unknown,Yes
https://junkyardsnearme.com/junkyards/mississippi=&p=5,unknown,unknown,Yes
https://junkyardsnearme.com/junkyards/massachusetts/9999516-philip-lewis-sons-inc-roxbury-ma,unknown,unknown,Yes
https://junkyardsnearme.com/junkyards=&p=506,unknown,unknown,Yes
https://junkyardsnearme.com/junkyards/mississippi=&p=6?%2Fjunkyards%2Fmississippi=&p=5,unknown,unknown,Yes
https://junkyardsnearme.com/junkyards/florida=&p=14?%2Fjunkyards%2Fflorida=&p=13,unknown,unknown,Yes
https://junkyardsnearme.com/junkyards/iowa/10002077-w-a-s-iowa-falls-iowa-falls-ia,unknown,unknown,Yes
https://junkyardsnearme.com/junkyards=&p=41,unknown,unknown,Yes
https://junkyardsnearme.com/junkyards/illinois/10000132-lincoln-truck-auto-parts-inc-bloomington-il,unknown,unknown,Yes
https://junkyardsnearme.com/junkyards/california/10001052-pick-n-pull-self-service-auto-and-truck-dismantlers-rancho-cordova-ca,unknown,unknown,Yes
https://junkyardsnearme.com/junkyards/indiana/9998145-bulldog-auto-recycling-south-bend-in,unknown,unknown,Yes
https://junkyardsnearme.com/junkyards/alabama/9997781-auto-outlet-inc-duncanville-al,unknown,unknown,Yes
https://junkyardsnearme.com/junkyards/maine/10000963-ovides-used-cars-bridgton-me,unknown,unknown,Yes
https://junkyardsnearme.com/junkyards/florida/9997735-astro-auto-salvage-boynton-beach-fl,unknown,unknown,Yes
https://junkyardsnearme.com/junkyards/quebec=&p=2,unknown,unknown,Yes
https://junkyardsnearme.com/junkyards/colorado/9998974-european-auto-parts-llc-aurora-co,unknown,unknown,Yes
https://junkyardsnearme.com/junkyards/colorado=&p=6,unknown,unknown,Yes
https://junkyardsnearme.com/junkyards/kansas/8334621-frederick-trucks-effingham-ks,unknown,unknown,Yes
https://junkyardsnearme.com/junkyards/massachusetts/9999547-rays-auto-parts-llc-ashley-falls-ma,unknown,unknown,Yes
https://junkyardsnearme.com/junkyards/texas/9998116-bryan-auto-recycling-bryan-tx,unknown,unknown,Yes
https://junkyardsnearme.com/junkyards/texas/8364411-adams-auto-sales-salvage-tatum-tx,unknown,unknown,Yes
https://junkyardsnearme.com/junkyards=&p=218?%2Fjunkyards=&p=217,unknown,unknown,Yes
https://junkyardsnearme.com/junkyards=&p=356,unknown,unknown,Yes
https://junkyardsnearme.com/junkyards/michigan/10001806-superior-auto-parts-negaunee-mi,unknown,unknown,Yes
https://junkyardsnearme.com/junkyards=&p=289?%2Fjunkyards=&p=290,unknown,unknown,Yes
https://junkyardsnearme.com/junkyards/minnesota/9999787-jerrys-auto-salvage-big-lake-mn,unknown,unknown,Yes
https://junkyardsnearme.com/junkyards=&p=284?%2Fjunkyards=&p=285,unknown,unknown,Yes
https://junkyardsnearme.com/junkyards/california/3707174-british-motorsports-inc-campbell-ca,unknown,unknown,Yes
https://junkyardsnearme.com/junkyards/south-carolina/10000676-montys-auto-parts-shop-online-easley-sc,unknown,unknown,Yes
https://junkyardsnearme.com/junkyards/illinois=&p=8?%2Fjunkyards%2Fillinois=&p=9,unknown,unknown,Yes
https://junkyardsnearme.com/junkyards/massachusetts/9999889-kazanjians-used-parts-lowell-ma,unknown,unknown,Yes
https://junkyardsnearme.com/junkyards/new-jersey/9999232-german-auto-resort-llc-stockton-nj,unknown,unknown,Yes
https://junkyardsnearme.com/junkyards/ohio/9999369-h-e-m-auto-parts-columbus-oh,unknown,unknown,Yes
https://junkyardsnearme.com/junkyards=&p=293?%2Fjunkyards=&p=292,unknown,unknown,Yes
https://junkyardsnearme.com/junkyards/massachusetts/10000041-palmer-recycling-corporation-palmer-ma,unknown,unknown,Yes
https://junkyardsnearme.com/junkyards=&p=291,unknown,unknown,Yes
https://junkyardsnearme.com/junkyards=&p=298,unknown,unknown,Yes
https://junkyardsnearme.com/junkyards=&p=160?%2Fjunkyards=&p=159,unknown,unknown,Yes
https://junkyardsnearme.com/junkyards/new-york/7481660-rustys-auto-salvage-staten-island-ny,unknown,unknown,Yes
https://junkyardsnearme.com/junkyards/pennsylvania/9997893-baldwin-auto-parts-wreckers-pittsburgh-pa,unknown,unknown,Yes
https://junkyardsnearme.com/junkyards/florida/9997615-allens-used-auto-parts-tampa-fl,unknown,unknown,Yes
https://junkyardsnearme.com/junkyards/ohio/9998417-cohen-auto-parts-cincinnati-oh,unknown,unknown,Yes
https://junkyardsnearme.com/junkyards/new-york/6635735-route-7-used-auto-parts-hoosick-falls-ny,unknown,unknown,Yes
https://junkyardsnearme.com/junkyards/indiana/7692441-archies-auto-recyclers-inc-merrillville-in,unknown,unknown,Yes
https://junkyardsnearme.com/junkyards/california/10001267-rancho-nissan-infiniti-kia-rancho-cordova-ca,unknown,unknown,Yes
https://junkyardsnearme.com/junkyards/california/7506920-import-center-hayward-ca,unknown,unknown,Yes
https://junkyardsnearme.com/junkyards/illinois/3852300-e-b-auto-parts-inc-blue-island-il,unknown,unknown,Yes
https://junkyardsnearme.com/junkyards/ontario/5915600-union-auto-parts-ottawa-on,unknown,unknown,Yes
https://junkyardsnearme.com/junkyards/new-hampshire/9998057-brandy-brow-auto-parts-plaistow-nh,unknown,unknown,Yes
https://junkyardsnearme.com/junkyards/maine/10000684-tim-jackson-salvage-washington-me,unknown,unknown,Yes
https://junkyardsnearme.com/junkyards/california/9998293-chavez-auto-wreckers-modesto-ca,unknown,unknown,Yes
https://junkyardsnearme.com/junkyards/oklahoma/10001807-superior-auto-salvage-recycling-tulsa-ok,unknown,unknown,Yes
https://junkyardsnearme.com/junkyards/ontario/10000991-parkway-auto-recyclers-kitchener-on,unknown,unknown,Yes
https://junkyardsnearme.com/junkyards/tennessee=&p=4?%2Fjunkyards%2Ftennessee=&p=5,unknown,unknown,Yes
https://junkyardsnearme.com/junkyards=&p=271,unknown,unknown,Yes
https://junkyardsnearme.com/junkyards/oregon/10001852-taylors-towing-auto-wrecking-cottage-grove-or,unknown,unknown,Yes
https://junkyardsnearme.com/junkyards/south-carolina/5784007-tonys-auto-salvage-inc-spartanburg-sc,unknown,unknown,Yes
https://junkyardsnearme.com/junkyards/new-hampshire/10000590-a1-repairable-wrecks-atkinson-nh,unknown,unknown,Yes
https://junkyardsnearme.com/junkyards/colorado/9998045-boot-hill-used-pickup-parts-denver-co,unknown,unknown,Yes
https://junkyardsnearme.com/junkyards/oklahoma/9998162-c-a-used-cars-salvage-holdenville-ok,unknown,unknown,Yes
https://junkyardsnearme.com/junkyards/massachusetts/9999845-jacks-used-auto-parts-north-billerica-ma,unknown,unknown,Yes
https://junkyardsnearme.com/junkyards/minnesota/9998733-dillon-s-auto-salvage-byron-mn,unknown,unknown,Yes
https://junkyardsnearme.com/junkyards/michigan?%2Fjunkyards%2Fmichigan=&p=2,unknown,unknown,Yes
https://junkyardsnearme.com/junkyards/connecticut/9999745-j-c-recycling-meriden-ct,unknown,unknown,Yes
https://junkyardsnearme.com/junkyards/california/6426993-moss-bros-auto-group-moreno-valley-ca,unknown,unknown,Yes
https://junkyardsnearme.com/junkyards/florida/10000467-mega-used-auto-parts-llc-opa-locka-fl,unknown,unknown,Yes
https://junkyardsnearme.com/junkyards/louisiana/10001035-perry-auto-ranch-inc-monroe-la,unknown,unknown,Yes
https://junkyardsnearme.com/junkyards/california/10000549-mid-auto-dismantling-wilmington-ca,unknown,unknown,Yes
https://junkyardsnearme.com/junkyards=&p=24?%2Fjunkyards=&p=25,unknown,unknown,Yes
https://junkyardsnearme.com/junkyards=&p=123?%2Fjunkyards=&p=122,unknown,unknown,Yes
https://junkyardsnearme.com/junkyards/oregon/9997980-big-jims-auto-wrecking-towing-salem-or,unknown,unknown,Yes
https://junkyardsnearme.com/junkyards/ohio/4398100-intercity-auto-wrecking-bedford-oh,unknown,unknown,Yes
https://junkyardsnearme.com/junkyards/illinois/9643396-rockford-auto-parts-rockford-il,unknown,unknown,Yes
https://junkyardsnearme.com/junkyards=&p=426?%2Fjunkyards=&p=427,unknown,unknown,Yes
https://junkyardsnearme.com/junkyards/virginia/10001789-suffolk-used-auto-parts-suffolk-va,unknown,unknown,Yes
https://junkyardsnearme.com/junkyards/texas/9997570-all-automotive-imports-houston-tx,unknown,unknown,Yes
https://junkyardsnearme.com/junkyards/new-york/10000672-molts-used-auto-parts-hyde-park-ny,unknown,unknown,Yes
https://junkyardsnearme.com/junkyards/north-carolina/10001475-s-j-motor-company-of-yadkin-yadkinville-nc,unknown,unknown,Yes
https://junkyardsnearme.com/junkyards=&p=211?%2Fjunkyards=&p=210,unknown,unknown,Yes
https://junkyardsnearme.com/junkyards/new-york/9998667-conti-group-brooklyn-ny,unknown,unknown,Yes
https://junkyardsnearme.com/junkyards/california/7221316-manuels-auto-wrecking-merced-ca,unknown,unknown,Yes
https://junkyardsnearme.com/junkyards/massachusetts/9999134-norfolk-automobile-brokers-norfolk-ma,unknown,unknown,Yes
https://junkyardsnearme.com/junkyards=&p=180?%2Fjunkyards=&p=181,unknown,unknown,Yes
https://junkyardsnearme.com/junkyards/arizona/10001472-s-d-auto-wrecking-phoenix-az,unknown,unknown,Yes
https://junkyardsnearme.com/junkyards=&p=263?%2Fjunkyards=&p=264,unknown,unknown,Yes
https://junkyardsnearme.com/junkyards/illinois/7580002-speedway-auto-parts-chicago-heights-il,unknown,unknown,Yes
https://junkyardsnearme.com/junkyards/new-jersey/7210746-stadium-auto-wreckers-south-amboy-nj,unknown,unknown,Yes
https://junkyardsnearme.com/junkyards/arizona/10000367-m-r-auto-hereford-az,unknown,unknown,Yes
https://junkyardsnearme.com/junkyards/michigan/9999269-glens-car-truck-taylor-mi,unknown,unknown,Yes
https://junkyardsnearme.com/junkyards=&p=3?%2Fjunkyards=&p=4,unknown,unknown,Yes
https://junkyardsnearme.com/junkyards/florida/9997808-auto-truck-ib-used-auto-parts-opa-locka-fl,unknown,unknown,Yes
https://junkyardsnearme.com/junkyards/idaho=&p=1?%2Fjunkyards%2Fidaho=&p=2,unknown,unknown,Yes
https://junkyardsnearme.com/junkyards=&p=71?%2Fjunkyards=&p=72,unknown,unknown,Yes
https://junkyardsnearme.com/junkyards/british-columbia/9998946-empire-abbotsford-recycled-auto-truck-parts-abbotsford-bc,unknown,unknown,Yes
https://junkyardsnearme.com/junkyards/ohio=&p=10,unknown,unknown,Yes
https://junkyardsnearme.com/junkyards/washington/10000215-lkq-of-washington-renton-wa,unknown,unknown,Yes
https://junkyardsnearme.com/junkyards/michigan/9998623-dannys-used-auto-parts-detroit-mi,unknown,unknown,Yes
https://junkyardsnearme.com/junkyards/new-hampshire/10000301-scrap-it-inc-marlborough-nh,unknown,unknown,Yes
https://junkyardsnearme.com/junkyards/minnesota/10001223-r-r-auto-litchfield-mn,unknown,unknown,Yes
https://junkyardsnearme.com/junkyards/pennsylvania=&p=9,unknown,unknown,Yes
https://junkyardsnearme.com/junkyards/north-carolina/2471327-potts-auto-parts-lexington-nc,unknown,unknown,Yes
https://junkyardsnearme.com/junkyards=&p=132,unknown,unknown,Yes
https://junkyardsnearme.com/junkyards/massachusetts/9999215-kazanjian-used-auto-parts-lowell-ma,unknown,unknown,Yes
https://junkyardsnearme.com/junkyards/new-york/10000183-lkq-hunts-point-auto-parts-bronx-ny,unknown,unknown,Yes
https://junkyardsnearme.com/junkyards/quebec/9999802-jodoin-et-fils-salaberry-de-valleyfield-qc,unknown,unknown,Yes
https://junkyardsnearme.com/junkyards/pennsylvania/9998785-drive-line-auto-parts-philadelphia-pa,unknown,unknown,Yes
https://junkyardsnearme.com/junkyards/illinois/10001826-t-s-auto-recycling-lockport-il,unknown,unknown,Yes
https://junkyardsnearme.com/junkyards/virginia,unknown,unknown,Yes
https://junkyardsnearme.com/junkyards=&p=501,unknown,unknown,Yes
https://junkyardsnearme.com/junkyards/new-jersey/6969696-ken-christensen-automotive-scrap-recycling-sayreville-nj,unknown,unknown,Yes
https://junkyardsnearme.com/junkyards/wisconsin/9999561-holmes-automotive-recycling-oshkosh-wi,unknown,unknown,Yes
https://junkyardsnearme.com/junkyards/california/9168795-sunrise-nissan-kia-auto-dismantling-rancho-cordova-ca,unknown,unknown,Yes
https://junkyardsnearme.com/junkyards/california/6782901-dixon-auto-wreckers-dixon-ca,unknown,unknown,Yes
https://junkyardsnearme.com/junkyards/michigan/9997363-a-l-iron-metal-company-gaylord-mi,unknown,unknown,Yes
https://junkyardsnearme.com/junkyards=&p=486,unknown,unknown,Yes
https://junkyardsnearme.com/junkyards/mississippi/3924567-arguelles-automotive-biloxi-ms,unknown,unknown,Yes
https://junkyardsnearme.com/junkyards/quebec/9999317-gravel-pieces-dautos-blainville-qc,unknown,unknown,Yes
https://junkyardsnearme.com/junkyards/california/10000262-lots-of-parts-azusa-ca,unknown,unknown,Yes
https://junkyardsnearme.com/junkyards/alberta/9999408-harrys-auto-wrecking-grande-prairie-ab,unknown,unknown,Yes
https://junkyardsnearme.com/junkyards=&p=316,unknown,unknown,Yes
https://junkyardsnearme.com/junkyards/michigan=&p=7?%2Fjunkyards%2Fmichigan=&p=6,unknown,unknown,Yes
https://junkyardsnearme.com/junkyards=&p=413?%2Fjunkyards=&p=412,unknown,unknown,Yes
https://junkyardsnearme.com/junkyards/california/9997875-b-m-tech-rancho-cordova-ca,unknown,unknown,Yes
https://junkyardsnearme.com/junkyards/ohio/9999084-firesides-u-pull-it-auto-parts-sandusky-oh,unknown,unknown,Yes
https://junkyardsnearme.com/junkyards/california/9997884-b2-auto-dismantlers-san-jose-ca,unknown,unknown,Yes
https://junkyardsnearme.com/junkyards=&p=385,unknown,unknown,Yes
https://junkyardsnearme.com/junkyards/iowa=&p=4?%2Fjunkyards%2Fiowa=&p=3,unknown,unknown,Yes
https://junkyardsnearme.com/junkyards/mississippi/10000773-natchez-salvage-natchez-ms,unknown,unknown,Yes
https://junkyardsnearme.com/junkyards/louisiana/9997550-albany-auto-salvage-sales-albany-la,unknown,unknown,Yes
https://junkyardsnearme.com/junkyards/massachusetts/9999219-gaw-auto-parts-walpole-ma,unknown,unknown,Yes
https://junkyardsnearme.com/junkyards/massachusetts/9998992-granby-auto-salvage-granby-ma,unknown,unknown,Yes
https://junkyardsnearme.com/junkyards/louisiana/10001676-sooner-auto-salvage-ville-platte-la,unknown,unknown,Yes
https://junkyardsnearme.com/junkyards/massachusetts/9999020-monsterjunkyard-springfield-ma,unknown,unknown,Yes
https://junkyardsnearme.com/junkyards/maine/10000690-ideal-recycling-inc-carmel-me,unknown,unknown,Yes
https://junkyardsnearme.com/junkyards=&p=229?%2Fjunkyards=&p=230,unknown,unknown,Yes
https://junkyardsnearme.com/junkyards/pennsylvania/9999899-kendall-auto-parts-erie-pa,unknown,unknown,Yes
https://junkyardsnearme.com/junkyards/ontario/9997887-baileys-automotive-port-hope-on,unknown,unknown,Yes
https://junkyardsnearme.com/junkyards/tennessee/9997985-big-t-auto-parts-crossville-tn,unknown,unknown,Yes
https://junkyardsnearme.com/junkyards/pennsylvania/3689585-wagner-pickup-van-parts-harmony-pa,unknown,unknown,Yes
https://junkyardsnearme.com/junkyards/oklahoma/10000379-m-x-auto-sales-salvage-oklahoma-city-ok,unknown,unknown,Yes
https://junkyardsnearme.com/junkyards/california/10000365-m-m-auto-wrecking-beaumont-ca,unknown,unknown,Yes
https://junkyardsnearme.com/junkyards/indiana?%2Fjunkyards%2Findiana=&p=2,unknown,unknown,Yes
https://junkyardsnearme.com/junkyards/michigan/10001167-porter-automotive-riverview-mi,unknown,unknown,Yes
https://junkyardsnearme.com/junkyards=&p=352?%2Fjunkyards=&p=353,unknown,unknown,Yes
https://junkyardsnearme.com/junkyards/florida/9998031-bmw-brothers-tampa-fl,unknown,unknown,Yes
https://junkyardsnearme.com/junkyards=&p=109,unknown,unknown,Yes
https://junkyardsnearme.com/junkyards/michigan/6630976-allstar-auto-lights-whitmore-lake-mi,unknown,unknown,Yes
https://junkyardsnearme.com/junkyards/new-hampshire/10000556-schnitzer-steel-madbury-nh,unknown,unknown,Yes
https://junkyardsnearme.com/junkyards=&p=139?%2Fjunkyards=&p=138,unknown,unknown,Yes
https://junkyardsnearme.com/junkyards/delaware/9999039-experienced-auto-parts-new-castle-de,unknown,unknown,Yes
https://junkyardsnearme.com/junkyards=&p=143?%2Fjunkyards=&p=142,unknown,unknown,Yes
https://junkyardsnearme.com/junkyards/michigan/7562147-spencer-auto-salvage-whittemore-mi,unknown,unknown,Yes
https://junkyardsnearme.com/junkyards/connecticut/10000881-remove-my-junk-hamden-ct,unknown,unknown,Yes
https://junkyardsnearme.com/junkyards=&p=177?%2Fjunkyards=&p=176,unknown,unknown,Yes
https://junkyardsnearme.com/junkyards/alberta/9998011-black-diamond-auto-parts-recycling-black-diamond-ab,unknown,unknown,Yes
https://junkyardsnearme.com/junkyards/ohio/9997578-all-foreign-domestic-auto-parts-columbus-oh,unknown,unknown,Yes
https://junkyardsnearme.com/junkyards/virginia/9999997-l-b-auto-rustburg-va,unknown,unknown,Yes
https://junkyardsnearme.com/junkyards/illinois/6756661-route-12-auto-parts-salvage-inc-richmond-il,unknown,unknown,Yes
https://junkyardsnearme.com/junkyards/arkansas/10000785-needham-auto-parts-paragould-ar,unknown,unknown,Yes
https://junkyardsnearme.com/junkyards/iowa/10002050-van-horn-auto-parts-mason-city-ia,unknown,unknown,Yes
https://junkyardsnearme.com/junkyards/massachusetts/9999271-all-green-removal-newton-ma,unknown,unknown,Yes
https://junkyardsnearme.com/junkyards=&p=301?%2Fjunkyards=&p=300,unknown,unknown,Yes
https://junkyardsnearme.com/junkyards/texas/9999079-fidels-auto-salvage-cedar-creek-tx,unknown,unknown,Yes
https://junkyardsnearme.com/junkyards/california/9997588-all-toyota-auto-parts-los-angeles-ca,unknown,unknown,Yes
https://junkyardsnearme.com/junkyards/north-carolina=&p=7?%2Fjunkyards%2Fnorth-carolina=&p=6,unknown,unknown,Yes
https://junkyardsnearme.com/junkyards=&p=194,unknown,unknown,Yes
https://junkyardsnearme.com/junkyards=&p=158?%2Fjunkyards=&p=159,unknown,unknown,Yes
https://junkyardsnearme.com/junkyards/colorado/9998304-chevytruck-parts-llc-denver-co,unknown,unknown,Yes
https://junkyardsnearme.com/junkyards/british-columbia/8699007-hope-import-auto-parts-hope-bc,unknown,unknown,Yes
https://junkyardsnearme.com/junkyards/florida=&p=6,unknown,unknown,Yes
https://junkyardsnearme.com/junkyards/texas/9997834-b-b-foreign-car-salvage-kennedale-tx,unknown,unknown,Yes
https://junkyardsnearme.com/junkyards/new-york/10001022-peconic-auto-wreckers-inc-speonk-ny,unknown,unknown,Yes
https://junkyardsnearme.com/junkyards/virginia/9999402-harry-a-wrights-charlottesville-va,unknown,unknown,Yes
https://junkyardsnearme.com/junkyards/wisconsin/9998360-clarks-auto-salvage-recycling-tomah-wi,unknown,unknown,Yes
https://junkyardsnearme.com/junkyards/arkansas/7547652-arkansas-pik-a-part-hartman-ar,unknown,unknown,Yes
https://junkyardsnearme.com/junkyards/texas/9999108-for-less-used-auto-parts-houston-tx,unknown,unknown,Yes
https://junkyardsnearme.com/junkyards/north-carolina/7241616-import-auto-salvage-marion-nc,unknown,unknown,Yes
https://junkyardsnearme.com/junkyards/kansas/2337719-m-m-auto-parts-inc-topeka-ks,unknown,unknown,Yes
https://junkyardsnearme.com/junkyards=&p=398?%2Fjunkyards=&p=397,unknown,unknown,Yes
https://junkyardsnearme.com/junkyards=&p=449,unknown,unknown,Yes
https://junkyardsnearme.com/junkyards/oklahoma/4246104-jays-auto-parts-sales-oklahoma-city-ok,unknown,unknown,Yes
https://junkyardsnearme.com/junkyards/tennessee/5256801-coleman-taylor-memphis-tn,unknown,unknown,Yes
https://junkyardsnearme.com/junkyards/colorado/2323480-scotts-auto-recyclers-inc-greeley-co,unknown,unknown,Yes
https://junkyardsnearme.com/junkyards=&p=71,unknown,unknown,Yes
https://junkyardsnearme.com/junkyards/arkansas/9999692-investor-car-shop-scott-ar,unknown,unknown,Yes
https://junkyardsnearme.com/junkyards/california/9997810-auto-used-parts-indio-ca,unknown,unknown,Yes
https://junkyardsnearme.com/junkyards=&p=390,unknown,unknown,Yes
https://junkyardsnearme.com/junkyards/kansas=&p=3,unknown,unknown,Yes
https://junkyardsnearme.com/junkyards/virginia/10000540-metro-used-auto-parts-chesapeake-va,unknown,unknown,Yes
https://junkyardsnearme.com/junkyards/ohio/2323177-berger-scrap-metals-bedford-oh,unknown,unknown,Yes
https://junkyardsnearme.com/junkyards=&p=343?%2Fjunkyards=&p=344,unknown,unknown,Yes
https://junkyardsnearme.com/junkyards/missouri/9997643-amana-automotive-llc-kansas-city-mo,unknown,unknown,Yes
https://junkyardsnearme.com/junkyards/alberta=&p=2?%2Fjunkyards%2Falberta=&p=1,unknown,unknown,Yes
https://junkyardsnearme.com/junkyards/arkansas/9999259-gibby-auto-sales-parts-morrilton-ar,unknown,unknown,Yes
https://junkyardsnearme.com/junkyards=&p=352,unknown,unknown,Yes
https://junkyardsnearme.com/junkyards/new-york/7067792-junk-a-car-new-york-ny,unknown,unknown,Yes
https://junkyardsnearme.com/junkyards=&p=375,unknown,unknown,Yes
https://junkyardsnearme.com/junkyards/iowa/2680888-fellmer-motors-cedar-falls-ia,unknown,unknown,Yes
https://junkyardsnearme.com/junkyards/arkansas/2343553-johnsons-wrecking-yard-inc-magnolia-ar,unknown,unknown,Yes
https://junkyardsnearme.com/junkyards/new-jersey/9997734-astor-used-auto-parts-newark-nj,unknown,unknown,Yes
https://junkyardsnearme.com/junkyards/new-york/9998683-emr-usa-holdings-new-york-ny,unknown,unknown,Yes
https://junkyardsnearme.com/junkyards/massachusetts/10000318-ferreiras-used-cars-parts-carver-ma,unknown,unknown,Yes
https://junkyardsnearme.com/junkyards/virginia=&p=10?%2Fjunkyards%2Fvirginia=&p=11,unknown,unknown,Yes
https://junkyardsnearme.com/junkyards/new-jersey/9997473-acres-auto-recycling-trenton-nj,unknown,unknown,Yes
https://junkyardsnearme.com/junkyards/michigan/3639881-baker-auto-parts-of-grand-rapids-inc-grand-rapids-mi,unknown,unknown,Yes
https://junkyardsnearme.com/junkyards=&p=521,unknown,unknown,Yes
https://junkyardsnearme.com/junkyards=&p=363,unknown,unknown,Yes
https://junkyardsnearme.com/junkyards/florida/6898131-brandon-auto-salvage-valrico-fl,unknown,unknown,Yes
https://junkyardsnearme.com/junkyards/tennessee/10000266-lowes-auto-parts-knoxville-tn,unknown,unknown,Yes
https://junkyardsnearme.com/junkyards/new-jersey/10001390-cash-for-cars-and-junk-cars-in-new-jersey-elizabeth-nj,unknown,unknown,Yes
https://junkyardsnearme.com/junkyards/new-jersey/10001796-john-blewett-inc-howell-nj,unknown,unknown,Yes
https://junkyardsnearme.com/junkyards/pennsylvania/9997755-aumillers-auto-parts-halifax-pa,unknown,unknown,Yes
https://junkyardsnearme.com/junkyards/washington/9997611-all-west-coast-auto-wrecking-grapeview-wa,unknown,unknown,Yes
https://junkyardsnearme.com/junkyards/ohio/9998554-curtice-auto-parts-curtice-oh,unknown,unknown,Yes
https://junkyardsnearme.com/junkyards=&p=379?%2Fjunkyards=&p=380,unknown,unknown,Yes
https://junkyardsnearme.com/junkyards/north-carolina/10000826-normans-of-shelby-shelby-nc,unknown,unknown,Yes
https://junkyardsnearme.com/junkyards/north-carolina/2453686-butler-used-auto-parts-forest-city-nc,unknown,unknown,Yes
https://junkyardsnearme.com/junkyards/pennsylvania/4834238-mesiah-german-cars-charleroi-pa,unknown,unknown,Yes
https://junkyardsnearme.com/junkyards/ohio/9997238-a-s-auto-salvage-toledo-oh,unknown,unknown,Yes
https://junkyardsnearme.com/junkyards/north-carolina/9999999-l-m-used-auto-parts-winston-salem-nc,unknown,unknown,Yes
https://junkyardsnearme.com/junkyards/utah/10001443-rowland-auto-recycling-salt-lake-city-ut,unknown,unknown,Yes
https://junkyardsnearme.com/junkyards/new-jersey/10001542-garden-state-recycling-llc-montville-nj,unknown,unknown,Yes
https://junkyardsnearme.com/junkyards/ohio/9999779-ace-iron-and-metal-columbus-oh,unknown,unknown,Yes
https://junkyardsnearme.com/junkyards=&p=94,unknown,unknown,Yes
https://junkyardsnearme.com/junkyards/arizona/9997505-advantage-imports-phoenix-az,unknown,unknown,Yes
https://junkyardsnearme.com/junkyards/florida=&p=15,unknown,unknown,Yes
https://junkyardsnearme.com/junkyards/ohio/9895154-burds-towing-little-hocking-oh,unknown,unknown,Yes
https://junkyardsnearme.com/junkyards/new-york/3863953-aalba-auto-wrecking-inc-ridgewood-ny,unknown,unknown,Yes
https://junkyardsnearme.com/junkyards/california/9999573-horizon-german-used-auto-parts-los-angeles-ca,unknown,unknown,Yes
https://junkyardsnearme.com/junkyards/tennessee/2669996-low-mileage-engines-memphis-tn,unknown,unknown,Yes
https://junkyardsnearme.com/junkyards/florida/10001370-rigsbys-auto-salvage-zephyrhills-fl,unknown,unknown,Yes
https://junkyardsnearme.com/junkyards/florida/10000165-lkq-crystal-river-crystal-river-fl,unknown,unknown,Yes
https://junkyardsnearme.com/junkyards/minnesota/10001653-slidegood-inc-avon-mn,unknown,unknown,Yes
https://junkyardsnearme.com/junkyards/new-jersey=&p=5?%2Fjunkyards%2Fnew-jersey=&p=4,unknown,unknown,Yes
https://junkyardsnearme.com/junkyards/idaho/4591591-dillon-auto-recycling-inc-caldwell-id,unknown,unknown,Yes
https://junkyardsnearme.com/junkyards/michigan/10000420-martins-auto-parts-riverview-mi,unknown,unknown,Yes
https://junkyardsnearme.com/junkyards/connecticut/10000874-cash-for-cars-ct-new-haven-ct,unknown,unknown,Yes
https://junkyardsnearme.com/junkyards/arkansas=&p=2,unknown,unknown,Yes
https://junkyardsnearme.com/junkyards/michigan/9999456-hende-auto-parts-detroit-mi,unknown,unknown,Yes
https://junkyardsnearme.com/junkyards=&p=310,unknown,unknown,Yes
https://junkyardsnearme.com/junkyards/ohio/10000401-marcells-hamilton-oh,unknown,unknown,Yes
https://junkyardsnearme.com/junkyards/massachusetts/9999267-homestead-disposal-inc-westwood-ma,unknown,unknown,Yes
https://junkyardsnearme.com/junkyards/new-york/9999294-goldwing-saab-rover-parts-hastings-ny,unknown,unknown,Yes
https://junkyardsnearme.com/junkyards/new-york/9998389-jet-auto-ii-brooklyn-ny,unknown,unknown,Yes
https://junkyardsnearme.com/junkyards=&p=201,unknown,unknown,Yes
https://junkyardsnearme.com/junkyards/ohio/9998170-c-m-auto-salvage-new-springfield-oh,unknown,unknown,Yes
https://junkyardsnearme.com/junkyards/connecticut=&p=5?%2Fjunkyards%2Fconnecticut=&p=6,unknown,unknown,Yes
https://junkyardsnearme.com/junkyards/wisconsin/9999942-kirchhayn-auto-salvage-cedarburg-wi,unknown,unknown,Yes
https://junkyardsnearme.com/junkyards/massachusetts/9999396-everetts-auto-parts-brockton-ma,unknown,unknown,Yes
https://junkyardsnearme.com/junkyards/california/10001205-quality-quick-auto-parts-rancho-cordova-ca,unknown,unknown,Yes
https://junkyardsnearme.com/junkyards/alabama/9999309-grahams-automotive-calera-al,unknown,unknown,Yes
https://junkyardsnearme.com/junkyards/florida/9257733-european-auto-parts-dania-beach-fl,unknown,unknown,Yes
https://junkyardsnearme.com/junkyards/california/3737373-manteca-auto-dismantling-lathrop-ca,unknown,unknown,Yes
https://junkyardsnearme.com/junkyards/alabama/2335140-brad-stovalls-auto-tanner-al,unknown,unknown,Yes
https://junkyardsnearme.com/junkyards/florida/9999068-fast-lane-used-auto-parts-opa-locka-fl,unknown,unknown,Yes
https://junkyardsnearme.com/junkyards/north-carolina/9998526-crawford-motor-company-wadesboro-nc,unknown,unknown,Yes
https://junkyardsnearme.com/junkyards=&p=431?%2Fjunkyards=&p=430,unknown,unknown,Yes
https://junkyardsnearme.com/junkyards/alberta/9998259-central-auto-truck-parts-edmonton-ab,unknown,unknown,Yes
https://junkyardsnearme.com/junkyards=&p=459?%2Fjunkyards=&p=460,unknown,unknown,Yes
https://junkyardsnearme.com/junkyards/minnesota=&p=6?%2Fjunkyards%2Fminnesota=&p=7,unknown,unknown,Yes
https://junkyardsnearme.com/junkyards/connecticut/10001057-east-coast-auto-parts-inc-bridgeport-ct,unknown,unknown,Yes
https://junkyardsnearme.com/junkyards=&p=358,unknown,unknown,Yes
https://junkyardsnearme.com/junkyards/nova-scotia/9999781-jeff-miller-auto-parts-maitland-ns,unknown,unknown,Yes
https://junkyardsnearme.com/junkyards/georgia/9999206-garrett-parker-auto-salvage-resaca-ga,unknown,unknown,Yes
https://junkyardsnearme.com/junkyards/florida/10001769-stepps-auto-truck-salvage-san-antonio-fl,unknown,unknown,Yes
https://junkyardsnearme.com/junkyards/new-jersey/9998939-elizabeth-auto-wrecking-cranford-nj,unknown,unknown,Yes
https://junkyardsnearme.com/junkyards/texas/3490991-dallas-mustang-dallas-tx,unknown,unknown,Yes
https://junkyardsnearme.com/junkyards=&p=471?%2Fjunkyards=&p=472,unknown,unknown,Yes
https://junkyardsnearme.com/junkyards=&p=479,unknown,unknown,Yes
https://junkyardsnearme.com/junkyards/wisconsin/10001328-rhine-auto-plymouth-wi,unknown,unknown,Yes
https://junkyardsnearme.com/junkyards/pennsylvania/9998501-costys-auto-parts-mansfield-pa,unknown,unknown,Yes
https://junkyardsnearme.com/junkyards=&p=94?%2Fjunkyards=&p=95,unknown,unknown,Yes
https://junkyardsnearme.com/junkyards/texas/9998608-ennis-auto-recyclers-ennis-tx,unknown,unknown,Yes
https://junkyardsnearme.com/junkyards/new-york/9997474-act-auto-wrecking-lindenhurst-ny,unknown,unknown,Yes
https://junkyardsnearme.com/junkyards=&p=310?%2Fjunkyards=&p=311,unknown,unknown,Yes
https://junkyardsnearme.com/junkyards/texas/9998086-bronco-truck-auto-salvage-houston-tx,unknown,unknown,Yes
https://junkyardsnearme.com/junkyards/connecticut/10000830-north-end-auto-parts-inc-meriden-ct,unknown,unknown,Yes
https://junkyardsnearme.com/junkyards/tennessee/4248704-lowcost-parts-frankewing-tn,unknown,unknown,Yes
https://junkyardsnearme.com/junkyards/new-york/7239239-nexus-auto-parts-inc-east-hills-ny,unknown,unknown,Yes
https://junkyardsnearme.com/junkyards=&p=46,unknown,unknown,Yes
https://junkyardsnearme.com/junkyards/indiana/8080011-hannas-wrecker-services-inc-indianapolis-in,unknown,unknown,Yes
https://junkyardsnearme.com/junkyards/michigan/9998246-cats-parts-mart-lansing-mi,unknown,unknown,Yes
https://junkyardsnearme.com/junkyards/new-mexico/9997345-5-js-auto-parts-albuquerque-nm,unknown,unknown,Yes
https://junkyardsnearme.com/junkyards=&p=220,unknown,unknown,Yes
https://junkyardsnearme.com/junkyards=&p=188?%2Fjunkyards=&p=187,unknown,unknown,Yes
https://junkyardsnearme.com/junkyards/kentucky=&p=1?%2Fjunkyards%2Fkentucky=&p=2,unknown,unknown,Yes
https://junkyardsnearme.com/junkyards/saskatchewan=&p=2?%2Fjunkyards%2Fsaskatchewan=&p=3,unknown,unknown,Yes
https://junkyardsnearme.com/junkyards=&p=510?%2Fjunkyards=&p=511,unknown,unknown,Yes
https://junkyardsnearme.com/junkyards=&p=268,unknown,unknown,Yes
https://junkyardsnearme.com/junkyards=&p=92?%2Fjunkyards=&p=93,unknown,unknown,Yes
https://junkyardsnearme.com/junkyards/washington/10001445-roy-y-auto-wrecking-spanaway-wa,unknown,unknown,Yes
https://junkyardsnearme.com/junkyards/missouri/9998082-brock-auto-parts-saint-louis-mo,unknown,unknown,Yes
https://junkyardsnearme.com/junkyards/pennsylvania/5389500-petry-auto-salvage-zelienople-pa,unknown,unknown,Yes
https://junkyardsnearme.com/junkyards/indiana/7751015-patriotic-scrapping-lowell-in,unknown,unknown,Yes
https://junkyardsnearme.com/junkyards/vermont/10000707-gates-salvage-yard-hardwick-vt,unknown,unknown,Yes
https://junkyardsnearme.com/junkyards=&p=466?%2Fjunkyards=&p=465,unknown,unknown,Yes
https://junkyardsnearme.com/junkyards/new-york/10001555-rza-junk-car-ny-cash-for-cars-queens-richmond-hill-ny,unknown,unknown,Yes
https://junkyardsnearme.com/junkyards=&p=418,unknown,unknown,Yes
https://junkyardsnearme.com/junkyards/missouri/9997107-county-line-auto-parts-kingsville-mo,unknown,unknown,Yes
https://junkyardsnearme.com/junkyards/pennsylvania/9999827-jonestown-used-auto-parts-jonestown-pa,unknown,unknown,Yes
https://junkyardsnearme.com/junkyards/tennessee/5420250-auto-parts-2-fix-elizabethton-tn,unknown,unknown,Yes
https://junkyardsnearme.com/junkyards/pennsylvania/9999871-k-a-auto-salvage-philadelphia-pa,unknown,unknown,Yes
https://junkyardsnearme.com/junkyards/minnesota/9998366-clearwater-auto-parts-clearwater-mn,unknown,unknown,Yes
https://junkyardsnearme.com/junkyards/florida=&p=7?%2Fjunkyards%2Fflorida=&p=8,unknown,unknown,Yes
https://junkyardsnearme.com/junkyards/pennsylvania=&p=8,unknown,unknown,Yes
https://junkyardsnearme.com/junkyards/new-york/10001067-darminio-disposal-new-rochelle-ny,unknown,unknown,Yes
https://junkyardsnearme.com/junkyards=&p=458,unknown,unknown,Yes
https://junkyardsnearme.com/junkyards/colorado/9998766-dons-sportcar-pueblo-co,unknown,unknown,Yes
https://junkyardsnearme.com/junkyards/oklahoma/9999639-hunters-corner-auto-sales-salvage-checotah-ok,unknown,unknown,Yes
https://junkyardsnearme.com/junkyards/pennsylvania/10000640-mikes-towing-recovery-hanover-pa,unknown,unknown,Yes
https://junkyardsnearme.com/junkyards=&p=505,unknown,unknown,Yes
https://junkyardsnearme.com/junkyards/nova-scotia/9998106-browns-auto-salvage-kingston-ns,unknown,unknown,Yes
https://junkyardsnearme.com/junkyards/new-york/9999241-gershow-recycling-medford-ny,unknown,unknown,Yes
https://junkyardsnearme.com/junkyards/massachusetts/10000492-dm-auto-east-freetown-ma,unknown,unknown,Yes
https://junkyardsnearme.com/junkyards=&p=335,unknown,unknown,Yes
https://junkyardsnearme.com/junkyards/new-york/9998401-dependable-scrap-co-inc-maspeth-ny,unknown,unknown,Yes
https://junkyardsnearme.com/junkyards/michigan=&p=9?%2Fjunkyards%2Fmichigan=&p=8,unknown,unknown,Yes
https://junkyardsnearme.com/junkyards/new-jersey/10001635-a-bickoff-son-east-rutherford-nj,unknown,unknown,Yes
https://junkyardsnearme.com/junkyards/oregon/10001436-roseburg-auto-parts-recyclers-roseburg-or,unknown,unknown,Yes
https://junkyardsnearme.com/junkyards/minnesota=&p=10,unknown,unknown,Yes
https://junkyardsnearme.com/junkyards/new-jersey/9998402-ace-auto-salvage-kearny-nj,unknown,unknown,Yes
https://junkyardsnearme.com/junkyards/wisconsin/9997245-a-d-truck-auto-parts-milwaukee-wi,unknown,unknown,Yes
https://junkyardsnearme.com/junkyards/saskatchewan=&p=2,unknown,unknown,Yes
https://junkyardsnearme.com/junkyards/oklahoma/10000938-oklahoma-foreign-european-oklahoma-city-ok,unknown,unknown,Yes
https://junkyardsnearme.com/junkyards/ohio/4372461-pierce-auto-parts-new-paris-oh,unknown,unknown,Yes
https://junkyardsnearme.com/junkyards=&p=336?%2Fjunkyards=&p=337,unknown,unknown,Yes
https://junkyardsnearme.com/junkyards/virginia/5403449-old-dominion-auto-salvage-inc-roanoke-va,unknown,unknown,Yes
https://junkyardsnearme.com/junkyards/new-hampshire/9999613-north-country-environmental-bethlehem-nh,unknown,unknown,Yes
https://junkyardsnearme.com/junkyards/virginia/9998549-culpeper-recycling-culpeper-va,unknown,unknown,Yes
https://junkyardsnearme.com/junkyards/texas/10000891-northside-salvage-tomball-tx,unknown,unknown,Yes
https://junkyardsnearme.com/junkyards=&p=160?%2Fjunkyards=&p=161,unknown,unknown,Yes
https://junkyardsnearme.com/junkyards=&p=497,unknown,unknown,Yes
https://junkyardsnearme.com/junkyards/colorado/9998628-daurio-auto-truck-pueblo-co,unknown,unknown,Yes
https://junkyardsnearme.com/junkyards/missouri/9286792-countryside-auto-truck-parts-wright-city-mo,unknown,unknown,Yes
https://junkyardsnearme.com/junkyards/pennsylvania/9999894-ke-rodgers-auto-dover-pa,unknown,unknown,Yes
https://junkyardsnearme.com/junkyards/north-carolina/10001174-premiere-logistics-auto-llc-concord-nc,unknown,unknown,Yes
https://junkyardsnearme.com/junkyards/mississippi/9998497-corinth-auto-salvage-corinth-ms,unknown,unknown,Yes
https://junkyardsnearme.com/junkyards/michigan=&p=25,unknown,unknown,Yes
https://junkyardsnearme.com/junkyards/british-columbia/9999216-gateway-auto-wrecking-langley-bc,unknown,unknown,Yes
https://junkyardsnearme.com/junkyards/texas/10000662-mittag-auto-salvage-houston-tx,unknown,unknown,Yes
https://junkyardsnearme.com/junkyards/maine/9998177-caldwell-auto-llc-limestone-me,unknown,unknown,Yes
https://junkyardsnearme.com/junkyards/pennsylvania=&p=10?%2Fjunkyards%2Fpennsylvania=&p=9,unknown,unknown,Yes
https://junkyardsnearme.com/junkyards/florida=&p=29,unknown,unknown,Yes
https://junkyardsnearme.com/junkyards/michigan/10001046-pick-a-part-llc-detroit-mi,unknown,unknown,Yes
https://junkyardsnearme.com/junkyards/ohio=&p=3?%2Fjunkyards%2Fohio=&p=2,unknown,unknown,Yes
https://junkyardsnearme.com/junkyards/florida/9998138-buds-wrecking-yard-dade-city-fl,unknown,unknown,Yes
https://junkyardsnearme.com/junkyards/missouri/5232182-s-h-towing-and-recycling-greentop-mo,unknown,unknown,Yes
https://junkyardsnearme.com/junkyards/oklahoma/9997965-beville-auto-salvage-of-lawton-lawton-ok,unknown,unknown,Yes
https://junkyardsnearme.com/junkyards/florida/10001514-sanford-auto-salvage-sanford-fl,unknown,unknown,Yes
https://junkyardsnearme.com/junkyards/minnesota/2278996-action-auto-parts-of-st-paul-inc-st-paul-mn,unknown,unknown,Yes
https://junkyardsnearme.com/junkyards/california/10000122-liberty-auto-dismantlers-fontana-ca,unknown,unknown,Yes
https://junkyardsnearme.com/junkyards/michigan/9998539-crosstown-auto-truck-parts-kalamazoo-mi,unknown,unknown,Yes
https://junkyardsnearme.com/junkyards/kentucky/2653460-grim-auto-parts-flatgap-ky,unknown,unknown,Yes
https://junkyardsnearme.com/junkyards/virginia/10000114-lews-auto-salvage-spotsylvania-va,unknown,unknown,Yes
https://junkyardsnearme.com/junkyards=&p=244?%2Fjunkyards=&p=245,unknown,unknown,Yes
https://junkyardsnearme.com/junkyards/florida/3383153-brewer-automotive-group-jacksonville-fl,unknown,unknown,Yes
https://junkyardsnearme.com/junkyards/massachusetts/10000796-new-american-used-auto-parts-inc-worcester-ma,unknown,unknown,Yes
https://junkyardsnearme.com/junkyards/ontario=&p=11,unknown,unknown,Yes
https://junkyardsnearme.com/junkyards/florida/2994060-a-1-auto-salvage-inc-the-big-yard-apopka-fl,unknown,unknown,Yes
https://junkyardsnearme.com/junkyards/oregon/4769575-peach-street-auto-wrecking-grants-pass-or,unknown,unknown,Yes
https://junkyardsnearme.com/junkyards/massachusetts,unknown,unknown,Yes
https://junkyardsnearme.com/junkyards/minnesota/9997892-balaton-auto-salvage-balaton-mn,unknown,unknown,Yes
https://junkyardsnearme.com/junkyards/vermont/9998103-brown-s-auto-salvage-bomoseen-vt,unknown,unknown,Yes
https://junkyardsnearme.com/junkyards/pennsylvania/9997855-b-l-auto-parts-philadelphia-pa,unknown,unknown,Yes
https://junkyardsnearme.com/junkyards/rhode-island/9999983-j-s-scrap-metal-johnston-ri,unknown,unknown,Yes
https://junkyardsnearme.com/junkyards/connecticut/10000307-k-c-catalytic-converters-vl-willington-ct,unknown,unknown,Yes
https://junkyardsnearme.com/junkyards/quebec/10001132-pieces-dautos-ste-claire-inc-terrebonne-qc,unknown,unknown,Yes
https://junkyardsnearme.com/junkyards/rhode-island=&p=5?%2Fjunkyards%2Frhode-island=&p=4,unknown,unknown,Yes
https://junkyardsnearme.com/junkyards/california/4366424-apple-auto-dismantling-wilmington-ca,unknown,unknown,Yes
https://junkyardsnearme.com/junkyards/arizona/9999200-garcia-auto-recycling-phoenix-az,unknown,unknown,Yes
https://junkyardsnearme.com/junkyards/california/10000653-mini-truck-dismantling-san-diego-ca,unknown,unknown,Yes
https://junkyardsnearme.com/junkyards/new-york/9998592-junk-car-recycling-inc-jamaica-ny,unknown,unknown,Yes
https://junkyardsnearme.com/junkyards=&p=165,unknown,unknown,Yes
https://junkyardsnearme.com/junkyards/pennsylvania=&p=18?%2Fjunkyards%2Fpennsylvania=&p=17,unknown,unknown,Yes
https://junkyardsnearme.com/junkyards/wisconsin/6879211-elmers-auto-inc-fountain-city-wi,unknown,unknown,Yes
https://junkyardsnearme.com/junkyards=&p=280,unknown,unknown,Yes
https://junkyardsnearme.com/junkyards/nebraska/9998914-edgar-motor-company-edgar-ne,unknown,unknown,Yes
https://junkyardsnearme.com/junkyards/iowa/10000908-nugent-auto-sales-maquoketa-ia,unknown,unknown,Yes
https://junkyardsnearme.com/junkyards=&p=260,unknown,unknown,Yes
https://junkyardsnearme.com/junkyards/new-jersey/9998455-bryans-used-auto-parts-newark-nj,unknown,unknown,Yes
https://junkyardsnearme.com/junkyards=&p=150?%2Fjunkyards=&p=151,unknown,unknown,Yes
https://junkyardsnearme.com/junkyards/michigan/9998548-cts-auto-parts-taylor-mi,unknown,unknown,Yes
https://junkyardsnearme.com/junkyards/california/10000325-luxury-auto-dismantling-rancho-cordova-ca,unknown,unknown,Yes
https://junkyardsnearme.com/junkyards=&p=469?%2Fjunkyards=&p=470,unknown,unknown,Yes
https://junkyardsnearme.com/junkyards/new-york/10000915-nuwer-auto-parts-holland-ny,unknown,unknown,Yes
https://junkyardsnearme.com/junkyards/rhode-island/9999092-five-star-auto-salvage-smithfield-ri,unknown,unknown,Yes
https://junkyardsnearme.com/junkyards/indiana/9998555-curtis-wrecking-lagrange-in,unknown,unknown,Yes
https://junkyardsnearme.com/junkyards/maryland/9998059-brandywine-truck-parts-brandywine-md,unknown,unknown,Yes
https://junkyardsnearme.com/junkyards=&p=448?%2Fjunkyards=&p=449,unknown,unknown,Yes
https://junkyardsnearme.com/junkyards/michigan/10001862-terrys-auto-parts-bay-city-mi,unknown,unknown,Yes
https://junkyardsnearme.com/junkyards/iowa=&p=6?%2Fjunkyards%2Fiowa=&p=5,unknown,unknown,Yes
https://junkyardsnearme.com/junkyards/north-carolina/9998307-chop-shop-auto-parts-forest-city-nc,unknown,unknown,Yes
https://junkyardsnearme.com/junkyards/ohio/9999995-kurkey-auto-wrecking-ravenna-oh,unknown,unknown,Yes
https://junkyardsnearme.com/junkyards/pennsylvania/10000415-marsh-auto-salvage-dawson-pa,unknown,unknown,Yes
https://junkyardsnearme.com/junkyards/tennessee/8959868-mboro-auto-parts-murfreesboro-tn,unknown,unknown,Yes
https://junkyardsnearme.com/junkyards/north-carolina/2674216-jcs-towing-salvage-salisbury-nc,unknown,unknown,Yes
https://junkyardsnearme.com/junkyards/new-york/10001077-a-w-scrap-processors-inc-wappingers-falls-ny,unknown,unknown,Yes
https://junkyardsnearme.com/junkyards/ohio/9999484-hi-way-101-auto-parts-tiffin-oh,unknown,unknown,Yes
https://junkyardsnearme.com/junkyards/new-jersey/9997451-ace-of-camden-camden-nj,unknown,unknown,Yes
https://junkyardsnearme.com/junkyards/new-brunswick,unknown,unknown,Yes
https://junkyardsnearme.com/junkyards/florida=&p=9,unknown,unknown,Yes
https://junkyardsnearme.com/junkyards/new-brunswick/8591014-barely-used-auto-parts-shediac-cape-nb,unknown,unknown,Yes
https://junkyardsnearme.com/junkyards/new-jersey/5911250-barons-auto-wrecking-inc-morganville-nj,unknown,unknown,Yes
https://junkyardsnearme.com/about-us,unknown,unknown,Yes
https://junkyardsnearme.com/junkyards/mississippi/10001884-timbes-auto-salvage-booneville-ms,unknown,unknown,Yes
https://junkyardsnearme.com/junkyards/texas/5651339-pbi-dallas-tx,unknown,unknown,Yes
https://junkyardsnearme.com/junkyards/new-hampshire/9999592-granite-state-salvage-co-inc-hudson-nh,unknown,unknown,Yes
https://junkyardsnearme.com/junkyards=&p=411?%2Fjunkyards=&p=412,unknown,unknown,Yes
https://junkyardsnearme.com/junkyards/michigan=&p=19?%2Fjunkyards%2Fmichigan=&p=18,unknown,unknown,Yes
https://junkyardsnearme.com/junkyards/rhode-island=&p=5?%2Fjunkyards%2Frhode-island=&p=6,unknown,unknown,Yes
https://junkyardsnearme.com/junkyards/texas/9998148-bumper-world-accessories-lancaster-tx,unknown,unknown,Yes
https://junkyardsnearme.com/junkyards/mississippi=&p=3?%2Fjunkyards%2Fmississippi=&p=4,unknown,unknown,Yes
https://junkyardsnearme.com/junkyards/quebec=&p=4?%2Fjunkyards%2Fquebec=&p=5,unknown,unknown,Yes
https://junkyardsnearme.com/junkyards/massachusetts/9999466-mid-city-scrap-iron-salvage-co-inc-westport-ma,unknown,unknown,Yes
https://junkyardsnearme.com/junkyards=&p=386?%2Fjunkyards=&p=385,unknown,unknown,Yes
https://junkyardsnearme.com/junkyards/oklahoma/10000015-lambert-auto-parts-collinsville-ok,unknown,unknown,Yes
https://junkyardsnearme.com/junkyards/pennsylvania/9998838-eastern-metal-recycling-bristol-pa,unknown,unknown,Yes
https://junkyardsnearme.com/junkyards=&p=376?%2Fjunkyards=&p=377,unknown,unknown,Yes
https://junkyardsnearme.com/junkyards/texas/10000779-nationwide-auto-salvage-houston-tx,unknown,unknown,Yes
https://junkyardsnearme.com/junkyards/new-jersey/9998474-alpine-auto-gallery-llc-paterson-nj,unknown,unknown,Yes
https://junkyardsnearme.com/junkyards/kentucky/10001904-toms-auto-parts-utica-ky,unknown,unknown,Yes
https://junkyardsnearme.com/junkyards/south-dakota/3484926-moores-auto-salvage-rapid-city-sd,unknown,unknown,Yes
https://junkyardsnearme.com/junkyards/pennsylvania/10001735-sprouts-place-hopwood-pa,unknown,unknown,Yes
https://junkyardsnearme.com/junkyards/idaho=&p=2?%2Fjunkyards%2Fidaho=&p=3,unknown,unknown,Yes
https://junkyardsnearme.com/junkyards/west-virginia/10001111-pickup-city-fairmont-wv,unknown,unknown,Yes
https://junkyardsnearme.com/junkyards/connecticut/10000861-andersons-flatbed-services-stratford-ct,unknown,unknown,Yes
https://junkyardsnearme.com/junkyards/new-mexico=&p=2,unknown,unknown,Yes
https://junkyardsnearme.com/junkyards/south-carolina/9998909-ed-powells-auto-salvage-anderson-sc,unknown,unknown,Yes
https://junkyardsnearme.com/junkyards/north-carolina/7391396-roper-motor-company-grover-nc,unknown,unknown,Yes
https://junkyardsnearme.com/junkyards/idaho/9998561-d-c-salvage-idaho-falls-id,unknown,unknown,Yes
https://junkyardsnearme.com/junkyards=&p=311,unknown,unknown,Yes
https://junkyardsnearme.com/junkyards=&p=362,unknown,unknown,Yes
https://junkyardsnearme.com/junkyards=&p=402,unknown,unknown,Yes
https://junkyardsnearme.com/junkyards/illinois/10000200-lkq-metro-caseyville-il,unknown,unknown,Yes
https://junkyardsnearme.com/junkyards/minnesota/9998313-chucks-auto-salvage-grand-rapids-mn,unknown,unknown,Yes
https://junkyardsnearme.com/junkyards/florida/7550769-columbia-motor-sales-inc-lake-city-fl,unknown,unknown,Yes
https://junkyardsnearme.com/junkyards/montana=&p=1,unknown,unknown,Yes
https://junkyardsnearme.com/junkyards/illinois=&p=3,unknown,unknown,Yes
https://junkyardsnearme.com/junkyards/illinois=&p=2?%2Fjunkyards%2Fillinois=&p=3,unknown,unknown,Yes
https://junkyardsnearme.com/junkyards/florida=&p=18?%2Fjunkyards%2Fflorida=&p=19,unknown,unknown,Yes
https://junkyardsnearme.com/junkyards=&p=374?%2Fjunkyards=&p=373,unknown,unknown,Yes
https://junkyardsnearme.com/junkyards/pennsylvania/3333844-2nd-time-auto-parts-philadelphia-pa,unknown,unknown,Yes
https://junkyardsnearme.com/junkyards/alabama/10000203-lkq-montgomery-montgomery-al,unknown,unknown,Yes
https://junkyardsnearme.com/junkyards=&p=421,unknown,unknown,Yes
https://junkyardsnearme.com/junkyards/ohio=&p=2?%2Fjunkyards%2Fohio=&p=3,unknown,unknown,Yes
https://junkyardsnearme.com/junkyards=&p=108?%2Fjunkyards=&p=107,unknown,unknown,Yes
https://junkyardsnearme.com/junkyards/florida=&p=11?%2Fjunkyards%2Fflorida=&p=12,unknown,unknown,Yes
https://junkyardsnearme.com/junkyards/alberta/10000619-midtown-import-auto-parts-edmonton-ab,unknown,unknown,Yes
https://junkyardsnearme.com/junkyards/illinois=&p=3?%2Fjunkyards%2Fillinois=&p=2,unknown,unknown,Yes
https://junkyardsnearme.com/junkyards/washington/9999239-gerrys-foreign-auto-parts-kittitas-wa,unknown,unknown,Yes
https://junkyardsnearme.com/junkyards/alabama/9997724-arnolds-auto-salvage-scottsboro-al,unknown,unknown,Yes
https://junkyardsnearme.com/junkyards=&p=451,unknown,unknown,Yes
https://junkyardsnearme.com/junkyards/new-jersey/9998882-dependable-iron-avenel-nj,unknown,unknown,Yes
https://junkyardsnearme.com/junkyards/texas/9997831-b-b-auto-parts-waco-tx,unknown,unknown,Yes
https://junkyardsnearme.com/junkyards/michigan/9997122-house-of-auto-parts-inc-river-rouge-mi,unknown,unknown,Yes
https://junkyardsnearme.com/junkyards/pennsylvania/6532685-b-b-salvage-llc-mount-joy-pa,unknown,unknown,Yes
https://junkyardsnearme.com/junkyards/colorado/10001949-trade-center-auto-salvage-inc-grand-junction-co,unknown,unknown,Yes
https://junkyardsnearme.com/junkyards=&p=374,unknown,unknown,Yes
https://junkyardsnearme.com/junkyards=&p=69?%2Fjunkyards=&p=68,unknown,unknown,Yes
https://junkyardsnearme.com/junkyards/texas/10000014-lalos-auto-parts-san-antonio-tx,unknown,unknown,Yes
https://junkyardsnearme.com/junkyards/british-columbia/9999061-farbrook-auto-wrecking-1979-cranbrook-bc,unknown,unknown,Yes
https://junkyardsnearme.com/junkyards/washington?%2Fjunkyards%2Fwashington=&p=2,unknown,unknown,Yes
https://junkyardsnearme.com/junkyards=&p=185,unknown,unknown,Yes
https://junkyardsnearme.com/junkyards=&p=218?%2Fjunkyards=&p=219,unknown,unknown,Yes
https://junkyardsnearme.com/junkyards/new-jersey/3812646-aaa-all-car-auto-salvage-avenel-nj,unknown,unknown,Yes
https://junkyardsnearme.com/junkyards/colorado/9997492-adams-wrecking-la-junta-co,unknown,unknown,Yes
https://junkyardsnearme.com/junkyards/wisconsin/10001142-pinkeys-capital-auto-body-milwaukee-wi,unknown,unknown,Yes
https://junkyardsnearme.com/junkyards/maine/10000611-converters-plus-lewiston-me,unknown,unknown,Yes
https://junkyardsnearme.com/junkyards/new-jersey/9997441-absolute-auto-salvage-middlesex-nj,unknown,unknown,Yes
https://junkyardsnearme.com/junkyards=&p=341,unknown,unknown,Yes
https://junkyardsnearme.com/junkyards=&p=382,unknown,unknown,Yes
https://junkyardsnearme.com/junkyards/oklahoma/4585220-tahlequah-auto-salvage-tahlequah-ok,unknown,unknown,Yes
https://junkyardsnearme.com/junkyards/indiana/10001973-trucks-imports-indianapolis-in,unknown,unknown,Yes
https://junkyardsnearme.com/junkyards/new-hampshire/9999222-general-auto-salvage-company-claremont-nh,unknown,unknown,Yes
https://junkyardsnearme.com/junkyards/virginia/9999096-fleetwood-motors-company-king-william-va,unknown,unknown,Yes
https://junkyardsnearme.com/junkyards/california/9999566-honda-foreign-auto-parts-sun-valley-ca,unknown,unknown,Yes
https://junkyardsnearme.com/junkyards=&p=241?%2Fjunkyards=&p=242,unknown,unknown,Yes
https://junkyardsnearme.com/junkyards/new-york/9998574-j-j-recycling-staten-island-ny,unknown,unknown,Yes
https://junkyardsnearme.com/junkyards/south-dakota/9999875-k-k-auto-parts-mobridge-sd,unknown,unknown,Yes
https://junkyardsnearme.com/junkyards/maryland/9998828-east-side-auto-recycling-baltimore-md,unknown,unknown,Yes
https://junkyardsnearme.com/junkyards/california/8248753-apz-aftermarket-llc-banning-ca,unknown,unknown,Yes
https://junkyardsnearme.com/junkyards/pennsylvania/9997998-bills-auto-parts-philadelphia-pa,unknown,unknown,Yes
https://junkyardsnearme.com/junkyards/pennsylvania/10001591-shartzer-auto-wreckers-farmington-pa,unknown,unknown,Yes
https://junkyardsnearme.com/junkyards=&p=40?%2Fjunkyards=&p=39,unknown,unknown,Yes
https://junkyardsnearme.com/junkyards=&p=114,unknown,unknown,Yes
https://junkyardsnearme.com/junkyards=&p=334?%2Fjunkyards=&p=333,unknown,unknown,Yes
https://junkyardsnearme.com/junkyards/california/9997009-streamline-auto-parts-victorville-ca,unknown,unknown,Yes
https://junkyardsnearme.com/junkyards/washington/9998578-d-s-light-truck-longview-wa,unknown,unknown,Yes
https://junkyardsnearme.com/junkyards/michigan,unknown,unknown,Yes
https://junkyardsnearme.com/junkyards/virginia/9998966-estes-auto-truck-parts-pilot-va,unknown,unknown,Yes
https://junkyardsnearme.com/junkyards=&p=327,unknown,unknown,Yes
https://junkyardsnearme.com/junkyards/indiana/2554686-piper-auto-body-mishawaka-in,unknown,unknown,Yes
https://junkyardsnearme.com/junkyards=&p=140?%2Fjunkyards=&p=139,unknown,unknown,Yes
https://junkyardsnearme.com/junkyards/new-york/9998298-chepy-station-auto-parts-corona-ny,unknown,unknown,Yes
https://junkyardsnearme.com/junkyards=&p=120?%2Fjunkyards=&p=119,unknown,unknown,Yes
https://junkyardsnearme.com/junkyards/british-columbia/9997931-bee-jay-auto-wrecking-towing-williams-lake-bc,unknown,unknown,Yes
https://junkyardsnearme.com/junkyards/new-mexico/9997440-abq-auto-salvage-recycling-llc-albuquerque-nm,unknown,unknown,Yes
https://junkyardsnearme.com/junkyards=&p=257,unknown,unknown,Yes
https://junkyardsnearme.com/junkyards/ohio/5898036-expressway-auto-parts-crestline-oh,unknown,unknown,Yes
https://junkyardsnearme.com/junkyards/alaska/4794266-interior-auto-salvage-fairbanks-ak,unknown,unknown,Yes
https://junkyardsnearme.com/junkyards/nebraska=&p=2,unknown,unknown,Yes
https://junkyardsnearme.com/junkyards/south-carolina/9999318-graves-auto-salvage-aiken-sc,unknown,unknown,Yes
https://junkyardsnearme.com/junkyards/utah=&p=1,unknown,unknown,Yes
https://junkyardsnearme.com/junkyards/louisiana/2226982-southland-truck-center-delcambre-la,unknown,unknown,Yes
https://junkyardsnearme.com/junkyards/massachusetts/9999248-dispro-disposal-newton-center-ma,unknown,unknown,Yes
https://junkyardsnearme.com/junkyards/north-carolina=&p=5?%2Fjunkyards%2Fnorth-carolina=&p=6,unknown,unknown,Yes
https://junkyardsnearme.com/junkyards/new-jersey=&p=5,unknown,unknown,Yes
https://junkyardsnearme.com/junkyards/south-carolina/9999678-innovating-works-automotive-recycling-marion-sc,unknown,unknown,Yes
https://junkyardsnearme.com/junkyards/colorado/9998074-brighton-truck-parts-brighton-co,unknown,unknown,Yes
https://junkyardsnearme.com/junkyards/north-carolina=&p=18?%2Fjunkyards%2Fnorth-carolina=&p=17,unknown,unknown,Yes
https://junkyardsnearme.com/junkyards/new-york/9998650-junk-a-car-brooklyn-ny,unknown,unknown,Yes
https://junkyardsnearme.com/junkyards=&p=43?%2Fjunkyards=&p=42,unknown,unknown,Yes
https://junkyardsnearme.com/junkyards=&p=44,unknown,unknown,Yes
https://junkyardsnearme.com/junkyards/kansas=&p=3?%2Fjunkyards%2Fkansas=&p=4,unknown,unknown,Yes
https://junkyardsnearme.com/junkyards/florida/9999070-fcb-auto-sales-opa-locka-fl,unknown,unknown,Yes
https://junkyardsnearme.com/junkyards/florida/9999585-howells-auto-parts-jacksonville-fl,unknown,unknown,Yes
https://junkyardsnearme.com/junkyards=&p=316?%2Fjunkyards=&p=317,unknown,unknown,Yes
https://junkyardsnearme.com/junkyards=&p=286?%2Fjunkyards=&p=287,unknown,unknown,Yes
https://junkyardsnearme.com/junkyards/kansas/10001417-rocky-hill-auto-salvage-coffeyville-ks,unknown,unknown,Yes
https://junkyardsnearme.com/junkyards/new-york/10000894-northstar-auto-salvage-evans-mills-ny,unknown,unknown,Yes
https://junkyardsnearme.com/junkyards/mississippi=&p=3,unknown,unknown,Yes
https://junkyardsnearme.com/junkyards/michigan/9999584-howe-auto-sales-bay-city-mi,unknown,unknown,Yes
https://junkyardsnearme.com/junkyards/connecticut/10000853-s-r-auto-wrecking-branford-ct,unknown,unknown,Yes
https://junkyardsnearme.com/junkyards/new-york/9997460-ace-auto-salvage-staten-island-ny,unknown,unknown,Yes
https://junkyardsnearme.com/junkyards=&p=127?%2Fjunkyards=&p=126,unknown,unknown,Yes
https://junkyardsnearme.com/junkyards/florida/3618894-apex-auto-salvage-recycling-jacksonville-fl,unknown,unknown,Yes
https://junkyardsnearme.com/junkyards=&p=479?%2Fjunkyards=&p=478,unknown,unknown,Yes
https://junkyardsnearme.com/junkyards/pennsylvania/9999671-independence-auto-salvage-aliquippa-pa,unknown,unknown,Yes
https://junkyardsnearme.com/junkyards/maine/9999684-portland-architectural-salvage-portland-me,unknown,unknown,Yes
https://junkyardsnearme.com/junkyards/ohio=&p=3,unknown,unknown,Yes
https://junkyardsnearme.com/junkyards/arkansas/9999756-jacksonville-auto-salvage-jacksonville-ar,unknown,unknown,Yes
https://junkyardsnearme.com/junkyards/alabama/9998504-counselman-automotive-recycling-of-mobile-mobile-al,unknown,unknown,Yes
https://junkyardsnearme.com/junkyards/british-columbia=&p=3?%2Fjunkyards%2Fbritish-columbia=&p=2,unknown,unknown,Yes
https://junkyardsnearme.com/junkyards/north-carolina/9997182-311-auto-parts-sophia-nc,unknown,unknown,Yes
https://junkyardsnearme.com/junkyards/ohio/6289900-mars-auto-truck-parts-mogadore-oh,unknown,unknown,Yes
https://junkyardsnearme.com/junkyards/new-jersey/10001389-garden-state-recycling-llc-montville-nj,unknown,unknown,Yes
https://junkyardsnearme.com/junkyards/quebec=&p=2?%2Fjunkyards%2Fquebec=&p=1,unknown,unknown,Yes
https://junkyardsnearme.com/junkyards/ohio=&p=3?%2Fjunkyards%2Fohio=&p=4,unknown,unknown,Yes
https://junkyardsnearme.com/junkyards/kentucky/9999425-hayes-auto-parts-bowling-green-ky,unknown,unknown,Yes
https://junkyardsnearme.com/junkyards/north-carolina/9998716-devore-cookes-auto-parts-inc-fayetteville-nc,unknown,unknown,Yes
https://junkyardsnearme.com/junkyards/virginia/10001765-staunton-wrecking-yard-staunton-va,unknown,unknown,Yes
https://junkyardsnearme.com/junkyards/georgia/9998091-brooks-auto-salvage-cartersville-ga,unknown,unknown,Yes
https://junkyardsnearme.com/junkyards/new-york/9998852-great-bear-auto-repair-and-auto-body-center-flushing-ny,unknown,unknown,Yes
https://junkyardsnearme.com/junkyards/quebec/10000675-montreal-auto-recyclers-chambly-qc,unknown,unknown,Yes
https://junkyardsnearme.com/junkyards/massachusetts/10000050-freds-used-parts-athol-ma,unknown,unknown,Yes
https://junkyardsnearme.com/junkyards/illinois/10000164-lkq-corporation-chicago-il,unknown,unknown,Yes
https://junkyardsnearme.com/junkyards/new-jersey/9443749-apex-auto-fort-lee-nj,unknown,unknown,Yes
https://junkyardsnearme.com/junkyards=&p=225?%2Fjunkyards=&p=224,unknown,unknown,Yes
https://junkyardsnearme.com/junkyards/arkansas=&p=5?%2Fjunkyards%2Farkansas=&p=4,unknown,unknown,Yes
https://junkyardsnearme.com/junkyards/michigan/9998523-crash-auto-parts-llc-detroit-mi,unknown,unknown,Yes
https://junkyardsnearme.com/junkyards/connecticut=&p=11,unknown,unknown,Yes
https://junkyardsnearme.com/junkyards/ontario=&p=8?%2Fjunkyards%2Fontario=&p=9,unknown,unknown,Yes
https://junkyardsnearme.com/junkyards/michigan/9999291-go-go-auto-parts-delton-mi,unknown,unknown,Yes
https://junkyardsnearme.com/junkyards/washington/9997710-ar1-auto-salvage-othello-wa,unknown,unknown,Yes
https://junkyardsnearme.com/junkyards/washington=&p=3,unknown,unknown,Yes
https://junkyardsnearme.com/junkyards/florida/7027278-beck-chrysler-dodge-jeep-palatka-fl,unknown,unknown,Yes
https://junkyardsnearme.com/junkyards/california/10000268-lts-auto-dismantling-inc-rancho-cordova-ca,unknown,unknown,Yes
https://junkyardsnearme.com/junkyards/british-columbia/9997848-b-e-auto-recycling-bcar-richmond-bc,unknown,unknown,Yes
https://junkyardsnearme.com/junkyards/michigan/9997828-axle-auto-parts-caspian-mi,unknown,unknown,Yes
https://junkyardsnearme.com/junkyards/north-carolina/9370700-mortons-auto-salvage-jacksonville-nc,unknown,unknown,Yes
https://junkyardsnearme.com/junkyards/texas/4784700-dfw-used-auto-parts-fort-worth-tx,unknown,unknown,Yes
https://junkyardsnearme.com/junkyards/mississippi/10000615-mid-state-auto-parts-pearl-ms,unknown,unknown,Yes
https://junkyardsnearme.com/junkyards=&p=373,unknown,unknown,Yes
https://junkyardsnearme.com/junkyards/maine/7863030-m-p-used-auto-parts-auburn-me,unknown,unknown,Yes
https://junkyardsnearme.com/junkyards/pennsylvania/10001485-s-t-o-auto-parts-philadelphia-pa,unknown,unknown,Yes
https://junkyardsnearme.com/junkyards/ontario/9998222-cargo-auto-recyclers-north-bay-on,unknown,unknown,Yes
https://junkyardsnearme.com/junkyards/tennessee/9998257-center-hill-auto-recyclers-smithville-tn,unknown,unknown,Yes
https://junkyardsnearme.com/junkyards/colorado/9998543-crusher-auto-truck-salvage-denver-co,unknown,unknown,Yes
https://junkyardsnearme.com/junkyards/missouri/9999876-k-m-auto-salvage-columbia-mo,unknown,unknown,Yes
https://junkyardsnearme.com/junkyards/north-carolina/4832217-devore-cooke-auto-parts-fayetteville-nc,unknown,unknown,Yes
https://junkyardsnearme.com/junkyards=&p=208,unknown,unknown,Yes
https://junkyardsnearme.com/junkyards/kansas/7385523-crowley-cars-salvage-beloit-ks,unknown,unknown,Yes
https://junkyardsnearme.com/junkyards/california=&p=25?%2Fjunkyards%2Fcalifornia=&p=26,unknown,unknown,Yes
https://junkyardsnearme.com/junkyards/new-york/9998858-moses-auto-repair-corona-ny,unknown,unknown,Yes
https://junkyardsnearme.com/junkyards=&p=464,unknown,unknown,Yes
https://junkyardsnearme.com/junkyards/washington=&p=3?%2Fjunkyards%2Fwashington=&p=4,unknown,unknown,Yes
https://junkyardsnearme.com/junkyards/minnesota/10000274-lunds-auto-minneapolis-mn,unknown,unknown,Yes
https://junkyardsnearme.com/junkyards/oregon/4592750-union-gap-auto-wrecking-llc-oakland-or,unknown,unknown,Yes
https://junkyardsnearme.com/junkyards/massachusetts/9999138-jimmy-z-towing-worcester-ma,unknown,unknown,Yes
https://junkyardsnearme.com/junkyards/new-york/6874577-affordable-motors-of-brooklyn-brooklyn-ny,unknown,unknown,Yes
https://junkyardsnearme.com/junkyards=&p=141?%2Fjunkyards=&p=142,unknown,unknown,Yes
https://junkyardsnearme.com/junkyards/missouri/9997612-all-n-1-u-pull-metal-recycling-kansas-city-mo,unknown,unknown,Yes
https://junkyardsnearme.com/junkyards=&p=294?%2Fjunkyards=&p=293,unknown,unknown,Yes
https://junkyardsnearme.com/junkyards/california/2735934-direct-automotive-products-rancho-cordova-ca,unknown,unknown,Yes
https://junkyardsnearme.com/junkyards/north-dakota/2820441-hazers-auto-truck-parts-inc-west-fargo-nd,unknown,unknown,Yes
https://junkyardsnearme.com/junkyards/indiana/10000180-lkq-great-lakes-michigan-city-in,unknown,unknown,Yes
https://junkyardsnearme.com/junkyards/california/2896126-one-way-auto-salvage-alhambra-ca,unknown,unknown,Yes
https://junkyardsnearme.com/junkyards=&p=116,unknown,unknown,Yes
https://junkyardsnearme.com/junkyards=&p=32,unknown,unknown,Yes
https://junkyardsnearme.com/junkyards/minnesota/9999590-hubers-automotive-pipestone-mn,unknown,unknown,Yes
https://junkyardsnearme.com/junkyards/new-jersey/2675555-dennings-used-auto-parts-mount-holly-nj,unknown,unknown,Yes
https://junkyardsnearme.com/junkyards/new-york/9998483-aum-ny-corp-new-york-ny,unknown,unknown,Yes
https://junkyardsnearme.com/junkyards/saskatchewan?%2Fjunkyards%2Fsaskatchewan=&p=2,unknown,unknown,Yes
https://junkyardsnearme.com/junkyards/kentucky/9999771-jays-auto-recycling-sales-sparta-ky,unknown,unknown,Yes
https://junkyardsnearme.com/junkyards/arizona/2691770-a-select-auto-phoenix-az,unknown,unknown,Yes
https://junkyardsnearme.com/junkyards/rhode-island=&p=6,unknown,unknown,Yes
https://junkyardsnearme.com/junkyards/connecticut/9999948-nichols-auto-parts-inc-clinton-ct,unknown,unknown,Yes
https://junkyardsnearme.com/junkyards/michigan/9998638-davis-auto-parts-charlotte-mi,unknown,unknown,Yes
https://junkyardsnearme.com/junkyards/mississippi=&p=6,unknown,unknown,Yes
https://junkyardsnearme.com/junkyards/ohio/9997930-bedford-auto-wrecking-bedford-oh,unknown,unknown,Yes
https://junkyardsnearme.com/junkyards/ontario/9999330-green-lane-auto-wreckers-thornhill-on,unknown,unknown,Yes
https://junkyardsnearme.com/junkyards/california/9998209-capital-jac-sacramento-ca,unknown,unknown,Yes
https://junkyardsnearme.com/junkyards/tennessee/9997193-45-auto-truck-salvage-milan-tn,unknown,unknown,Yes
https://junkyardsnearme.com/junkyards=&p=488?%2Fjunkyards=&p=487,unknown,unknown,Yes
https://junkyardsnearme.com/junkyards/texas/9999043-express-auto-parts-houston-tx,unknown,unknown,Yes
https://junkyardsnearme.com/junkyards=&p=416,unknown,unknown,Yes
https://junkyardsnearme.com/junkyards=&p=414,unknown,unknown,Yes
https://junkyardsnearme.com/junkyards/california/9999991-kresa-auto-dismantling-fresno-ca,unknown,unknown,Yes
https://junkyardsnearme.com/junkyards/maine/7962439-waite-auto-salvage-topsfield-me,unknown,unknown,Yes
https://junkyardsnearme.com/junkyards/new-jersey/9998466-lafayette-salvage-inc-lafayette-nj,unknown,unknown,Yes
https://junkyardsnearme.com/junkyards/ohio/9998869-marshalls-auto-truck-parts-inc-circleville-oh,unknown,unknown,Yes
https://junkyardsnearme.com/junkyards/louisiana?%2Fjunkyards%2Flouisiana=&p=2,unknown,unknown,Yes
https://junkyardsnearme.com/junkyards/michigan/10001308-regal-auto-parts-south-whitmore-lake-mi,unknown,unknown,Yes
https://junkyardsnearme.com/junkyards/florida/9998900-eco-green-auto-parts-orlando-fl,unknown,unknown,Yes
https://junkyardsnearme.com/junkyards/oregon/9997530-airport-auto-salvage-portland-or,unknown,unknown,Yes
https://junkyardsnearme.com/junkyards/nevada/10000227-lkq-reno-sparks-nv,unknown,unknown,Yes
https://junkyardsnearme.com/junkyards=&p=251?%2Fjunkyards=&p=250,unknown,unknown,Yes
https://junkyardsnearme.com/junkyards/massachusetts/10000331-joseph-enos-son-taunton-ma,unknown,unknown,Yes
https://junkyardsnearme.com/junkyards/florida/2449425-encore-ent-inc-fort-lauderdale-fl,unknown,unknown,Yes
https://junkyardsnearme.com/junkyards/virginia/9999933-king-george-auto-parts-king-george-va,unknown,unknown,Yes
https://junkyardsnearme.com/junkyards/illinois=&p=1?%2Fjunkyards%2Fillinois=&p=2,unknown,unknown,Yes
https://junkyardsnearme.com/junkyards/texas/9997961-best-recycled-auto-parts-pasadena-tx,unknown,unknown,Yes
https://junkyardsnearme.com/junkyards/michigan/9998095-broome-auto-parts-wayne-mi,unknown,unknown,Yes
https://junkyardsnearme.com/junkyards/idaho/9998535-crosss-crashes-idaho-falls-id,unknown,unknown,Yes
https://junkyardsnearme.com/junkyards/georgia/10001210-quality-used-auto-parts-fayetteville-ga,unknown,unknown,Yes
https://junkyardsnearme.com/junkyards=&p=84?%2Fjunkyards=&p=83,unknown,unknown,Yes
https://junkyardsnearme.com/junkyards/new-hampshire/9999607-hopi-corporation-dba-bullseye-recyclers-belmont-nh,unknown,unknown,Yes
https://junkyardsnearme.com/junkyards/wisconsin/9998187-calumet-auto-parts-milwaukee-wi,unknown,unknown,Yes
https://junkyardsnearme.com/junkyards/ohio/9999718-j-j-auto-parts-marengo-oh,unknown,unknown,Yes
https://junkyardsnearme.com/junkyards/arkansas/10002071-volvos-etc-mayflower-ar,unknown,unknown,Yes
https://junkyardsnearme.com/junkyards/california=&p=16,unknown,unknown,Yes
https://junkyardsnearme.com/junkyards/arkansas/10001015-payless-auto-salvage-rogers-ar,unknown,unknown,Yes
https://junkyardsnearme.com/junkyards/california=&p=19?%2Fjunkyards%2Fcalifornia=&p=18,unknown,unknown,Yes
https://junkyardsnearme.com/junkyards/idaho/9997584-all-hours-auto-nampa-id,unknown,unknown,Yes
https://junkyardsnearme.com/junkyards/florida=&p=9?%2Fjunkyards%2Fflorida=&p=8,unknown,unknown,Yes
https://junkyardsnearme.com/junkyards/massachusetts/9999292-goldies-sales-inc-millis-ma,unknown,unknown,Yes
https://junkyardsnearme.com/junkyards/california/9997281-a-1-auto-dismantlers-antioch-ca,unknown,unknown,Yes
https://junkyardsnearme.com/junkyards/utah/10001709-southwest-auto-recycling-washington-ut,unknown,unknown,Yes
https://junkyardsnearme.com/junkyards/tennessee/9999970-knox-auto-parts-knoxville-tn,unknown,unknown,Yes
https://junkyardsnearme.com/junkyards/florida/10001813-suwannee-auto-salvage-live-oak-fl,unknown,unknown,Yes
https://junkyardsnearme.com/junkyards=&p=22?%2Fjunkyards=&p=23,unknown,unknown,Yes
https://junkyardsnearme.com/junkyards/rhode-island/10000290-liberty-tree-automotive-providence-ri,unknown,unknown,Yes
https://junkyardsnearme.com/junkyards/alberta=&p=3?%2Fjunkyards%2Falberta=&p=2,unknown,unknown,Yes
https://junkyardsnearme.com/junkyards/indiana/9998889-ebbing-auto-parts-north-vernon-in,unknown,unknown,Yes
https://junkyardsnearme.com/junkyards/pennsylvania=&p=6,unknown,unknown,Yes
https://junkyardsnearme.com/junkyards/michigan/9997984-big-sam-auto-parts-detroit-mi,unknown,unknown,Yes
https://junkyardsnearme.com/junkyards/new-york/10001558-copart-salvage-auto-auctions-brookhaven-ny,unknown,unknown,Yes
https://junkyardsnearme.com/junkyards/indiana=&p=7?%2Fjunkyards%2Findiana=&p=6,unknown,unknown,Yes
https://junkyardsnearme.com/junkyards/ohio/3602904-a-1auto-buyers-austintown-oh,unknown,unknown,Yes
https://junkyardsnearme.com/junkyards/michigan/9998756-diyar-group-detroit-mi,unknown,unknown,Yes
https://junkyardsnearme.com/junkyards=&p=84?%2Fjunkyards=&p=85,unknown,unknown,Yes
https://junkyardsnearme.com/junkyards/kansas/10000117-lewis-auto-salvage-topeka-ks,unknown,unknown,Yes
https://junkyardsnearme.com/junkyards/ohio/7976707-lindale-auto-parts-new-richmond-oh,unknown,unknown,Yes
https://junkyardsnearme.com/junkyards=&p=516,unknown,unknown,Yes
https://junkyardsnearme.com/junkyards=&p=486?%2Fjunkyards=&p=485,unknown,unknown,Yes
https://junkyardsnearme.com/junkyards=&p=423?%2Fjunkyards=&p=422,unknown,unknown,Yes
https://junkyardsnearme.com/junkyards/tennessee/9999649-highway-88-auto-salvage-maury-city-tn,unknown,unknown,Yes
https://junkyardsnearme.com/junkyards/utah=&p=2?%2Fjunkyards%2Futah=&p=3,unknown,unknown,Yes
https://junkyardsnearme.com/junkyards/new-jersey/9998033-bobs-auto-salvage-newark-nj,unknown,unknown,Yes
https://junkyardsnearme.com/junkyards=&p=394,unknown,unknown,Yes
https://junkyardsnearme.com/junkyards/washington/9999066-fast-auto-wrecking-battle-ground-wa,unknown,unknown,Yes
https://junkyardsnearme.com/junkyards/north-carolina/9999297-good-news-auto-parts-salvage-ahoskie-nc,unknown,unknown,Yes
https://junkyardsnearme.com/junkyards/north-carolina/9997911-bass-used-parts-fairmont-nc,unknown,unknown,Yes
https://junkyardsnearme.com/junkyards/pennsylvania/9997649-american-auto-parts-philadelphia-pa,unknown,unknown,Yes
https://junkyardsnearme.com/junkyards/colorado/10001568-second-spin-auto-parts-denver-co,unknown,unknown,Yes
https://junkyardsnearme.com/junkyards/north-carolina=&p=9,unknown,unknown,Yes
https://junkyardsnearme.com/junkyards/new-york/9998796-dutchers-inc-morrisville-ny,unknown,unknown,Yes
https://junkyardsnearme.com/junkyards/iowa=&p=7?%2Fjunkyards%2Fiowa=&p=8,unknown,unknown,Yes
https://junkyardsnearme.com/junkyards/wisconsin/9999529-hillside-salvage-llc-tigerton-wi,unknown,unknown,Yes
https://junkyardsnearme.com/junkyards/new-hampshire/10000555-schnitzer-northeast-concord-nh,unknown,unknown,Yes
https://junkyardsnearme.com/junkyards/florida/10000542-miami-foreign-car-parts-corp-miami-fl,unknown,unknown,Yes
https://junkyardsnearme.com/junkyards/kansas/9997777-auto-land-carbondale-ks,unknown,unknown,Yes
https://junkyardsnearme.com/junkyards/connecticut/9999965-cooper-capital-specialty-salvage-llc-old-saybrook-ct,unknown,unknown,Yes
https://junkyardsnearme.com/junkyards/tennessee/9999971-knox-auto-parts-2-knoxville-tn,unknown,unknown,Yes
https://junkyardsnearme.com/junkyards/illinois/7229072-a-affordable-auto-parts-joliet-il,unknown,unknown,Yes
https://junkyardsnearme.com/junkyards/quebec/9998968-euro-parts-inc-gatineau-qc,unknown,unknown,Yes
https://junkyardsnearme.com/junkyards/washington/9997877-b-n-h-auto-wrecking-yelm-wa,unknown,unknown,Yes
https://junkyardsnearme.com/junkyards/massachusetts/9999212-greenleaf-auto-recyclers-leominster-ma,unknown,unknown,Yes
https://junkyardsnearme.com/junkyards/delaware/9998071-bridgeville-auto-center-bridgeville-de,unknown,unknown,Yes
https://junkyardsnearme.com/junkyards/new-mexico/10001460-rudys-towing-roswell-nm,unknown,unknown,Yes
https://junkyardsnearme.com/junkyards/pennsylvania/7253892-jordan-auto-parts-point-marion-pa,unknown,unknown,Yes
https://junkyardsnearme.com/junkyards/missouri/9998506-county-line-auto-truck-kingsville-mo,unknown,unknown,Yes
https://junkyardsnearme.com/junkyards/ohio/5976110-rusty-nuts-auto-and-metal-recycling-deerfield-oh,unknown,unknown,Yes
https://junkyardsnearme.com/junkyards=&p=149?%2Fjunkyards=&p=150,unknown,unknown,Yes
https://junkyardsnearme.com/junkyards/new-jersey/9998458-cash4yourjunkcars-elizabeth-nj,unknown,unknown,Yes
https://junkyardsnearme.com/junkyards/british-columbia/9997878-b-c-auto-wrecking-nanaimo-bc,unknown,unknown,Yes
https://junkyardsnearme.com/junkyards/california/9998801-e-r-auto-wrecking-modesto-ca,unknown,unknown,Yes
https://junkyardsnearme.com/junkyards/ontario=&p=12,unknown,unknown,Yes
https://junkyardsnearme.com/junkyards/arkansas/8863561-cavenaugh-gm-superstore-walnut-ridge-ar,unknown,unknown,Yes
https://junkyardsnearme.com/junkyards/new-york/10001613-nash-recovery-salvage-brooklyn-ny,unknown,unknown,Yes
https://junkyardsnearme.com/junkyards/ohio/5369100-nationwide-auto-parts-recycler-toledo-oh,unknown,unknown,Yes
https://junkyardsnearme.com/junkyards/california/9998627-datsun-auto-wrecking-san-diego-ca,unknown,unknown,Yes
https://junkyardsnearme.com/junkyards/maine/10000600-thank-heaven-junk-car-removal-portland-me,unknown,unknown,Yes
https://junkyardsnearme.com/junkyards/california/10000413-mars-auto-sun-valley-ca,unknown,unknown,Yes
https://junkyardsnearme.com/junkyards/wisconsin/10000642-mikey-smets-auto-salvage-pound-wi,unknown,unknown,Yes
https://junkyardsnearme.com/junkyards/michigan/9999731-j-r-auto-recyclers-inc-cedar-springs-mi,unknown,unknown,Yes
https://junkyardsnearme.com/junkyards/new-york/10001071-r-d-auto-services-tuckahoe-ny,unknown,unknown,Yes
https://junkyardsnearme.com/junkyards/nevada/6233498-a-1-auto-repair-tow-service-winnemucca-nv,unknown,unknown,Yes
https://junkyardsnearme.com/junkyards/north-carolina/10000000-l-l-auto-parts-grover-nc,unknown,unknown,Yes
https://junkyardsnearme.com/junkyards/texas/9999080-fidels-hwy-71-auto-salvage-del-valle-tx,unknown,unknown,Yes
https://junkyardsnearme.com/junkyards/massachusetts/10000094-rowley-auto-salvage-rowley-ma,unknown,unknown,Yes
https://junkyardsnearme.com/junkyards/maine/10000699-stevens-salvage-corporation-houlton-me,unknown,unknown,Yes
https://junkyardsnearme.com/junkyards=&p=133?%2Fjunkyards=&p=134,unknown,unknown,Yes
https://junkyardsnearme.com/junkyards=&p=168,unknown,unknown,Yes
https://junkyardsnearme.com/junkyards/new-york/9998468-cccscrap-jamaica-ny,unknown,unknown,Yes
https://junkyardsnearme.com/junkyards/michigan/9999265-gladwin-auto-salvage-sales-beaverton-mi,unknown,unknown,Yes
https://junkyardsnearme.com/junkyards/kansas/2515200-purkeys-auto-salvage-coffeyville-ks,unknown,unknown,Yes
https://junkyardsnearme.com/junkyards/south-carolina/10001010-patrick-automotive-summerville-sc,unknown,unknown,Yes
https://junkyardsnearme.com/junkyards/florida/9997255-a-b-b-auto-parts-inc-callahan-fl,unknown,unknown,Yes
https://junkyardsnearme.com/junkyards/pennsylvania/8726316-maroneys-foreign-cars-parts-smithton-pa,unknown,unknown,Yes
https://junkyardsnearme.com/junkyards/quebec/9998445-complexe-auto-st-paul-chicoutimi-qc,unknown,unknown,Yes
https://junkyardsnearme.com/junkyards/ontario/7253460-bills-truck-shop-ltd-courtice-on,unknown,unknown,Yes
https://junkyardsnearme.com/junkyards/new-jersey/9998593-kaars-inc-trenton-nj,unknown,unknown,Yes
https://junkyardsnearme.com/junkyards/utah/10001674-sommers-auto-wrecking-salt-lake-city-ut,unknown,unknown,Yes
https://junkyardsnearme.com/junkyards/michigan/10000661-mitchs-auto-parts-detroit-mi,unknown,unknown,Yes
https://junkyardsnearme.com/junkyards/texas/9997583-all-foreign-parts-houston-tx,unknown,unknown,Yes
https://junkyardsnearme.com/junkyards/north-carolina/2583431-buchanan-auto-sales-salvage-sanford-nc,unknown,unknown,Yes
https://junkyardsnearme.com/junkyards/new-mexico/10000827-north-54-salvage-alamogordo-nm,unknown,unknown,Yes
https://junkyardsnearme.com/junkyards/california=&p=15,unknown,unknown,Yes
https://junkyardsnearme.com/junkyards/new-hampshire/10000581-morways-auto-salvage-charlestown-nh,unknown,unknown,Yes
https://junkyardsnearme.com/junkyards=&p=329?%2Fjunkyards=&p=328,unknown,unknown,Yes
https://junkyardsnearme.com/junkyards/massachusetts/9998094-brookside-auto-parts-orange-ma,unknown,unknown,Yes
https://junkyardsnearme.com/junkyards=&p=254?%2Fjunkyards=&p=253,unknown,unknown,Yes
https://junkyardsnearme.com/junkyards/rhode-island/10000509-harlans-auto-warwick-ri,unknown,unknown,Yes
https://junkyardsnearme.com/junkyards/tennessee/9643411-perrys-automotive-llc-summertown-tn,unknown,unknown,Yes
https://junkyardsnearme.com/junkyards/quebec/10001288-recyclage-eric-desbiens-larouche-qc,unknown,unknown,Yes
https://junkyardsnearme.com/junkyards/florida=&p=21?%2Fjunkyards%2Fflorida=&p=22,unknown,unknown,Yes
https://junkyardsnearme.com/junkyards/minnesota/9997897-balows-highway-7-auto-salvage-lester-prairie-mn,unknown,unknown,Yes
https://junkyardsnearme.com/junkyards/minnesota?%2Fjunkyards%2Fminnesota=&p=2,unknown,unknown,Yes
https://junkyardsnearme.com/junkyards=&p=154,unknown,unknown,Yes
https://junkyardsnearme.com/junkyards/tennessee/10001774-stoneys-auto-salvage-columbia-tn,unknown,unknown,Yes
https://junkyardsnearme.com/junkyards=&p=74,unknown,unknown,Yes
https://junkyardsnearme.com/junkyards/oregon/9262300-b-r-auto-wrecking-albany-or,unknown,unknown,Yes
https://junkyardsnearme.com/junkyards/ontario/8432948-fergus-auto-recyclers-inc-fergus-on,unknown,unknown,Yes
https://junkyardsnearme.com/junkyards/new-mexico/9997470-acme-auto-salvage-albuquerque-nm,unknown,unknown,Yes
https://junkyardsnearme.com/junkyards/alberta/9998201-canadian-used-auto-parts-calgary-ab,unknown,unknown,Yes
https://junkyardsnearme.com/junkyards/new-york/10001234-junk-cars-removed-cash-paid-staten-island-ny,unknown,unknown,Yes
https://junkyardsnearme.com/junkyards/ohio/9998120-buckeye-auto-parts-of-columbus-columbus-oh,unknown,unknown,Yes
https://junkyardsnearme.com/junkyards/pennsylvania=&p=4?%2Fjunkyards%2Fpennsylvania=&p=3,unknown,unknown,Yes
https://junkyardsnearme.com/junkyards/texas/9998056-bramblett-auto-parts-carthage-tx,unknown,unknown,Yes
https://junkyardsnearme.com/junkyards/pennsylvania/10001362-ricks-used-auto-truck-parts-kersey-pa,unknown,unknown,Yes
https://junkyardsnearme.com/junkyards/arkansas/9999654-i-55-auto-parts-marion-ar,unknown,unknown,Yes
https://junkyardsnearme.com/junkyards/california/4346701-beach-cities-sunroofs-signal-hill-ca,unknown,unknown,Yes
https://junkyardsnearme.com/junkyards=&p=482?%2Fjunkyards=&p=481,unknown,unknown,Yes
https://junkyardsnearme.com/junkyards/alabama/7631084-luxury-auto-parts-lincoln-al,unknown,unknown,Yes
https://junkyardsnearme.com/junkyards/north-carolina=&p=11,unknown,unknown,Yes
https://junkyardsnearme.com/junkyards/manitoba=&p=2,unknown,unknown,Yes
https://junkyardsnearme.com/junkyards/kansas/10002053-varco-auto-parts-llc-holton-ks,unknown,unknown,Yes
https://junkyardsnearme.com/junkyards/ontario=&p=5?%2Fjunkyards%2Fontario=&p=6,unknown,unknown,Yes
https://junkyardsnearme.com/junkyards/connecticut/9998734-dings-auto-sales-litchfield-ct,unknown,unknown,Yes
https://junkyardsnearme.com/junkyards/virginia/10002038-va-motors-llc-hampton-va,unknown,unknown,Yes
https://junkyardsnearme.com/junkyards=&p=391?%2Fjunkyards=&p=390,unknown,unknown,Yes
https://junkyardsnearme.com/junkyards/rhode-island=&p=5,unknown,unknown,Yes
https://junkyardsnearme.com/junkyards/arizona/9395800-glendale-auto-parts-glendale-az,unknown,unknown,Yes
https://junkyardsnearme.com/junkyards/california/9999730-j-m-auto-wrecking-modesto-ca,unknown,unknown,Yes
https://junkyardsnearme.com/junkyards/new-york/10000013-lakewood-used-auto-parts-lindenhurst-ny,unknown,unknown,Yes
https://junkyardsnearme.com/junkyards/connecticut=&p=7?%2Fjunkyards%2Fconnecticut=&p=6,unknown,unknown,Yes
https://junkyardsnearme.com/junkyards/michigan=&p=23?%2Fjunkyards%2Fmichigan=&p=22,unknown,unknown,Yes
https://junkyardsnearme.com/junkyards/florida/10001720-specialty-automotive-saint-augustine-fl,unknown,unknown,Yes
https://junkyardsnearme.com/junkyards/california/9997305-a-german-auto-wrecking-san-jose-ca,unknown,unknown,Yes
https://junkyardsnearme.com/junkyards/alabama/10000543-michaels-automotive-adamsville-al,unknown,unknown,Yes
https://junkyardsnearme.com/junkyards/utah/2663541-labrum-auto-wrecking-salt-lake-city-ut,unknown,unknown,Yes
https://junkyardsnearme.com/junkyards/rhode-island/10000106-north-providence-auto-salvage-providence-ri,unknown,unknown,Yes
https://junkyardsnearme.com/junkyards/texas/8497276-hoelewyn-auto-salvage-angelton-tx,unknown,unknown,Yes
https://junkyardsnearme.com/junkyards/north-carolina=&p=19?%2Fjunkyards%2Fnorth-carolina=&p=18,unknown,unknown,Yes
https://junkyardsnearme.com/junkyards/georgia/2944869-prestige-mustang-clarkston-ga,unknown,unknown,Yes
https://junkyardsnearme.com/junkyards=&p=430,unknown,unknown,Yes
https://junkyardsnearme.com/junkyards/maine/10000604-outback-salvage-yard-naples-me,unknown,unknown,Yes
https://junkyardsnearme.com/junkyards/maine/10000704-newport-metals-east-newport-me,unknown,unknown,Yes
https://junkyardsnearme.com/junkyards/indiana/4772886-elston-auto-repair-salvage-lafayette-in,unknown,unknown,Yes
https://junkyardsnearme.com/junkyards=&p=499,unknown,unknown,Yes
https://junkyardsnearme.com/junkyards/connecticut=&p=9,unknown,unknown,Yes
https://junkyardsnearme.com/junkyards=&p=488,unknown,unknown,Yes
https://junkyardsnearme.com/junkyards=&p=245?%2Fjunkyards=&p=244,unknown,unknown,Yes
https://junkyardsnearme.com/junkyards/missouri/9999262-gilpins-auto-parts-marshall-mo,unknown,unknown,Yes
https://junkyardsnearme.com/junkyards=&p=160,unknown,unknown,Yes
https://junkyardsnearme.com/junkyards/new-york/9997235-a-p-auto-parts-inc-cicero-ny,unknown,unknown,Yes
https://junkyardsnearme.com/junkyards=&p=101?%2Fjunkyards=&p=102,unknown,unknown,Yes
https://junkyardsnearme.com/junkyards/wyoming/5683627-andys-truck-parts-basin-wy,unknown,unknown,Yes
https://junkyardsnearme.com/junkyards=&p=278?%2Fjunkyards=&p=277,unknown,unknown,Yes
https://junkyardsnearme.com/junkyards=&p=24?%2Fjunkyards=&p=23,unknown,unknown,Yes
https://junkyardsnearme.com/junkyards/california/10000639-mikes-foreign-auto-parts-wilmington-ca,unknown,unknown,Yes
https://junkyardsnearme.com/junkyards/iowa/2658792-sams-riverside-inc-des-moines-ia,unknown,unknown,Yes
https://junkyardsnearme.com/junkyards/california/9997665-american-imports-san-jose-ca,unknown,unknown,Yes
https://junkyardsnearme.com/junkyards/iowa/9998792-dumont-auto-parts-dumont-ia,unknown,unknown,Yes
https://junkyardsnearme.com/junkyards/pennsylvania=&p=15?%2Fjunkyards%2Fpennsylvania=&p=16,unknown,unknown,Yes
https://junkyardsnearme.com/junkyards/ontario/9999074-fenton-auto-parts-orillia-on,unknown,unknown,Yes
https://junkyardsnearme.com/junkyards/illinois/10000746-mudd-duck-auto-east-saint-louis-il,unknown,unknown,Yes
https://junkyardsnearme.com/junkyards/ohio/10001470-rz-auto-parts-llc-middletown-oh,unknown,unknown,Yes
https://junkyardsnearme.com/junkyards/massachusetts/9998150-burlington-auto-parts-shirley-ma,unknown,unknown,Yes
https://junkyardsnearme.com/junkyards/florida/10001848-target-used-auto-parts-opa-locka-fl,unknown,unknown,Yes
https://junkyardsnearme.com/junkyards/connecticut/10000758-central-scrap-metal-co-inc-waterbury-ct,unknown,unknown,Yes
https://junkyardsnearme.com/junkyards/mississippi/10000017-lambert-auto-salvage-booneville-ms,unknown,unknown,Yes
https://junkyardsnearme.com/junkyards/massachusetts/9999238-junk-depot-saugus-ma,unknown,unknown,Yes
https://junkyardsnearme.com/junkyards/maryland/5296757-fast-cash-for-junk-cars-baltimore-md,unknown,unknown,Yes
https://junkyardsnearme.com/junkyards/washington/9998273-central-salvage-auto-wrecking-yakima-wa,unknown,unknown,Yes
https://junkyardsnearme.com/junkyards=&p=37,unknown,unknown,Yes
https://junkyardsnearme.com/junkyards/new-jersey/10001351-fortune-plastic-metals-inc-jersey-city-nj,unknown,unknown,Yes
https://junkyardsnearme.com/junkyards=&p=262,unknown,unknown,Yes
https://junkyardsnearme.com/junkyards/indiana/9999081-fields-auto-parts-greenfield-in,unknown,unknown,Yes
https://junkyardsnearme.com/junkyards=&p=397?%2Fjunkyards=&p=396,unknown,unknown,Yes
https://junkyardsnearme.com/junkyards/ontario/10000808-niagara-auto-wreckers-allanburg-on,unknown,unknown,Yes
https://junkyardsnearme.com/junkyards/ontario/10000037-lasalle-auto-centre-sarnia-on,unknown,unknown,Yes
https://junkyardsnearme.com/junkyards/oregon=&p=7,unknown,unknown,Yes
https://junkyardsnearme.com/junkyards/new-york/9998428-bayview-auto-wreckers-inc-staten-island-ny,unknown,unknown,Yes
https://junkyardsnearme.com/junkyards/florida/10000752-munich-autobahn-opa-locka-fl,unknown,unknown,Yes
https://junkyardsnearme.com/junkyards/georgia/9999663-import-auto-recycling-dalton-ga,unknown,unknown,Yes
https://junkyardsnearme.com/junkyards/west-virginia/10000171-lkq-ernies-martinsburg-wv,unknown,unknown,Yes
https://junkyardsnearme.com/junkyards/quebec/4362441-le-cavalier-sainte-sophie-qc,unknown,unknown,Yes
https://junkyardsnearme.com/junkyards/texas/9999485-hi-way-121-auto-parts-ii-the-colony-tx,unknown,unknown,Yes
https://junkyardsnearme.com/junkyards/minnesota=&p=9,unknown,unknown,Yes
https://junkyardsnearme.com/junkyards/massachusetts/9999544-brookside-auto-parts-inc-orange-ma,unknown,unknown,Yes
https://junkyardsnearme.com/junkyards/connecticut/10001222-r-m-recyclers-new-britain-ct,unknown,unknown,Yes
https://junkyardsnearme.com/junkyards/tennessee/10000213-lkq-tennessee-manchester-tn,unknown,unknown,Yes
https://junkyardsnearme.com/junkyards/new-york/9998692-garrett-auto-services-sound-beach-ny,unknown,unknown,Yes
https://junkyardsnearme.com/junkyards/michigan/9999967-kj-used-auto-parts-detroit-mi,unknown,unknown,Yes
https://junkyardsnearme.com/junkyards/florida=&p=17,unknown,unknown,Yes
https://junkyardsnearme.com/junkyards/california/2255553-action-auto-wreckers-san-jose-ca,unknown,unknown,Yes
https://junkyardsnearme.com/junkyards/virginia=&p=3?%2Fjunkyards%2Fvirginia=&p=4,unknown,unknown,Yes
https://junkyardsnearme.com/junkyards/colorado/9998080-broadway-auto-parts-denver-co,unknown,unknown,Yes
https://junkyardsnearme.com/junkyards/washington/4239327-g-t-metals-llc-longview-wa,unknown,unknown,Yes
https://junkyardsnearme.com/junkyards/new-mexico/10000205-lkq-new-mexico-albuquerque-nm,unknown,unknown,Yes
https://junkyardsnearme.com/junkyards/ontario/9998830-east-side-auto-warehouse-belle-river-on,unknown,unknown,Yes
https://junkyardsnearme.com/junkyards=&p=82?%2Fjunkyards=&p=83,unknown,unknown,Yes
https://junkyardsnearme.com/junkyards/florida/10001302-reeds-auto-salvage-wauchula-fl,unknown,unknown,Yes
https://junkyardsnearme.com/junkyards/nova-scotia/9998788-dugas-auto-recyclers-rebuilders-church-point-ns,unknown,unknown,Yes
https://junkyardsnearme.com/junkyards/california/9998408-coast-auto-salvage-lancaster-ca,unknown,unknown,Yes
https://junkyardsnearme.com/junkyards=&p=31?%2Fjunkyards=&p=30,unknown,unknown,Yes
https://junkyardsnearme.com/junkyards=&p=286?%2Fjunkyards=&p=285,unknown,unknown,Yes
https://junkyardsnearme.com/junkyards/maryland/9998295-chazs-used-auto-parts-taneytown-md,unknown,unknown,Yes
https://junkyardsnearme.com/junkyards=&p=168?%2Fjunkyards=&p=169,unknown,unknown,Yes
https://junkyardsnearme.com/junkyards/idaho/2325952-shaw-auto-parts-pocatello-id,unknown,unknown,Yes
https://junkyardsnearme.com/junkyards=&p=107?%2Fjunkyards=&p=108,unknown,unknown,Yes
https://junkyardsnearme.com/junkyards/pennsylvania/10001920-talero-used-auto-parts-bangor-pa,unknown,unknown,Yes
https://junkyardsnearme.com/junkyards/maine/9999624-cash-for-clunkers-scarborough-me,unknown,unknown,Yes
https://junkyardsnearme.com/junkyards=&p=403?%2Fjunkyards=&p=402,unknown,unknown,Yes
https://junkyardsnearme.com/junkyards=&p=232?%2Fjunkyards=&p=231,unknown,unknown,Yes
https://junkyardsnearme.com/junkyards/indiana=&p=3,unknown,unknown,Yes
https://junkyardsnearme.com/junkyards/tennessee/10001861-tennessee-import-auto-salvage-nashville-tn,unknown,unknown,Yes
https://junkyardsnearme.com/junkyards=&p=182,unknown,unknown,Yes
https://junkyardsnearme.com/junkyards/massachusetts/10000574-jl-auto-parts-templeton-ma,unknown,unknown,Yes
https://junkyardsnearme.com/junkyards/florida/9998432-columbia-auto-salvage-lake-city-fl,unknown,unknown,Yes
https://junkyardsnearme.com/junkyards/connecticut/9999176-fusco-auto-salvage-oakville-ct,unknown,unknown,Yes
https://junkyardsnearme.com/junkyards=&p=139?%2Fjunkyards=&p=140,unknown,unknown,Yes
https://junkyardsnearme.com/junkyards=&p=468,unknown,unknown,Yes
https://junkyardsnearme.com/junkyards/tennessee/9998025-blountville-auto-salvage-blountville-tn,unknown,unknown,Yes
https://junkyardsnearme.com/junkyards/florida/9999926-kikers-auto-parts-pensacola-fl,unknown,unknown,Yes
https://junkyardsnearme.com/junkyards/california/2249944-rock-and-roll-auto-parts-pleasanton-ca,unknown,unknown,Yes
https://junkyardsnearme.com/junkyards/pennsylvania=&p=8?%2Fjunkyards%2Fpennsylvania=&p=7,unknown,unknown,Yes
https://junkyardsnearme.com/junkyards/rhode-island/10000109-aluminum-copper-recycling-providence-ri,unknown,unknown,Yes
https://junkyardsnearme.com/junkyards/texas/9997310-a-plaza-auto-parts-2-houston-tx,unknown,unknown,Yes
https://junkyardsnearme.com/junkyards/ohio/9616840-a-c-auto-parts-wrecking-co-cleveland-oh,unknown,unknown,Yes
https://junkyardsnearme.com/junkyards/new-york/9998454-edkins-auto-sales-inc-staten-island-ny,unknown,unknown,Yes
https://junkyardsnearme.com/junkyards/maine/10001406-roberts-auto-center-bowdoinham-me,unknown,unknown,Yes
https://junkyardsnearme.com/junkyards/indiana/9998144-bull-dog-towing-auto-recycling-goshen-in,unknown,unknown,Yes
https://junkyardsnearme.com/junkyards/pennsylvania/9998110-bruce-moore-auto-salvage-myerstown-pa,unknown,unknown,Yes
https://junkyardsnearme.com/junkyards/north-carolina/10000078-lees-auto-parts-sales-service-benson-nc,unknown,unknown,Yes
https://junkyardsnearme.com/junkyards/new-jersey/10001085-aaa-all-car-auto-salvage-avenel-nj,unknown,unknown,Yes
https://junkyardsnearme.com/junkyards/ohio/9999126-fox-auto-parts-malvern-oh,unknown,unknown,Yes
https://junkyardsnearme.com/junkyards/illinois/3440693-wheel-city-auto-parts-collinsville-il,unknown,unknown,Yes
https://junkyardsnearme.com/junkyards/colorado/10001029-penrose-auto-salvage-penrose-co,unknown,unknown,Yes
https://junkyardsnearme.com/junkyards/massachusetts/9998967-et-cote-auto-exchange-leominster-ma,unknown,unknown,Yes
https://junkyardsnearme.com/junkyards/saskatchewan/10001579-sgi-salvage-moose-jaw-moose-jaw-sk,unknown,unknown,Yes
https://junkyardsnearme.com/junkyards/new-york/9998385-junk-my-car-brooklyn-new-york-brooklyn-ny,unknown,unknown,Yes
https://junkyardsnearme.com/junkyards/ohio=&p=10?%2Fjunkyards%2Fohio=&p=9,unknown,unknown,Yes
https://junkyardsnearme.com/junkyards/tennessee/10001963-tri-city-auto-parts-bluff-city-tn,unknown,unknown,Yes
https://junkyardsnearme.com/junkyards/texas/9999645-hwy-6-auto-recycling-nevada-tx,unknown,unknown,Yes
https://junkyardsnearme.com/junkyards/north-carolina/9999808-joes-auto-sales-whiteville-nc,unknown,unknown,Yes
https://junkyardsnearme.com/junkyards=&p=124?%2Fjunkyards=&p=125,unknown,unknown,Yes
https://junkyardsnearme.com/junkyards/texas/9997548-alamo-truck-auto-parts-grand-prairie-tx,unknown,unknown,Yes
https://junkyardsnearme.com/junkyards/new-jersey/7824440-lentini-auto-salvage-flemington-nj,unknown,unknown,Yes
https://junkyardsnearme.com/junkyards/alberta/9997280-a-1-auto-body-ltd-calgary-ab,unknown,unknown,Yes
https://junkyardsnearme.com/junkyards/washington/4675241-bills-auto-parts-spokane-wa,unknown,unknown,Yes
https://junkyardsnearme.com/junkyards/connecticut/10000841-jimmys-recycling-bristol-ct,unknown,unknown,Yes
https://junkyardsnearme.com/junkyards/tennessee/9999539-hilltop-salvage-inc-johnson-city-tn,unknown,unknown,Yes
https://junkyardsnearme.com/junkyards/colorado/9997730-arvada-auto-wrecking-llc-arvada-co,unknown,unknown,Yes
https://junkyardsnearme.com/junkyards=&p=389?%2Fjunkyards=&p=390,unknown,unknown,Yes
https://junkyardsnearme.com/junkyards/washington/9999897-keltys-auto-parts-walla-walla-wa,unknown,unknown,Yes
https://junkyardsnearme.com/junkyards/illinois=&p=9,unknown,unknown,Yes
https://junkyardsnearme.com/junkyards=&p=96?%2Fjunkyards=&p=97,unknown,unknown,Yes
https://junkyardsnearme.com/junkyards/oregon/9997532-airport-truck-auto-salem-or,unknown,unknown,Yes
https://junkyardsnearme.com/junkyards/maine/10000698-l-h-spaulding-sons-brewer-me,unknown,unknown,Yes
https://junkyardsnearme.com/junkyards=&p=275,unknown,unknown,Yes
https://junkyardsnearme.com/junkyards=&p=371?%2Fjunkyards=&p=372,unknown,unknown,Yes
https://junkyardsnearme.com/junkyards/pennsylvania/9998816-eakin-auto-franklin-pa,unknown,unknown,Yes
https://junkyardsnearme.com/junkyards/new-york/9998398-elg-metals-inc-new-york-ny,unknown,unknown,Yes
https://junkyardsnearme.com/junkyards/ohio/2476993-tedrow-auto-wauseon-oh,unknown,unknown,Yes
https://junkyardsnearme.com/junkyards/new-york/10001074-cash-for-junk-cars-ozone-park-ny,unknown,unknown,Yes
https://junkyardsnearme.com/junkyards/new-jersey/10001912-cash-for-cars-new-jersey-summit-nj,unknown,unknown,Yes
https://junkyardsnearme.com/junkyards/michigan/9998806-ead-performance-ray-mi,unknown,unknown,Yes
https://junkyardsnearme.com/junkyards=&p=100,unknown,unknown,Yes
https://junkyardsnearme.com/junkyards/kansas=&p=1?%2Fjunkyards%2Fkansas=&p=2,unknown,unknown,Yes
https://junkyardsnearme.com/junkyards/new-hampshire/10000562-days-auto-salvage-rollinsford-nh,unknown,unknown,Yes
https://junkyardsnearme.com/junkyards/pennsylvania/10001851-tatkos-auto-salvage-new-brighton-pa,unknown,unknown,Yes
https://junkyardsnearme.com/junkyards/washington/9997637-alpine-auto-port-angeles-wa,unknown,unknown,Yes
https://junkyardsnearme.com/junkyards/pennsylvania/9997644-ambrosius-auto-parts-new-albany-pa,unknown,unknown,Yes
https://junkyardsnearme.com/junkyards/south-carolina/6595301-301-auto-parts-olanta-sc,unknown,unknown,Yes
https://junkyardsnearme.com/junkyards=&p=327?%2Fjunkyards=&p=326,unknown,unknown,Yes
https://junkyardsnearme.com/junkyards/new-hampshire=&p=1?%2Fjunkyards%2Fnew-hampshire=&p=2,unknown,unknown,Yes
https://junkyardsnearme.com/junkyards/virginia/9997688-andys-complete-auto-parts-smithfield-va,unknown,unknown,Yes
https://junkyardsnearme.com/junkyards/michigan/10000201-lkq-michigan-wayne-mi,unknown,unknown,Yes
https://junkyardsnearme.com/junkyards/utah=&p=4?%2Fjunkyards%2Futah=&p=5,unknown,unknown,Yes
https://junkyardsnearme.com/junkyards/oregon=&p=6,unknown,unknown,Yes
https://junkyardsnearme.com/junkyards/florida=&p=9?%2Fjunkyards%2Fflorida=&p=10,unknown,unknown,Yes
https://junkyardsnearme.com/junkyards/texas/10000255-lone-star-auto-parts-dallas-tx,unknown,unknown,Yes
https://junkyardsnearme.com/junkyards=&p=6?%2Fjunkyards=&p=5,unknown,unknown,Yes
https://junkyardsnearme.com/junkyards/north-carolina=&p=17?%2Fjunkyards%2Fnorth-carolina=&p=18,unknown,unknown,Yes
https://junkyardsnearme.com/junkyards/iowa/10001213-quandt-auto-salvage-carroll-ia,unknown,unknown,Yes
https://junkyardsnearme.com/junkyards/kentucky/7645512-knowles-auto-sales-owensboro-ky,unknown,unknown,Yes
https://junkyardsnearme.com/junkyards/new-york/9998877-reclaimed-home-brooklyn-ny,unknown,unknown,Yes
https://junkyardsnearme.com/junkyards/kentucky/5283951-davis-salvage-co-corbin-ky,unknown,unknown,Yes
https://junkyardsnearme.com/junkyards/maine=&p=8?%2Fjunkyards%2Fmaine=&p=9,unknown,unknown,Yes
https://junkyardsnearme.com/junkyards/new-jersey/6545070-diamond-jims-jeep-parts-pemberton-nj,unknown,unknown,Yes
https://junkyardsnearme.com/junkyards/texas/9999736-j-s-imported-auto-parts-corpus-christi-tx,unknown,unknown,Yes
https://junkyardsnearme.com/junkyards/maryland/9997942-beltsville-auto-recyclers-elite-curtis-bay-md,unknown,unknown,Yes
https://junkyardsnearme.com/junkyards=&p=259?%2Fjunkyards=&p=260,unknown,unknown,Yes
https://junkyardsnearme.com/junkyards/alberta/9997908-barrhead-auto-parts-barrhead-ab,unknown,unknown,Yes
https://junkyardsnearme.com/junkyards/pennsylvania/2653860-blazczak-salvage-inc-gibsonia-pa,unknown,unknown,Yes
https://junkyardsnearme.com/junkyards/pennsylvania/10001929-teds-auto-parts-easton-pa,unknown,unknown,Yes
https://junkyardsnearme.com/junkyards/iowa/9998228-carney-auto-parts-ames-ia,unknown,unknown,Yes
https://junkyardsnearme.com/junkyards=&p=279?%2Fjunkyards=&p=280,unknown,unknown,Yes
https://junkyardsnearme.com/junkyards/oregon/4924566-bobs-fords-portland-or,unknown,unknown,Yes
https://junkyardsnearme.com/junkyards/connecticut/10000863-pc-metals-bridgeport-ct,unknown,unknown,Yes
https://junkyardsnearme.com/junkyards/iowa/9999693-iowa-auto-recyclers-waterloo-ia,unknown,unknown,Yes
https://junkyardsnearme.com/junkyards/british-columbia/10001110-pick-n-pull-richmond-richmond-bc,unknown,unknown,Yes
https://junkyardsnearme.com/junkyards=&p=473,unknown,unknown,Yes
https://junkyardsnearme.com/junkyards/missouri/9998197-cameron-auto-salvage-cameron-mo,unknown,unknown,Yes
https://junkyardsnearme.com/junkyards=&p=47,unknown,unknown,Yes
https://junkyardsnearme.com/junkyards/indiana/9997293-a-1-griffith-auto-parts-glass-griffith-in,unknown,unknown,Yes
https://junkyardsnearme.com/junkyards/massachusetts/9998783-drakes-auto-parts-lee-ma,unknown,unknown,Yes
https://junkyardsnearme.com/junkyards/minnesota/10000983-pams-auto-saint-cloud-mn,unknown,unknown,Yes
https://junkyardsnearme.com/junkyards/pennsylvania/3786021-natalies-auto-salvage-houtzdale-pa,unknown,unknown,Yes
https://junkyardsnearme.com/junkyards/maine/10000594-louis-mack-co-inc-portland-me,unknown,unknown,Yes
https://junkyardsnearme.com/junkyards/new-jersey/9998897-jersey-cash-4-cars-rochelle-park-nj,unknown,unknown,Yes
https://junkyardsnearme.com/junkyards/connecticut=&p=2?%2Fjunkyards%2Fconnecticut=&p=3,unknown,unknown,Yes
https://junkyardsnearme.com/junkyards/pennsylvania/5953300-engine-core-supply-inc-lester-pa,unknown,unknown,Yes
https://junkyardsnearme.com/junkyards/washington/10001942-torgersons-wrecking-chehalis-wa,unknown,unknown,Yes
https://junkyardsnearme.com/junkyards/florida/10000029-langstons-used-auto-parts-tampa-fl,unknown,unknown,Yes
https://junkyardsnearme.com/junkyards/south-carolina/9999083-filyaw-automotive-company-coward-sc,unknown,unknown,Yes
https://junkyardsnearme.com/junkyards/arkansas=&p=2?%2Fjunkyards%2Farkansas=&p=1,unknown,unknown,Yes
https://junkyardsnearme.com/junkyards/michigan/9999504-highway-truck-parts-ferndale-mi,unknown,unknown,Yes
https://junkyardsnearme.com/junkyards/georgia=&p=9,unknown,unknown,Yes
https://junkyardsnearme.com/junkyards=&p=56?%2Fjunkyards=&p=55,unknown,unknown,Yes
https://junkyardsnearme.com/junkyards/california/9997915-bauers-auto-wrecking-fresno-ca,unknown,unknown,Yes
https://junkyardsnearme.com/junkyards/delaware/6286840-eds-auto-center-inc-seaford-de,unknown,unknown,Yes
https://junkyardsnearme.com/junkyards/utah=&p=5,unknown,unknown,Yes
https://junkyardsnearme.com/junkyards/north-carolina/9999652-i-40-used-auto-parts-morganton-nc,unknown,unknown,Yes
https://junkyardsnearme.com/junkyards/florida=&p=10,unknown,unknown,Yes
https://junkyardsnearme.com/junkyards/texas/5491815-k-k-motors-graham-tx,unknown,unknown,Yes
https://junkyardsnearme.com/junkyards/alabama/9999896-kelley-spurlock-attalla-al,unknown,unknown,Yes
https://junkyardsnearme.com/junkyards=&p=488?%2Fjunkyards=&p=489,unknown,unknown,Yes
https://junkyardsnearme.com/junkyards/connecticut/9999958-east-coast-auto-salvage-inc-higganum-ct,unknown,unknown,Yes
https://junkyardsnearme.com/junkyards=&p=123,unknown,unknown,Yes
https://junkyardsnearme.com/junkyards/alabama/7817881-precision-auto-sales-parts-birmingham-al,unknown,unknown,Yes
https://junkyardsnearme.com/junkyards/massachusetts/6815747-lawrence-auto-salvage-lawrence-ma,unknown,unknown,Yes
https://junkyardsnearme.com/junkyards/oklahoma/9999491-hicks-auto-salvage-hugo-ok,unknown,unknown,Yes
https://junkyardsnearme.com/junkyards/kentucky/10000027-lane-road-auto-salvage-paducah-ky,unknown,unknown,Yes
https://junkyardsnearme.com/junkyards=&p=97?%2Fjunkyards=&p=96,unknown,unknown,Yes
https://junkyardsnearme.com/junkyards=&p=247?%2Fjunkyards=&p=246,unknown,unknown,Yes
https://junkyardsnearme.com/junkyards/oklahoma/9999361-h-h-auto-salvage-weatherford-ok,unknown,unknown,Yes
https://junkyardsnearme.com/junkyards/ohio=&p=12?%2Fjunkyards%2Fohio=&p=13,unknown,unknown,Yes
https://junkyardsnearme.com/junkyards/south-dakota/10000925-oakleaf-auto-hartford-sd,unknown,unknown,Yes
https://junkyardsnearme.com/junkyards/texas/9997619-allied-american-auto-parts-san-antonio-tx,unknown,unknown,Yes
https://junkyardsnearme.com/junkyards/texas/2127555-classy-car-parts-new-braunfels-tx,unknown,unknown,Yes
https://junkyardsnearme.com/junkyards/arkansas?%2Fjunkyards%2Farkansas=&p=2,unknown,unknown,Yes
https://junkyardsnearme.com/junkyards/north-carolina/9999571-hoopers-used-auto-parts-dallas-nc,unknown,unknown,Yes
https://junkyardsnearme.com/junkyards/georgia/2425166-valdosta-wrecking-co-inc-valdosta-ga,unknown,unknown,Yes
https://junkyardsnearme.com/junkyards/arkansas/9998904-economy-auto-parts-jonesboro-ar,unknown,unknown,Yes
https://junkyardsnearme.com/junkyards/michigan/9998637-davis-auto-merrill-mi,unknown,unknown,Yes
https://junkyardsnearme.com/junkyards/ontario/10000813-nieson-auto-wreckers-cambridge-on,unknown,unknown,Yes
https://junkyardsnearme.com/junkyards/alabama/9998641-davis-foreign-auto-parts-huntsville-al,unknown,unknown,Yes
https://junkyardsnearme.com/junkyards=&p=25?%2Fjunkyards=&p=26,unknown,unknown,Yes
https://junkyardsnearme.com/junkyards=&p=68?%2Fjunkyards=&p=67,unknown,unknown,Yes
https://junkyardsnearme.com/junkyards=&p=88,unknown,unknown,Yes
https://junkyardsnearme.com/junkyards/michigan=&p=6,unknown,unknown,Yes
https://junkyardsnearme.com/junkyards/california/9691600-bw-auto-dismantling-inc-roseville-ca,unknown,unknown,Yes
https://junkyardsnearme.com/junkyards=&p=293?%2Fjunkyards=&p=294,unknown,unknown,Yes
https://junkyardsnearme.com/junkyards/ontario=&p=5?%2Fjunkyards%2Fontario=&p=4,unknown,unknown,Yes
https://junkyardsnearme.com/junkyards/maine/10000695-soucies-junk-yard-winn-me,unknown,unknown,Yes
https://junkyardsnearme.com/junkyards/british-columbia/10000440-maxwells-new-used-auto-parts-mill-bay-bc,unknown,unknown,Yes
https://junkyardsnearme.com/junkyards/virginia=&p=5,unknown,unknown,Yes
https://junkyardsnearme.com/junkyards/texas/9998748-discount-used-auto-parts-alamo-tx,unknown,unknown,Yes
https://junkyardsnearme.com/junkyards/virginia/4898968-classic-coachworks-unlimited-norfolk-va,unknown,unknown,Yes
https://junkyardsnearme.com/junkyards/oregon/9999337-gresham-auto-wrecking-portland-or,unknown,unknown,Yes
https://junkyardsnearme.com/junkyards=&p=191?%2Fjunkyards=&p=192,unknown,unknown,Yes
https://junkyardsnearme.com/junkyards/georgia/9998238-cartecay-used-parts-ellijay-ga,unknown,unknown,Yes
https://junkyardsnearme.com/junkyards=&p=338,unknown,unknown,Yes
https://junkyardsnearme.com/junkyards=&p=75?%2Fjunkyards=&p=74,unknown,unknown,Yes
https://junkyardsnearme.com/junkyards/tennessee/9998133-budget-auto-salvage-llc-mcminnville-tn,unknown,unknown,Yes
https://junkyardsnearme.com/junkyards/minnesota/9997426-aazzees-auto-salvage-bemidji-mn,unknown,unknown,Yes
https://junkyardsnearme.com/junkyards/virginia/5257588-leesville-road-auto-service-evington-va,unknown,unknown,Yes
https://junkyardsnearme.com/junkyards/michigan/7553484-ashers-auto-salvage-saginaw-mi,unknown,unknown,Yes
https://junkyardsnearme.com/junkyards/new-york/10001801-bmw-junkyard-new-hyde-park-ny,unknown,unknown,Yes
https://junkyardsnearme.com/junkyards/tennessee/9997453-ace-auto-salvage-goodlettsville-tn,unknown,unknown,Yes
https://junkyardsnearme.com/junkyards/new-jersey/9998743-discount-auto-salvage-newark-nj,unknown,unknown,Yes
https://junkyardsnearme.com/junkyards/massachusetts/9999030-rhb-removal-salvage-upton-ma,unknown,unknown,Yes
https://junkyardsnearme.com/junkyards/quebec=&p=3?%2Fjunkyards%2Fquebec=&p=2,unknown,unknown,Yes
https://junkyardsnearme.com/junkyards=&p=45?%2Fjunkyards=&p=46,unknown,unknown,Yes
https://junkyardsnearme.com/junkyards/michigan/9997524-airborne-auto-salvage-big-rapids-mi,unknown,unknown,Yes
https://junkyardsnearme.com/junkyards=&p=270,unknown,unknown,Yes
https://junkyardsnearme.com/junkyards/oklahoma/3557675-checker-auto-salvage-lawton-ok,unknown,unknown,Yes
https://junkyardsnearme.com/junkyards/new-york/9998285-chapel-auto-wrecking-patchogue-ny,unknown,unknown,Yes
https://junkyardsnearme.com/junkyards=&p=513?%2Fjunkyards=&p=512,unknown,unknown,Yes
https://junkyardsnearme.com/junkyards/ontario/9999220-gcm-auto-exchange-dundas-on,unknown,unknown,Yes
https://junkyardsnearme.com/junkyards/ohio=&p=19,unknown,unknown,Yes
https://junkyardsnearme.com/junkyards/tennessee=&p=11,unknown,unknown,Yes
https://junkyardsnearme.com/junkyards/rhode-island/9997217-a-a-auto-parts-and-towing-providence-ri,unknown,unknown,Yes
https://junkyardsnearme.com/junkyards/connecticut/10000882-jacob-trading-llc-westport-ct,unknown,unknown,Yes
https://junkyardsnearme.com/junkyards/new-mexico=&p=3,unknown,unknown,Yes
https://junkyardsnearme.com/junkyards=&p=86,unknown,unknown,Yes
https://junkyardsnearme.com/junkyards/washington/10000820-nix-auto-wrecking-seattle-wa,unknown,unknown,Yes
https://junkyardsnearme.com/junkyards/virginia/9998090-brooks-auto-sales-vara-oilville-va,unknown,unknown,Yes
https://junkyardsnearme.com/junkyards/ontario/9998220-carcones-auto-recyclers-aurora-on,unknown,unknown,Yes
https://junkyardsnearme.com/junkyards/new-jersey/9997562-all-american-auto-salvage-rahway-nj,unknown,unknown,Yes
https://junkyardsnearme.com/junkyards/indiana/10001597-shelbyville-auto-parts-shelbyville-in,unknown,unknown,Yes
https://junkyardsnearme.com/junkyards/ohio/8797737-ajs-auto-parts-west-jefferson-oh,unknown,unknown,Yes
https://junkyardsnearme.com/junkyards/illinois=&p=6?%2Fjunkyards%2Fillinois=&p=7,unknown,unknown,Yes
https://junkyardsnearme.com/junkyards/iowa=&p=2,unknown,unknown,Yes
https://junkyardsnearme.com/junkyards/virginia/9997580-all-foreign-auto-parts-fredericksburg-va,unknown,unknown,Yes
https://junkyardsnearme.com/junkyards/oklahoma=&p=7,unknown,unknown,Yes
https://junkyardsnearme.com/junkyards/texas/10000809-nica-motors-inc-san-antonio-tx,unknown,unknown,Yes
https://junkyardsnearme.com/junkyards=&p=261,unknown,unknown,Yes
https://junkyardsnearme.com/junkyards=&p=277?%2Fjunkyards=&p=276,unknown,unknown,Yes
https://junkyardsnearme.com/junkyards/tennessee/9998833-east-tennessee-auto-center-strawberry-plains-tn,unknown,unknown,Yes
https://junkyardsnearme.com/junkyards/ontario/9999270-glendale-auto-parts-recyclers-st-catharines-on,unknown,unknown,Yes
https://junkyardsnearme.com/junkyards/washington/9997462-ace-auto-wrecking-longview-wa,unknown,unknown,Yes
https://junkyardsnearme.com/junkyards=&p=6,unknown,unknown,Yes
https://junkyardsnearme.com/junkyards/connecticut/10000913-nunes-auto-salvage-bridgeport-ct,unknown,unknown,Yes
https://junkyardsnearme.com/junkyards=&p=166?%2Fjunkyards=&p=167,unknown,unknown,Yes
https://junkyardsnearme.com/junkyards/north-carolina/9998917-eds-auto-service-salvage-fayetteville-nc,unknown,unknown,Yes
https://junkyardsnearme.com/junkyards/texas/4542371-jovic-auto-service-houston-tx,unknown,unknown,Yes
https://junkyardsnearme.com/junkyards/california/10000442-mayfair-auto-wreckers-san-jose-ca,unknown,unknown,Yes
https://junkyardsnearme.com/junkyards/maryland,unknown,unknown,Yes
https://junkyardsnearme.com/junkyards/washington=&p=8,unknown,unknown,Yes
https://junkyardsnearme.com/junkyards=&p=317,unknown,unknown,Yes
https://junkyardsnearme.com/junkyards/minnesota/3990600-car-parts-direct-fairmont-mn,unknown,unknown,Yes
https://junkyardsnearme.com/junkyards=&p=212?%2Fjunkyards=&p=211,unknown,unknown,Yes
https://junkyardsnearme.com/junkyards=&p=420?%2Fjunkyards=&p=419,unknown,unknown,Yes
https://junkyardsnearme.com/junkyards/georgia/9999587-hpc-import-salvage-buford-ga,unknown,unknown,Yes
https://junkyardsnearme.com/junkyards/utah=&p=3?%2Fjunkyards%2Futah=&p=4,unknown,unknown,Yes
https://junkyardsnearme.com/junkyards/new-hampshire=&p=8?%2Fjunkyards%2Fnew-hampshire=&p=7,unknown,unknown,Yes
https://junkyardsnearme.com/junkyards/wisconsin/10000260-lorens-auto-recyclers-neenah-wi,unknown,unknown,Yes
https://junkyardsnearme.com/junkyards/new-york/9998700-j-bass-and-son-inc-mount-vernon-ny,unknown,unknown,Yes
https://junkyardsnearme.com/junkyards/california/9999657-icarpart-los-angeles-ca,unknown,unknown,Yes
https://junkyardsnearme.com/junkyards/ohio=&p=16,unknown,unknown,Yes
https://junkyardsnearme.com/junkyards/arizona/9997239-a-s-auto-wrecking-phoenix-az,unknown,unknown,Yes
https://junkyardsnearme.com/junkyards/maine=&p=1?%2Fjunkyards%2Fmaine=&p=2,unknown,unknown,Yes
https://junkyardsnearme.com/junkyards=&p=408?%2Fjunkyards=&p=409,unknown,unknown,Yes
https://junkyardsnearme.com/junkyards/indiana=&p=5,unknown,unknown,Yes
https://junkyardsnearme.com/junkyards/new-hampshire=&p=2?%2Fjunkyards%2Fnew-hampshire=&p=1,unknown,unknown,Yes
https://junkyardsnearme.com/junkyards/pennsylvania/8208697-azar-towing-allentown-pa,unknown,unknown,Yes
https://junkyardsnearme.com/junkyards/massachusetts/9999249-junk-king-middlesex-county-north-chelmsford-ma,unknown,unknown,Yes
https://junkyardsnearme.com/junkyards/virginia/9997642-always-used-auto-parts-chesapeake-va,unknown,unknown,Yes
https://junkyardsnearme.com/junkyards=&p=239,unknown,unknown,Yes
https://junkyardsnearme.com/junkyards=&p=159?%2Fjunkyards=&p=158,unknown,unknown,Yes
https://junkyardsnearme.com/junkyards/south-dakota/9997287-a-1-auto-recyclers-rapid-city-sd,unknown,unknown,Yes
https://junkyardsnearme.com/junkyards/texas/9997517-affordable-auto-salvage-grand-prairie-tx,unknown,unknown,Yes
https://junkyardsnearme.com/junkyards/michigan=&p=8?%2Fjunkyards%2Fmichigan=&p=7,unknown,unknown,Yes
https://junkyardsnearme.com/junkyards/ontario/9997188-406-auto-parts-inc-thorold-on,unknown,unknown,Yes
https://junkyardsnearme.com/junkyards/massachusetts/9999000-goldstein-scrap-worcester-ma,unknown,unknown,Yes
https://junkyardsnearme.com/junkyards/arizona/9997298-a-1-truck-van-apache-junction-az,unknown,unknown,Yes
https://junkyardsnearme.com/junkyards=&p=166,unknown,unknown,Yes
https://junkyardsnearme.com/junkyards=&p=294,unknown,unknown,Yes
https://junkyardsnearme.com/junkyards/new-york/9997945-benwood-auto-parts-baldwinsville-ny,unknown,unknown,Yes
https://junkyardsnearme.com/junkyards/pennsylvania/2983118-walks-service-center-state-college-pa,unknown,unknown,Yes
https://junkyardsnearme.com/junkyards/kansas/7551127-broadway-truck-auto-inc-valley-center-ks,unknown,unknown,Yes
https://junkyardsnearme.com/junkyards/illinois=&p=4?%2Fjunkyards%2Fillinois=&p=3,unknown,unknown,Yes
https://junkyardsnearme.com/junkyards/florida/10001685-south-florida-auto-recycling-2-fort-lauderdale-fl,unknown,unknown,Yes
https://junkyardsnearme.com/junkyards/florida/9998907-economy-auto-salvage-crawfordville-fl,unknown,unknown,Yes
https://junkyardsnearme.com/junkyards/massachusetts/9999383-nationwide-auto-recycling-inc-lancaster-ma,unknown,unknown,Yes
https://junkyardsnearme.com/junkyards/oregon,unknown,unknown,Yes
https://junkyardsnearme.com/junkyards/oklahoma/10000144-lkq-apex-auto-parts-tulsa-ok,unknown,unknown,Yes
https://junkyardsnearme.com/junkyards/massachusetts/10000488-a-w-martin-inc-new-bedford-ma,unknown,unknown,Yes
https://junkyardsnearme.com/junkyards/south-carolina/9998243-case-used-parts-1-marion-sc,unknown,unknown,Yes
https://junkyardsnearme.com/junkyards/georgia,unknown,unknown,Yes
https://junkyardsnearme.com/junkyards/new-hampshire/10000300-blanchard-auto-salvage-inc-wilton-nh,unknown,unknown,Yes
https://junkyardsnearme.com/junkyards=&p=474,unknown,unknown,Yes
https://junkyardsnearme.com/junkyards/texas/10001053-pick-up-parts-houston-tx,unknown,unknown,Yes
https://junkyardsnearme.com/junkyards/california=&p=22?%2Fjunkyards%2Fcalifornia=&p=23,unknown,unknown,Yes
https://junkyardsnearme.com/junkyards/illinois/10001599-sheltons-inc-woodlawn-il,unknown,unknown,Yes
https://junkyardsnearme.com/junkyards/new-york/9999423-keegan-brothers-inc-kinderhook-ny,unknown,unknown,Yes
https://junkyardsnearme.com/junkyards=&p=72,unknown,unknown,Yes
https://junkyardsnearme.com/junkyards=&p=336?%2Fjunkyards=&p=335,unknown,unknown,Yes
https://junkyardsnearme.com/junkyards/new-mexico/10001971-truck-town-llc-albuquerque-nm,unknown,unknown,Yes
https://junkyardsnearme.com/junkyards/michigan=&p=5?%2Fjunkyards%2Fmichigan=&p=6,unknown,unknown,Yes
https://junkyardsnearme.com/junkyards/ohio/9998132-budget-auto-parts-ashtabula-oh,unknown,unknown,Yes
https://junkyardsnearme.com/junkyards/maine/9999682-one-steel-recycling-kennebunkport-me,unknown,unknown,Yes
https://junkyardsnearme.com/junkyards=&p=74?%2Fjunkyards=&p=73,unknown,unknown,Yes
https://junkyardsnearme.com/junkyards/colorado=&p=4,unknown,unknown,Yes
https://junkyardsnearme.com/junkyards=&p=22,unknown,unknown,Yes
https://junkyardsnearme.com/junkyards/mississippi/9998109-bruce-auto-recycling-petal-ms,unknown,unknown,Yes
https://junkyardsnearme.com/junkyards/indiana/8654161-jones-auto-inc-orleans-in,unknown,unknown,Yes
https://junkyardsnearme.com/junkyards/pennsylvania/5882121-capitol-auto-parts-bangor-pa,unknown,unknown,Yes
https://junkyardsnearme.com/junkyards/nebraska/10000998-parts-link-enterprise-lincoln-ne,unknown,unknown,Yes
https://junkyardsnearme.com/junkyards=&p=236,unknown,unknown,Yes
https://junkyardsnearme.com/junkyards/ohio/10000392-mammoth-automotive-parts-lorain-oh,unknown,unknown,Yes
https://junkyardsnearme.com/junkyards/massachusetts/5340477-nationwide-auto-recycling-inc-lancaster-ma,unknown,unknown,Yes
https://junkyardsnearme.com/junkyards/massachusetts/10000483-jacks-used-auto-parts-brockton-ma,unknown,unknown,Yes
https://junkyardsnearme.com/junkyards/maryland/9998283-champion-used-auto-parts-great-mills-md,unknown,unknown,Yes
https://junkyardsnearme.com/junkyards/california/9997408-aaa-dodge-truck-van-rancho-cordova-ca,unknown,unknown,Yes
https://junkyardsnearme.com/junkyards/michigan=&p=21,unknown,unknown,Yes
https://junkyardsnearme.com/junkyards=&p=437,unknown,unknown,Yes
https://junkyardsnearme.com/junkyards/maryland/2847000-toms-auto-parts-baltimore-md,unknown,unknown,Yes
https://junkyardsnearme.com/junkyards/virginia=&p=7,unknown,unknown,Yes
https://junkyardsnearme.com/junkyards/pennsylvania=&p=5,unknown,unknown,Yes
https://junkyardsnearme.com/junkyards/quebec=&p=2?%2Fjunkyards%2Fquebec=&p=3,unknown,unknown,Yes
https://junkyardsnearme.com/junkyards=&p=255,unknown,unknown,Yes
https://junkyardsnearme.com/junkyards/ontario/9998760-doms-auto-parts-ltd-courtice-on,unknown,unknown,Yes
https://junkyardsnearme.com/junkyards/georgia/3243777-aaa-parts-plus-columbus-ga,unknown,unknown,Yes
https://junkyardsnearme.com/junkyards/florida=&p=4?%2Fjunkyards%2Fflorida=&p=3,unknown,unknown,Yes
https://junkyardsnearme.com/junkyards/georgia/6350333-shakti-auto-parts-atlanta-ga,unknown,unknown,Yes
https://junkyardsnearme.com/junkyards/pennsylvania/10001441-route-51-auto-truck-parts-smock-pa,unknown,unknown,Yes
https://junkyardsnearme.com/junkyards/oklahoma/10001819-swedish-import-used-volvo-parts-edmond-ok,unknown,unknown,Yes
https://junkyardsnearme.com/junkyards=&p=80?%2Fjunkyards=&p=81,unknown,unknown,Yes
https://junkyardsnearme.com/junkyards/colorado=&p=2,unknown,unknown,Yes
https://junkyardsnearme.com/junkyards/michigan/10000989-park-motor-sales-salvage-highland-park-mi,unknown,unknown,Yes
https://junkyardsnearme.com/junkyards/tennessee/7207207-flat-rock-auto-salvage-murfreesboro-tn,unknown,unknown,Yes
https://junkyardsnearme.com/junkyards/utah/9998100-brothers-imports-chester-ut,unknown,unknown,Yes
https://junkyardsnearme.com/junkyards/new-york/10001105-chauncey-metal-processors-inc-jamaica-ny,unknown,unknown,Yes
https://junkyardsnearme.com/junkyards/tennessee/7457147-europarts-tn-inc-athens-tn,unknown,unknown,Yes
https://junkyardsnearme.com/junkyards/kansas=&p=4?%2Fjunkyards%2Fkansas=&p=3,unknown,unknown,Yes
https://junkyardsnearme.com/junkyards/indiana/9663447-d-j-auto-parts-richmond-in,unknown,unknown,Yes
https://junkyardsnearme.com/junkyards=&p=256?%2Fjunkyards=&p=255,unknown,unknown,Yes
https://junkyardsnearme.com/junkyards/pennsylvania/9998764-dons-automotive-mall-pennsburg-pa,unknown,unknown,Yes
https://junkyardsnearme.com/junkyards/new-hampshire/9997694-ann-lambert-inc-hooksett-nh,unknown,unknown,Yes
https://junkyardsnearme.com/junkyards=&p=365,unknown,unknown,Yes
https://junkyardsnearme.com/junkyards/georgia=&p=7?%2Fjunkyards%2Fgeorgia=&p=8,unknown,unknown,Yes
https://junkyardsnearme.com/junkyards/georgia/9997684-andrews-auto-salvage-griffin-ga,unknown,unknown,Yes
https://junkyardsnearme.com/junkyards/arkansas/4748559-russell-auto-group-alma-ar,unknown,unknown,Yes
https://junkyardsnearme.com/junkyards/florida=&p=6?%2Fjunkyards%2Fflorida=&p=7,unknown,unknown,Yes
https://junkyardsnearme.com/junkyards/maine=&p=5?%2Fjunkyards%2Fmaine=&p=6,unknown,unknown,Yes
https://junkyardsnearme.com/junkyards=&p=193?%2Fjunkyards=&p=194,unknown,unknown,Yes
https://junkyardsnearme.com/junkyards/maryland/2284034-cambridge-auto-recycling-sales-cambridge-md,unknown,unknown,Yes
https://junkyardsnearme.com/junkyards/florida=&p=17?%2Fjunkyards%2Fflorida=&p=16,unknown,unknown,Yes
https://junkyardsnearme.com/junkyards/michigan=&p=8?%2Fjunkyards%2Fmichigan=&p=9,unknown,unknown,Yes
https://junkyardsnearme.com/junkyards/north-dakota,unknown,unknown,Yes
https://junkyardsnearme.com/junkyards/virginia/10001567-scrap-58-auto-parts-chesapeake-va,unknown,unknown,Yes
https://junkyardsnearme.com/junkyards/arkansas/9998740-discount-auto-parts-mountain-home-ar,unknown,unknown,Yes
https://junkyardsnearme.com/junkyards/ontario/10000182-lkq-headline-auto-parts-long-sault-on,unknown,unknown,Yes
https://junkyardsnearme.com/junkyards/pennsylvania/3345211-bears-auto-recycling-harrison-valley-pa,unknown,unknown,Yes
https://junkyardsnearme.com/junkyards/arizona/10000948-olympic-auto-parts-phoenix-az,unknown,unknown,Yes
https://junkyardsnearme.com/junkyards=&p=120?%2Fjunkyards=&p=121,unknown,unknown,Yes
https://junkyardsnearme.com/junkyards=&p=296?%2Fjunkyards=&p=297,unknown,unknown,Yes
https://junkyardsnearme.com/junkyards/massachusetts/10000053-leominster-recycling-salvage-leominster-ma,unknown,unknown,Yes
https://junkyardsnearme.com/junkyards/utah/10001140-pine-view-motors-ogden-ut,unknown,unknown,Yes
https://junkyardsnearme.com/junkyards/minnesota/10000711-morris-auto-morris-mn,unknown,unknown,Yes
https://junkyardsnearme.com/junkyards/california/10001323-rex-used-auto-parts-gardena-ca,unknown,unknown,Yes
https://junkyardsnearme.com/junkyards=&p=445,unknown,unknown,Yes
https://junkyardsnearme.com/junkyards/south-dakota=&p=1?%2Fjunkyards%2Fsouth-dakota=&p=2,unknown,unknown,Yes
https://junkyardsnearme.com/junkyards=&p=55?%2Fjunkyards=&p=56,unknown,unknown,Yes
https://junkyardsnearme.com/junkyards/california=&p=21?%2Fjunkyards%2Fcalifornia=&p=22,unknown,unknown,Yes
https://junkyardsnearme.com/junkyards/massachusetts/9999465-copart-south-boston-mendon-ma,unknown,unknown,Yes
https://junkyardsnearme.com/junkyards/british-columbia/9997497-adrenaline-auto-recyclers-chase-bc,unknown,unknown,Yes
https://junkyardsnearme.com/junkyards/utah?%2Fjunkyards%2Futah=&p=2,unknown,unknown,Yes
https://junkyardsnearme.com/junkyards=&p=174?%2Fjunkyards=&p=175,unknown,unknown,Yes
https://junkyardsnearme.com/junkyards/new-jersey/10001347-amg-resources-newark-nj,unknown,unknown,Yes
https://junkyardsnearme.com/junkyards/pennsylvania/10000798-new-cumberland-auto-parts-new-cumberland-pa,unknown,unknown,Yes
https://junkyardsnearme.com/junkyards/indiana/9997986-big-ts-auto-salvage-indianapolis-in,unknown,unknown,Yes
https://junkyardsnearme.com/junkyards/kentucky=&p=4,unknown,unknown,Yes
https://junkyardsnearme.com/junkyards/ontario,unknown,unknown,Yes
https://junkyardsnearme.com/junkyards/oklahoma/9998905-economy-auto-parts-salvage-tulsa-ok,unknown,unknown,Yes
https://junkyardsnearme.com/junkyards/nebraska,unknown,unknown,Yes
https://junkyardsnearme.com/junkyards/utah=&p=4?%2Fjunkyards%2Futah=&p=3,unknown,unknown,Yes
https://junkyardsnearme.com/junkyards/connecticut/9999978-m-j-auto-recycling-inc-colchester-ct,unknown,unknown,Yes
https://junkyardsnearme.com/junkyards/arkansas/9999719-j-j-auto-parts-north-little-rock-ar,unknown,unknown,Yes
https://junkyardsnearme.com/junkyards/wisconsin/9999878-k-a-m-auto-salvage-arkdale-wi,unknown,unknown,Yes
https://junkyardsnearme.com/junkyards/ohio=&p=2?%2Fjunkyards%2Fohio=&p=1,unknown,unknown,Yes
https://junkyardsnearme.com/junkyards/georgia/9999426-haynes-auto-parts-commerce-ga,unknown,unknown,Yes
https://junkyardsnearme.com/junkyards/new-jersey/9997316-a-micciche-auto-parts-inc-voorhees-nj,unknown,unknown,Yes
https://junkyardsnearme.com/junkyards/california/9997622-allied-auto-salvage-riverside-ca,unknown,unknown,Yes
https://junkyardsnearme.com/junkyards/texas/9998442-complete-foreign-auto-parts-san-antonio-tx,unknown,unknown,Yes
https://junkyardsnearme.com/junkyards=&p=434,unknown,unknown,Yes
https://junkyardsnearme.com/junkyards/michigan=&p=22?%2Fjunkyards%2Fmichigan=&p=21,unknown,unknown,Yes
https://junkyardsnearme.com/junkyards/pennsylvania/9999223-general-scrap-hunlock-creek-pa,unknown,unknown,Yes
https://junkyardsnearme.com/junkyards/california/9998925-el-rey-auto-parts-los-angeles-ca,unknown,unknown,Yes
https://junkyardsnearme.com/junkyards/ontario/10001285-rectangle-auto-supply-st-catharines-on,unknown,unknown,Yes
https://junkyardsnearme.com/junkyards/florida/5387586-seminole-county-mustangs-sanford-fl,unknown,unknown,Yes
https://junkyardsnearme.com/junkyards/illinois/9998927-elgin-super-auto-parts-elgin-il,unknown,unknown,Yes
https://junkyardsnearme.com/junkyards=&p=222,unknown,unknown,Yes
https://junkyardsnearme.com/junkyards/minnesota/10001018-paynesville-auto-parts-service-paynesville-mn,unknown,unknown,Yes
https://junkyardsnearme.com/junkyards/british-columbia,unknown,unknown,Yes
https://junkyardsnearme.com/junkyards/minnesota/9998049-borscheid-auto-parts-buffalo-mn,unknown,unknown,Yes
https://junkyardsnearme.com/junkyards=&p=518?%2Fjunkyards=&p=519,unknown,unknown,Yes
https://junkyardsnearme.com/junkyards/massachusetts/10000477-independence-scrap-iron-everett-ma,unknown,unknown,Yes
https://junkyardsnearme.com/junkyards/california/10001265-rancho-ford-truck-rancho-cordova-ca,unknown,unknown,Yes
https://junkyardsnearme.com/junkyards/connecticut/10000847-berlin-motorcycle-salvage-berlin-ct,unknown,unknown,Yes
https://junkyardsnearme.com/junkyards/pennsylvania/10000650-miller-salvage-chester-pa,unknown,unknown,Yes
https://junkyardsnearme.com/junkyards/ohio/9998559-d-b-auto-wrecking-columbia-station-oh,unknown,unknown,Yes
https://junkyardsnearme.com/junkyards/utah/9998797-dwights-auto-wrecking-sigurd-ut,unknown,unknown,Yes
https://junkyardsnearme.com/junkyards/massachusetts/9999246-budget-dumpster-boston-ma,unknown,unknown,Yes
https://junkyardsnearme.com/junkyards/ohio/9998621-damos-auto-shipping-llc-columbus-oh,unknown,unknown,Yes
https://junkyardsnearme.com/junkyards/arizona/9999148-franks-auto-truck-salvage-llc-apache-junction-az,unknown,unknown,Yes
https://junkyardsnearme.com/junkyards=&p=274?%2Fjunkyards=&p=275,unknown,unknown,Yes
https://junkyardsnearme.com/junkyards/mississippi/2762923-midway-auto-parts-summit-ms,unknown,unknown,Yes
https://junkyardsnearme.com/junkyards/washington/10001426-rollins-auto-wrecking-spanaway-wa,unknown,unknown,Yes
https://junkyardsnearme.com/junkyards/oregon/9999188-g-r-american-turner-or,unknown,unknown,Yes
https://junkyardsnearme.com/junkyards/wisconsin/9997503-advantage-auto-parts-milwaukee-wi,unknown,unknown,Yes
https://junkyardsnearme.com/junkyards/oklahoma/10001764-stateline-trading-used-auto-parts-watts-ok,unknown,unknown,Yes
https://junkyardsnearme.com/junkyards/pennsylvania=&p=7?%2Fjunkyards%2Fpennsylvania=&p=8,unknown,unknown,Yes
https://junkyardsnearme.com/junkyards/florida/2740752-american-towing-service-hialeah-fl,unknown,unknown,Yes
https://junkyardsnearme.com/junkyards/iowa?%2Fjunkyards%2Fiowa=&p=2,unknown,unknown,Yes
https://junkyardsnearme.com/junkyards=&p=392?%2Fjunkyards=&p=391,unknown,unknown,Yes
https://junkyardsnearme.com/junkyards=&p=213?%2Fjunkyards=&p=212,unknown,unknown,Yes
https://junkyardsnearme.com/junkyards=&p=461,unknown,unknown,Yes
https://junkyardsnearme.com/junkyards/north-carolina/10001471-s-a-salvage-lexington-nc,unknown,unknown,Yes
https://junkyardsnearme.com/junkyards/massachusetts/9999464-gately-cadillac-restoration-roxbury-ma,unknown,unknown,Yes
https://junkyardsnearme.com/junkyards=&p=363?%2Fjunkyards=&p=362,unknown,unknown,Yes
https://junkyardsnearme.com/junkyards/california/6385515-cadillac-auto-recycling-rancho-cordova-ca,unknown,unknown,Yes
https://junkyardsnearme.com/junkyards/mississippi/10001211-quality-used-parts-flowood-ms,unknown,unknown,Yes
https://junkyardsnearme.com/junkyards/virginia/9997225-a-b-used-auto-parts-bassett-va,unknown,unknown,Yes
https://junkyardsnearme.com/junkyards/texas/9997871-b-t-salvage-killeen-tx,unknown,unknown,Yes
https://junkyardsnearme.com/junkyards/texas/10001208-quality-auto-recyclers-llc-dallas-tx,unknown,unknown,Yes
https://junkyardsnearme.com/junkyards=&p=67,unknown,unknown,Yes
https://junkyardsnearme.com/junkyards/new-york/5870129-thoroughbred-auto-parts-saratoga-springs-ny,unknown,unknown,Yes
https://junkyardsnearme.com/junkyards=&p=173?%2Fjunkyards=&p=174,unknown,unknown,Yes
https://junkyardsnearme.com/junkyards=&p=216?%2Fjunkyards=&p=215,unknown,unknown,Yes
https://junkyardsnearme.com/junkyards/georgia/9999118-foskey-auto-parts-douglas-ga,unknown,unknown,Yes
https://junkyardsnearme.com/junkyards/new-hampshire/9998644-days-auto-salvage-rollinsford-nh,unknown,unknown,Yes
https://junkyardsnearme.com/junkyards/minnesota/7962003-deerings-sales-service-towing-inc-spicer-mn,unknown,unknown,Yes
https://junkyardsnearme.com/junkyards/florida/9998972-european-auto-parts-hollywood-fl,unknown,unknown,Yes
https://junkyardsnearme.com/junkyards=&p=93?%2Fjunkyards=&p=94,unknown,unknown,Yes
https://junkyardsnearme.com/junkyards/colorado/9999052-fair-auto-truck-parts-englewood-co,unknown,unknown,Yes
https://junkyardsnearme.com/junkyards/british-columbia/9998718-dharneys-salvage-enterprises-langley-bc,unknown,unknown,Yes
https://junkyardsnearme.com/junkyards/illinois=&p=9?%2Fjunkyards%2Fillinois=&p=10,unknown,unknown,Yes
https://junkyardsnearme.com/junkyards/new-hampshire=&p=8?%2Fjunkyards%2Fnew-hampshire=&p=9,unknown,unknown,Yes
https://junkyardsnearme.com/junkyards/massachusetts/9999211-affordable-towing-lakeville-ma,unknown,unknown,Yes
https://junkyardsnearme.com/junkyards/newfoundland-and-labrador/9997098-central-salvage-botwood-nl,unknown,unknown,Yes
https://junkyardsnearme.com/junkyards=&p=195?%2Fjunkyards=&p=196,unknown,unknown,Yes
https://junkyardsnearme.com/junkyards/florida=&p=30?%2Fjunkyards%2Fflorida=&p=29,unknown,unknown,Yes
https://junkyardsnearme.com/junkyards=&p=36?%2Fjunkyards=&p=37,unknown,unknown,Yes
https://junkyardsnearme.com/junkyards/pennsylvania/9998449-conners-used-truck-king-of-prussia-pa,unknown,unknown,Yes
https://junkyardsnearme.com/junkyards/north-carolina/9997853-b-h-used-auto-parts-marion-nc,unknown,unknown,Yes
https://junkyardsnearme.com/junkyards/florida/6377702-perry-auto-salvage-miami-fl,unknown,unknown,Yes
https://junkyardsnearme.com/junkyards/kentucky=&p=5,unknown,unknown,Yes
https://junkyardsnearme.com/junkyards/florida=&p=20?%2Fjunkyards%2Fflorida=&p=19,unknown,unknown,Yes
https://junkyardsnearme.com/junkyards/minnesota/9999696-isanti-auto-parts-stanchfield-mn,unknown,unknown,Yes
https://junkyardsnearme.com/junkyards=&p=288?%2Fjunkyards=&p=289,unknown,unknown,Yes
https://junkyardsnearme.com/junkyards/minnesota/9999820-johnson-auto-salvage-faribault-mn,unknown,unknown,Yes
https://junkyardsnearme.com/junkyards/california/9998414-cocos-auto-dismantling-1-lynwood-ca,unknown,unknown,Yes
https://junkyardsnearme.com/junkyards=&p=193?%2Fjunkyards=&p=192,unknown,unknown,Yes
https://junkyardsnearme.com/junkyards/nevada=&p=3,unknown,unknown,Yes
https://junkyardsnearme.com/junkyards/washington=&p=7?%2Fjunkyards%2Fwashington=&p=6,unknown,unknown,Yes
https://junkyardsnearme.com/junkyards/illinois=&p=11?%2Fjunkyards%2Fillinois=&p=10,unknown,unknown,Yes
https://junkyardsnearme.com/junkyards/new-york/9998175-cahills-auto-parts-hoosick-falls-ny,unknown,unknown,Yes
https://junkyardsnearme.com/junkyards/california/9997557-alf-foreign-american-san-martin-ca,unknown,unknown,Yes
https://junkyardsnearme.com/junkyards/new-jersey/9999797-jj-a-auto-parts-lyndhurst-nj,unknown,unknown,Yes
https://junkyardsnearme.com/junkyards/kentucky?%2Fjunkyards%2Fkentucky=&p=2,unknown,unknown,Yes
https://junkyardsnearme.com/junkyards/quebec/10001287-recyclage-dauto-doum-saint-leonard-daston-qc,unknown,unknown,Yes
https://junkyardsnearme.com/junkyards/new-york/9999366-h-s-auto-wrecking-corona-ny,unknown,unknown,Yes
https://junkyardsnearme.com/junkyards/south-carolina/7448258-livingstons-auto-parts-locator-llc-north-charleston-sc,unknown,unknown,Yes
https://junkyardsnearme.com/junkyards/new-hampshire=&p=3?%2Fjunkyards%2Fnew-hampshire=&p=4,unknown,unknown,Yes
https://junkyardsnearme.com/junkyards/ohio=&p=13,unknown,unknown,Yes
https://junkyardsnearme.com/junkyards/new-jersey/10001354-aaa-management-inc-monroe-township-nj,unknown,unknown,Yes
https://junkyardsnearme.com/junkyards=&p=270?%2Fjunkyards=&p=271,unknown,unknown,Yes
https://junkyardsnearme.com/junkyards/vermont=&p=2,unknown,unknown,Yes
https://junkyardsnearme.com/junkyards/british-columbia/9998566-d-g-gill-tire-auto-kamloops-bc,unknown,unknown,Yes
https://junkyardsnearme.com/junkyards/arkansas/8985174-wheels-auto-salvage-ashdown-ar,unknown,unknown,Yes
https://junkyardsnearme.com/junkyards/new-jersey/9999505-hill-auto-parts-paterson-nj,unknown,unknown,Yes
https://junkyardsnearme.com/junkyards=&p=333,unknown,unknown,Yes
https://junkyardsnearme.com/junkyards/michigan/9998488-cooks-auto-parts-harrison-mi,unknown,unknown,Yes
https://junkyardsnearme.com/junkyards/kentucky/9999110-foreign-auto-salvage-ft-mitchell-ky,unknown,unknown,Yes
https://junkyardsnearme.com/junkyards/california/9997815-autofox-recyclers-lancaster-ca,unknown,unknown,Yes
https://junkyardsnearme.com/junkyards=&p=126?%2Fjunkyards=&p=125,unknown,unknown,Yes
https://junkyardsnearme.com/junkyards/california/9999196-galaxy-used-auto-parts-inc-sun-valley-ca,unknown,unknown,Yes
https://junkyardsnearme.com/junkyards/new-jersey/9997411-aaa-management-monroe-township-nj,unknown,unknown,Yes
https://junkyardsnearme.com/junkyards/pennsylvania/4897278-489-parts-llc-olyphant-pa,unknown,unknown,Yes
https://junkyardsnearme.com/junkyards/pennsylvania/10000905-novak-auto-parts-new-brighton-pa,unknown,unknown,Yes
https://junkyardsnearme.com/junkyards/texas/9997758-austin-express-auto-parts-austin-tx,unknown,unknown,Yes
https://junkyardsnearme.com/junkyards/new-york/5843458-dumbleton-used-auto-parts-inc-pavilion-ny,unknown,unknown,Yes
https://junkyardsnearme.com/junkyards/michigan/9998101-brothers-auto-parts-llc-willis-mi,unknown,unknown,Yes
https://junkyardsnearme.com/junkyards/colorado/10000217-lkq-online-denver-co,unknown,unknown,Yes
https://junkyardsnearme.com/junkyards=&p=429?%2Fjunkyards=&p=428,unknown,unknown,Yes
https://junkyardsnearme.com/junkyards/colorado=&p=9,unknown,unknown,Yes
https://junkyardsnearme.com/junkyards/connecticut/10000859-chase-waste-material-corporation-new-haven-ct,unknown,unknown,Yes
https://junkyardsnearme.com/junkyards=&p=76?%2Fjunkyards=&p=75,unknown,unknown,Yes
https://junkyardsnearme.com/junkyards/north-carolina/9998516-cox-brothers-auto-salvage-high-point-nc,unknown,unknown,Yes
https://junkyardsnearme.com/junkyards/michigan=&p=7,unknown,unknown,Yes
https://junkyardsnearme.com/junkyards/kentucky/8437441-bucks-auto-parts-east-bernstadt-ky,unknown,unknown,Yes
https://junkyardsnearme.com/junkyards/connecticut/8882527-seymour-auto-wrecking-seymour-ct,unknown,unknown,Yes
https://junkyardsnearme.com/junkyards/florida/9999352-gulf-auto-trading-jacksonville-fl,unknown,unknown,Yes
https://junkyardsnearme.com/junkyards/georgia=&p=4?%2Fjunkyards%2Fgeorgia=&p=5,unknown,unknown,Yes
https://junkyardsnearme.com/junkyards/north-carolina/9999339-greer-recycling-reidsville-nc,unknown,unknown,Yes
https://junkyardsnearme.com/junkyards/alberta=&p=2,unknown,unknown,Yes
https://junkyardsnearme.com/junkyards/north-carolina/10000431-matlock-used-car-parts-claremont-claremont-nc,unknown,unknown,Yes
https://junkyardsnearme.com/junkyards/tennessee=&p=12?%2Fjunkyards%2Ftennessee=&p=11,unknown,unknown,Yes
https://junkyardsnearme.com/junkyards/north-carolina/9997925-beavers-honda-salvage-kannapolis-nc,unknown,unknown,Yes
https://junkyardsnearme.com/junkyards/virginia/6592211-m-m-auto-parts-inc-stafford-va,unknown,unknown,Yes
https://junkyardsnearme.com/junkyards/ontario=&p=9,unknown,unknown,Yes
https://junkyardsnearme.com/junkyards/california/5496800-chevy-ford-truck-parts-wilmington-ca,unknown,unknown,Yes
https://junkyardsnearme.com/junkyards/north-carolina/9998836-eastern-auto-salvage-biscoe-nc,unknown,unknown,Yes
https://junkyardsnearme.com/junkyards/iowa/10001011-pats-auto-salvage-waterloo-ia,unknown,unknown,Yes
https://junkyardsnearme.com/junkyards/florida/9997218-a-a-auto-recycling-bradenton-fl,unknown,unknown,Yes
https://junkyardsnearme.com/junkyards/florida/4671491-auto-works-of-ft-lauderdale-fort-lauderdale-fl,unknown,unknown,Yes
https://junkyardsnearme.com/junkyards/mississippi/3924980-biloxi-auto-recycling-inc-biloxi-ms,unknown,unknown,Yes
https://junkyardsnearme.com/junkyards/michigan/9997516-affordable-auto-parts-novi-mi,unknown,unknown,Yes
https://junkyardsnearme.com/junkyards/georgia/2711200-north-gwinnett-suv-auto-salvage-buford-ga,unknown,unknown,Yes
https://junkyardsnearme.com/junkyards=&p=13?%2Fjunkyards=&p=12,unknown,unknown,Yes
https://junkyardsnearme.com/junkyards=&p=40?%2Fjunkyards=&p=41,unknown,unknown,Yes
https://junkyardsnearme.com/junkyards/ohio/3439422-wayne-auto-parts-dover-oh,unknown,unknown,Yes
https://junkyardsnearme.com/junkyards/north-dakota/9997483-action-auto-wrecking-minot-nd,unknown,unknown,Yes
https://junkyardsnearme.com/junkyards/pennsylvania=&p=20?%2Fjunkyards%2Fpennsylvania=&p=21,unknown,unknown,Yes
https://junkyardsnearme.com/junkyards/new-jersey/9997958-best-metal-used-auto-parts-newark-nj,unknown,unknown,Yes
https://junkyardsnearme.com/junkyards/virginia/9997478-action-auto-parts-hopewell-va,unknown,unknown,Yes
https://junkyardsnearme.com/junkyards/minnesota/4543000-economy-auto-salvage-winnona-mn,unknown,unknown,Yes
https://junkyardsnearme.com/junkyards/british-columbia/10001203-q1-auto-parts-surrey-bc,unknown,unknown,Yes
https://junkyardsnearme.com/junkyards/virginia/3823972-bills-used-parts-inc-christiansburg-va,unknown,unknown,Yes
https://junkyardsnearme.com/junkyards=&p=481?%2Fjunkyards=&p=482,unknown,unknown,Yes
https://junkyardsnearme.com/junkyards/texas/9999062-farris-auto-salvage-grand-prairie-tx,unknown,unknown,Yes
https://junkyardsnearme.com/junkyards/pennsylvania/9998763-dons-auto-salvage-beaver-pa,unknown,unknown,Yes
https://junkyardsnearme.com/junkyards/florida/9999151-franks-used-auto-parts-daytona-beach-fl,unknown,unknown,Yes
https://junkyardsnearme.com/junkyards/texas/9997633-alpha-foreign-used-auto-parts-houston-tx,unknown,unknown,Yes
https://junkyardsnearme.com/junkyards/illinois/2672125-bryants-auto-parts-recycling-westville-il,unknown,unknown,Yes
https://junkyardsnearme.com/junkyards=&p=409,unknown,unknown,Yes
https://junkyardsnearme.com/junkyards/new-hampshire=&p=3?%2Fjunkyards%2Fnew-hampshire=&p=2,unknown,unknown,Yes
https://junkyardsnearme.com/junkyards/illinois/5783730-andersons-auto-towing-recycling-tuscola-il,unknown,unknown,Yes
https://junkyardsnearme.com/junkyards=&p=472,unknown,unknown,Yes
https://junkyardsnearme.com/junkyards/florida/10001279-rays-auto-parts-homestead-fl,unknown,unknown,Yes
https://junkyardsnearme.com/junkyards/south-dakota=&p=1,unknown,unknown,Yes
https://junkyardsnearme.com/junkyards/california=&p=13?%2Fjunkyards%2Fcalifornia=&p=12,unknown,unknown,Yes
https://junkyardsnearme.com/junkyards=&p=518,unknown,unknown,Yes
https://junkyardsnearme.com/junkyards/north-carolina/10000439-max-used-auto-parts-hickory-nc,unknown,unknown,Yes
https://junkyardsnearme.com/junkyards/maryland/4102721-cullums-towing-salvage-yard-aberdeen-md,unknown,unknown,Yes
https://junkyardsnearme.com/junkyards/alberta/10000011-lake-city-services-sylvan-lake-ab,unknown,unknown,Yes
https://junkyardsnearme.com/junkyards/alabama/9999929-kilgore-wrecker-service-jasper-al,unknown,unknown,Yes
https://junkyardsnearme.com/junkyards/connecticut=&p=3?%2Fjunkyards%2Fconnecticut=&p=4,unknown,unknown,Yes
https://junkyardsnearme.com/junkyards/massachusetts/9997946-berkley-used-auto-parts-berkley-ma,unknown,unknown,Yes
https://junkyardsnearme.com/junkyards=&p=113,unknown,unknown,Yes
https://junkyardsnearme.com/junkyards/new-jersey/9997449-ace-auto-wrecking-east-brunswick-nj,unknown,unknown,Yes
https://junkyardsnearme.com/junkyards/virginia/7441296-woodfin-guaranteed-used-parts-midlothian-va,unknown,unknown,Yes
https://junkyardsnearme.com/junkyards/oregon/9997519-affordable-parts-yard-boring-or,unknown,unknown,Yes
https://junkyardsnearme.com/junkyards/florida=&p=16,unknown,unknown,Yes
https://junkyardsnearme.com/junkyards/massachusetts/9999027-cosmos-cash-for-junk-cars-north-billerica-ma,unknown,unknown,Yes
https://junkyardsnearme.com/junkyards/california/10001043-phoenix-auto-wrecking-inc-wilmington-ca,unknown,unknown,Yes
https://junkyardsnearme.com/junkyards/kentucky=&p=4?%2Fjunkyards%2Fkentucky=&p=3,unknown,unknown,Yes
https://junkyardsnearme.com/junkyards/pennsylvania=&p=22?%2Fjunkyards%2Fpennsylvania=&p=23,unknown,unknown,Yes
https://junkyardsnearme.com/junkyards/connecticut/9999229-georges-auto-parts-bridgeport-ct,unknown,unknown,Yes
https://junkyardsnearme.com/junkyards/massachusetts/9999273-aaa-junk-removal-west-newton-ma,unknown,unknown,Yes
https://junkyardsnearme.com/junkyards/new-mexico,unknown,unknown,Yes
https://junkyardsnearme.com/junkyards/utah/9999765-japanese-auto-parts-lehi-ut,unknown,unknown,Yes
https://junkyardsnearme.com/junkyards/colorado/9997672-americar-auto-parts-llc-delta-co,unknown,unknown,Yes
https://junkyardsnearme.com/junkyards/texas/9997943-beltway-used-parts-houston-tx,unknown,unknown,Yes
https://junkyardsnearme.com/junkyards/oregon/3807046-m-m-towing-and-wrecking-woodburn-or,unknown,unknown,Yes
https://junkyardsnearme.com/junkyards/iowa/9997523-aikey-auto-salvage-cedar-falls-ia,unknown,unknown,Yes
https://junkyardsnearme.com/junkyards/new-york/9998688-joes-auto-wreckers-inc-mount-vernon-ny,unknown,unknown,Yes
https://junkyardsnearme.com/junkyards/florida/7651234-cash-for-cars-online-fort-lauderdale-fl,unknown,unknown,Yes
https://junkyardsnearme.com/junkyards/illinois/9998215-car-parts-unlimited-distribution-chicago-il,unknown,unknown,Yes
https://junkyardsnearme.com/junkyards=&p=429,unknown,unknown,Yes
https://junkyardsnearme.com/junkyards/idaho=&p=2?%2Fjunkyards%2Fidaho=&p=1,unknown,unknown,Yes
https://junkyardsnearme.com/junkyards/florida=&p=19,unknown,unknown,Yes
https://junkyardsnearme.com/junkyards/ontario/9998248-cathcart-auto-parts-burford-on,unknown,unknown,Yes
https://junkyardsnearme.com/junkyards/west-virginia/9998808-eagle-auto-parts-martinsburg-wv,unknown,unknown,Yes
https://junkyardsnearme.com/junkyards/minnesota/9997703-apex-auto-salvage-saint-paul-mn,unknown,unknown,Yes
https://junkyardsnearme.com/junkyards/ohio/5997078-northeast-auto-recyclers-conneut-oh,unknown,unknown,Yes
https://junkyardsnearme.com/junkyards/new-york/2292104-east-park-auto-recycling-inc-hyde-park-ny,unknown,unknown,Yes
https://junkyardsnearme.com/junkyards/indiana/5851150-t-k-towing-recovery-gosport-in,unknown,unknown,Yes
https://junkyardsnearme.com/junkyards=&p=386,unknown,unknown,Yes
https://junkyardsnearme.com/junkyards/oklahoma/10001182-priest-brothers-c-w-auto-salvage-lawton-ok,unknown,unknown,Yes
https://junkyardsnearme.com/junkyards/ontario/9998520-coynes-auto-recyclers-val-caron-on,unknown,unknown,Yes
https://junkyardsnearme.com/junkyards/ontario=&p=8,unknown,unknown,Yes
https://junkyardsnearme.com/junkyards/florida/10000199-lkq-melbourne-melbourne-fl,unknown,unknown,Yes
https://junkyardsnearme.com/junkyards/kentucky/9998943-embrys-auto-parts-louisville-ky,unknown,unknown,Yes
https://junkyardsnearme.com/junkyards/massachusetts/10000565-endicott-transportation-chelmsford-ma,unknown,unknown,Yes
https://junkyardsnearme.com/junkyards/texas/10000641-mikes-wrecking-abilene-tx,unknown,unknown,Yes
https://junkyardsnearme.com/junkyards=&p=21?%2Fjunkyards=&p=22,unknown,unknown,Yes
https://junkyardsnearme.com/junkyards/florida/3272692-fues-auto-salvage-winter-springs-fl,unknown,unknown,Yes
https://junkyardsnearme.com/junkyards/florida/9997731-asap-car-recycling-opa-locka-fl,unknown,unknown,Yes
https://junkyardsnearme.com/junkyards/ontario/9997725-arnprior-ottawa-auto-parts-arnprior-on,unknown,unknown,Yes
https://junkyardsnearme.com/junkyards/tennessee=&p=2?%2Fjunkyards%2Ftennessee=&p=1,unknown,unknown,Yes
https://junkyardsnearme.com/junkyards/maine/10000602-petes-junkyard-durham-me,unknown,unknown,Yes
https://junkyardsnearme.com/junkyards=&p=306?%2Fjunkyards=&p=305,unknown,unknown,Yes
https://junkyardsnearme.com/junkyards/pennsylvania/10001614-sibums-auto-parts-east-stroudsburg-pa,unknown,unknown,Yes
https://junkyardsnearme.com/junkyards/florida/4632002-beyer-auto-salvage-sales-inc-trenton-fl,unknown,unknown,Yes
https://junkyardsnearme.com/junkyards=&p=155,unknown,unknown,Yes
https://junkyardsnearme.com/junkyards/pennsylvania/10000358-m-m-auto-parts-bridgeport-pa,unknown,unknown,Yes
https://junkyardsnearme.com/junkyards=&p=19?%2Fjunkyards=&p=20,unknown,unknown,Yes
https://junkyardsnearme.com/junkyards/ohio=&p=15?%2Fjunkyards%2Fohio=&p=14,unknown,unknown,Yes
https://junkyardsnearme.com/junkyards/ontario/9999534-hilltop-auto-wreckers-cedar-valley-on,unknown,unknown,Yes
https://junkyardsnearme.com/junkyards/quebec/10001119-pieces-dautos-carignan-carignan-qc,unknown,unknown,Yes
https://junkyardsnearme.com/junkyards/california=&p=17?%2Fjunkyards%2Fcalifornia=&p=16,unknown,unknown,Yes
https://junkyardsnearme.com/junkyards/wisconsin/9999161-freeway-auto-salvage-sturtevant-wi,unknown,unknown,Yes
https://junkyardsnearme.com/junkyards/arkansas/9997721-arkansas-wholesale-auto-salvage-north-little-rock-ar,unknown,unknown,Yes
https://junkyardsnearme.com/junkyards=&p=302?%2Fjunkyards=&p=301,unknown,unknown,Yes
https://junkyardsnearme.com/junkyards/tennessee/10001859-tennessee-auto-salvage-greenbrier-tn,unknown,unknown,Yes
https://junkyardsnearme.com/junkyards/new-jersey/10001103-jims-auto-wrecking-avenel-nj,unknown,unknown,Yes
https://junkyardsnearme.com/junkyards/michigan=&p=17?%2Fjunkyards%2Fmichigan=&p=18,unknown,unknown,Yes
https://junkyardsnearme.com/junkyards/north-carolina/9998233-carrigan-auto-sales-grover-nc,unknown,unknown,Yes
https://junkyardsnearme.com/junkyards/ohio/10000949-omni-auto-parts-macedonia-oh,unknown,unknown,Yes
https://junkyardsnearme.com/junkyards/alabama/9999059-falcon-auto-sales-parts-calera-al,unknown,unknown,Yes
https://junkyardsnearme.com/junkyards=&p=125?%2Fjunkyards=&p=124,unknown,unknown,Yes
https://junkyardsnearme.com/junkyards=&p=442,unknown,unknown,Yes
https://junkyardsnearme.com/junkyards/tennessee/10001860-tennessee-auto-salvage-recycling-knoxville-tn,unknown,unknown,Yes
https://junkyardsnearme.com/junkyards/pennsylvania/2587560-kens-auto-salvage-osceola-pa,unknown,unknown,Yes
https://junkyardsnearme.com/junkyards/mississippi/8384460-quality-auto-parts-and-repair-byhalia-ms,unknown,unknown,Yes
https://junkyardsnearme.com/junkyards/kentucky/7378223-john-nichols-used-cars-parts-inc-elizabethtown-ky,unknown,unknown,Yes
https://junkyardsnearme.com/junkyards/arizona/10000001-la-auto-parts-tucson-az,unknown,unknown,Yes
https://junkyardsnearme.com/junkyards/new-jersey/10000002-lacey-used-auto-parts-lanoka-harbor-nj,unknown,unknown,Yes
https://junkyardsnearme.com/junkyards/pennsylvania/9461295-muellers-auto-recycling-sales-altoona-pa,unknown,unknown,Yes
https://junkyardsnearme.com/junkyards/kentucky/9998308-chop-shop-auto-salvage-sales-recycling-paducah-ky,unknown,unknown,Yes
https://junkyardsnearme.com/junkyards=&p=278?%2Fjunkyards=&p=279,unknown,unknown,Yes
https://junkyardsnearme.com/junkyards/indiana,unknown,unknown,Yes
https://junkyardsnearme.com/junkyards=&p=377,unknown,unknown,Yes
https://junkyardsnearme.com/junkyards/north-carolina/10000418-martins-import-salvage-wendell-nc,unknown,unknown,Yes
https://junkyardsnearme.com/junkyards/indiana/5696520-mecca-auto-salvage-rockville-in,unknown,unknown,Yes
https://junkyardsnearme.com/junkyards/new-york/9091010-nationwide-used-auto-parts-central-valley-ny,unknown,unknown,Yes
https://junkyardsnearme.com/junkyards/arizona/9999934-king-kobra-wrecking-yard-phoenix-az,unknown,unknown,Yes
https://junkyardsnearme.com/junkyards/quebec/10001122-pieces-dautos-fleurimont-sherbrooke-qc,unknown,unknown,Yes
https://junkyardsnearme.com/junkyards/massachusetts/10000100-big-bucks-junk-car-removal-fall-river-ma,unknown,unknown,Yes
https://junkyardsnearme.com/junkyards/california/9997732-ask-auto-dismantlers-fontana-ca,unknown,unknown,Yes
https://junkyardsnearme.com/junkyards/pennsylvania=&p=15?%2Fjunkyards%2Fpennsylvania=&p=14,unknown,unknown,Yes
https://junkyardsnearme.com/junkyards/virginia/9997902-barkers-auto-salvage-llc-axton-va,unknown,unknown,Yes
https://junkyardsnearme.com/junkyards/iowa=&p=6,unknown,unknown,Yes
https://junkyardsnearme.com/junkyards/california/9999064-fast-auto-wrecking-san-diego-ca,unknown,unknown,Yes
https://junkyardsnearme.com/junkyards=&p=439,unknown,unknown,Yes
https://junkyardsnearme.com/junkyards/oregon/9997948-berts-auto-salvage-llc-hermiston-or,unknown,unknown,Yes
https://junkyardsnearme.com/junkyards/california/7233950-j-w-auto-wreckers-antelope-ca,unknown,unknown,Yes
https://junkyardsnearme.com/junkyards=&p=65?%2Fjunkyards=&p=66,unknown,unknown,Yes
https://junkyardsnearme.com/junkyards=&p=220?%2Fjunkyards=&p=221,unknown,unknown,Yes
https://junkyardsnearme.com/junkyards/kentucky/9997907-barren-county-auto-salvage-used-cars-llc-cave-city-ky,unknown,unknown,Yes
https://junkyardsnearme.com/junkyards/oklahoma/9998129-buds-salvage-aline-ok,unknown,unknown,Yes
https://junkyardsnearme.com/junkyards/quebec=&p=6?%2Fjunkyards%2Fquebec=&p=5,unknown,unknown,Yes
https://junkyardsnearme.com/junkyards/michigan/9999076-fenton-auto-salvage-fenton-mi,unknown,unknown,Yes
https://junkyardsnearme.com/junkyards/colorado=&p=5?%2Fjunkyards%2Fcolorado=&p=6,unknown,unknown,Yes
https://junkyardsnearme.com/junkyards=&p=41?%2Fjunkyards=&p=40,unknown,unknown,Yes
https://junkyardsnearme.com/junkyards/north-carolina/10000926-odums-auto-salvage-hubert-nc,unknown,unknown,Yes
https://junkyardsnearme.com/junkyards=&p=258,unknown,unknown,Yes
https://junkyardsnearme.com/junkyards/new-jersey,unknown,unknown,Yes
https://junkyardsnearme.com/junkyards/new-york/4312253-able-salvage-island-park-ny,unknown,unknown,Yes
https://junkyardsnearme.com/junkyards/alaska/10000900-northwest-auto-parts-anchorage-ak,unknown,unknown,Yes
https://junkyardsnearme.com/junkyards/indiana=&p=10,unknown,unknown,Yes
https://junkyardsnearme.com/junkyards/maine/9999685-connells-auto-harrison-me,unknown,unknown,Yes
https://junkyardsnearme.com/junkyards/california/7225050-coast-auto-supplies-dismantling-inc-watsonville-ca,unknown,unknown,Yes
https://junkyardsnearme.com/junkyards/california/3502444-dans-truck-auto-dismantling-fontana-ca,unknown,unknown,Yes
https://junkyardsnearme.com/junkyards/california/9997926-bebes-ls3-trucks-auto-dismantler-fontana-ca,unknown,unknown,Yes
https://junkyardsnearme.com/junkyards/colorado=&p=8?%2Fjunkyards%2Fcolorado=&p=9,unknown,unknown,Yes
https://junkyardsnearme.com/junkyards/nevada/10001896-tnh-auto-wrecking-las-vegas-nv,unknown,unknown,Yes
https://junkyardsnearme.com/junkyards/indiana/9997491-adams-auto-salvage-ligonier-in,unknown,unknown,Yes
https://junkyardsnearme.com/junkyards/california=&p=28?%2Fjunkyards%2Fcalifornia=&p=29,unknown,unknown,Yes
https://junkyardsnearme.com/junkyards/indiana/10001708-southwest-auto-company-terre-haute-in,unknown,unknown,Yes
https://junkyardsnearme.com/junkyards=&p=387?%2Fjunkyards=&p=388,unknown,unknown,Yes
https://junkyardsnearme.com/junkyards/texas/8904130-garys-lights-grand-prairie-tx,unknown,unknown,Yes
https://junkyardsnearme.com/junkyards/alabama/5567321-troy-sellers-auto-cottondale-al,unknown,unknown,Yes
https://junkyardsnearme.com/junkyards/ontario/9999356-guyfer-auto-recycling-caledon-east-on,unknown,unknown,Yes
https://junkyardsnearme.com/junkyards/indiana/4476012-guaranteed-transmission-service-colburn-in,unknown,unknown,Yes
https://junkyardsnearme.com/junkyards/british-columbia/9999798-jk-japanese-auto-parts-richmond-bc,unknown,unknown,Yes
https://junkyardsnearme.com/junkyards/arkansas=&p=5,unknown,unknown,Yes
https://junkyardsnearme.com/junkyards/british-columbia=&p=8,unknown,unknown,Yes
https://junkyardsnearme.com/junkyards/florida=&p=2?%2Fjunkyards%2Fflorida=&p=1,unknown,unknown,Yes
https://junkyardsnearme.com/junkyards/british-columbia/10000903-northwest-used-auto-parts-abbotsford-bc,unknown,unknown,Yes
https://junkyardsnearme.com/junkyards=&p=426,unknown,unknown,Yes
https://junkyardsnearme.com/junkyards/arizona/3881661-pick-a-part-of-phoenix-phoenix-az,unknown,unknown,Yes
https://junkyardsnearme.com/junkyards/california=&p=30,unknown,unknown,Yes
https://junkyardsnearme.com/junkyards=&p=492?%2Fjunkyards=&p=493,unknown,unknown,Yes
https://junkyardsnearme.com/junkyards=&p=39?%2Fjunkyards=&p=40,unknown,unknown,Yes
https://junkyardsnearme.com/junkyards/connecticut/9998600-lajoies-auto-wrecking-norwalk-ct,unknown,unknown,Yes
https://junkyardsnearme.com/junkyards/california/3888350-dads-auto-dismantling-sacramento-ca,unknown,unknown,Yes
https://junkyardsnearme.com/junkyards=&p=337?%2Fjunkyards=&p=338,unknown,unknown,Yes
https://junkyardsnearme.com/junkyards/california/3421606-e-c-auto-parts-inc-reseda-ca,unknown,unknown,Yes
https://junkyardsnearme.com/junkyards/washington/9998134-budget-auto-wrecking-kent-wa,unknown,unknown,Yes
https://junkyardsnearme.com/junkyards/indiana/9999295-gonzalez-auto-parts-brownsburg-in,unknown,unknown,Yes
https://junkyardsnearme.com/junkyards/kansas=&p=2?%2Fjunkyards%2Fkansas=&p=1,unknown,unknown,Yes
https://junkyardsnearme.com/junkyards=&p=138?%2Fjunkyards=&p=137,unknown,unknown,Yes
https://junkyardsnearme.com/junkyards=&p=419,unknown,unknown,Yes
https://junkyardsnearme.com/junkyards/new-jersey/9998866-nerger-s-auto-express-bound-brook-nj,unknown,unknown,Yes
https://junkyardsnearme.com/junkyards/florida/10001830-tae-used-auto-parts-tampa-fl,unknown,unknown,Yes
https://junkyardsnearme.com/junkyards=&p=307?%2Fjunkyards=&p=308,unknown,unknown,Yes
https://junkyardsnearme.com/junkyards/ohio/10001320-renos-auto-parts-hillsboro-oh,unknown,unknown,Yes
https://junkyardsnearme.com/junkyards/california/3262332-needles-auto-wrecking-needles-ca,unknown,unknown,Yes
https://junkyardsnearme.com/junkyards/new-york/9998839-greenpoint-scrap-metal-inc-brooklyn-ny,unknown,unknown,Yes
https://junkyardsnearme.com/junkyards/tennessee/9997769-auto-central-llc-antioch-tn,unknown,unknown,Yes
https://junkyardsnearme.com/junkyards/nevada=&p=2?%2Fjunkyards%2Fnevada=&p=3,unknown,unknown,Yes
https://junkyardsnearme.com/junkyards/massachusetts/9999447-chicopee-auto-farm-chicopee-ma,unknown,unknown,Yes
https://junkyardsnearme.com/junkyards=&p=398?%2Fjunkyards=&p=399,unknown,unknown,Yes
https://junkyardsnearme.com/junkyards/new-jersey/5897456-newark-motor-export-corp-newark-nj,unknown,unknown,Yes
https://junkyardsnearme.com/junkyards/new-jersey/9998469-magic-auto-world-paterson-nj,unknown,unknown,Yes
https://junkyardsnearme.com/junkyards/minnesota/6849657-m-s-auto-parts-ellendale-mn,unknown,unknown,Yes
https://junkyardsnearme.com/junkyards/florida/9999031-evergreen-auto-services-kissimmee-fl,unknown,unknown,Yes
https://junkyardsnearme.com/junkyards/new-york/9998685-junk-cars-of-fairfield-county-port-chester-ny,unknown,unknown,Yes
https://junkyardsnearme.com/junkyards/new-hampshire/10000571-goshen-auto-wrecking-goshen-nh,unknown,unknown,Yes
https://junkyardsnearme.com/junkyards/maine=&p=10,unknown,unknown,Yes
https://junkyardsnearme.com/junkyards/pennsylvania/9999792-jims-auto-recycling-philadelphia-pa,unknown,unknown,Yes
https://junkyardsnearme.com/junkyards=&p=70,unknown,unknown,Yes
https://junkyardsnearme.com/junkyards/new-york/9997851-b-h-auto-parts-brooklyn-ny,unknown,unknown,Yes
https://junkyardsnearme.com/junkyards/arizona/9998247-catalina-auto-recyclers-tucson-az,unknown,unknown,Yes
https://junkyardsnearme.com/junkyards=&p=167?%2Fjunkyards=&p=168,unknown,unknown,Yes
https://junkyardsnearme.com/junkyards=&p=87?%2Fjunkyards=&p=88,unknown,unknown,Yes
https://junkyardsnearme.com/junkyards/south-carolina/9999481-hi-bridge-automotive-inc-inman-sc,unknown,unknown,Yes
https://junkyardsnearme.com/junkyards/florida/3216221-european-automotive-inc-saint-petersburg-fl,unknown,unknown,Yes
https://junkyardsnearme.com/junkyards/california/9997318-a1-auto-truck-wrecking-inc-rialto-ca,unknown,unknown,Yes
https://junkyardsnearme.com/junkyards/ontario/9998916-eds-auto-parts-arnprior-on,unknown,unknown,Yes
https://junkyardsnearme.com/junkyards/new-york/9997929-beckers-auto-salvage-palatine-bridge-ny,unknown,unknown,Yes
https://junkyardsnearme.com/junkyards/mississippi/9998805-e-o-berry-salvage-magee-ms,unknown,unknown,Yes
https://junkyardsnearme.com/junkyards/missouri/3972551-burkholder-truck-sales-llc-edina-mo,unknown,unknown,Yes
https://junkyardsnearme.com/junkyards/pennsylvania/10000451-mcghees-used-cars-dudley-pa,unknown,unknown,Yes
https://junkyardsnearme.com/junkyards/ohio/10000136-lkq-250-auto-harrisville-oh,unknown,unknown,Yes
https://junkyardsnearme.com/junkyards/kentucky/9998630-daves-auto-truck-parts-morehead-ky,unknown,unknown,Yes
https://junkyardsnearme.com/junkyards=&p=181?%2Fjunkyards=&p=182,unknown,unknown,Yes
https://junkyardsnearme.com/junkyards/massachusetts/10000286-harsip-brothers-inc-chelsea-ma,unknown,unknown,Yes
https://junkyardsnearme.com/junkyards/michigan/9998827-east-side-auto-parts-ravenna-mi,unknown,unknown,Yes
https://junkyardsnearme.com/junkyards/pennsylvania/8935418-stoystown-auto-wreckers-stoystown-pa,unknown,unknown,Yes
https://junkyardsnearme.com/junkyards/new-york/9997167-1-auto-geneva-ny,unknown,unknown,Yes
https://junkyardsnearme.com/junkyards/california/5030766-s-j-industries-inc-north-hollywood-ca,unknown,unknown,Yes
https://junkyardsnearme.com/junkyards/tennessee/2780090-high-gear-llc-memphis-tn,unknown,unknown,Yes
https://junkyardsnearme.com/junkyards/california/9998205-capital-auto-wrecking-gardena-ca,unknown,unknown,Yes
https://junkyardsnearme.com/junkyards/maine/9999699-sun-auto-salvage-norridgewock-me,unknown,unknown,Yes
https://junkyardsnearme.com/junkyards/texas/6556417-earl-bowman-auto-wrecking-inc-san-angelo-tx,unknown,unknown,Yes
https://junkyardsnearme.com/junkyards/new-jersey/2910315-allstate-engine-and-parts-supply-saddle-brook-nj,unknown,unknown,Yes
https://junkyardsnearme.com/junkyards/florida=&p=5?%2Fjunkyards%2Fflorida=&p=4,unknown,unknown,Yes
https://junkyardsnearme.com/junkyards/british-columbia/10001109-pick-n-pull-domestic-surrey-bc,unknown,unknown,Yes
https://junkyardsnearme.com/junkyards/connecticut=&p=2?%2Fjunkyards%2Fconnecticut=&p=1,unknown,unknown,Yes
https://junkyardsnearme.com/junkyards/alberta/9999770-jayman-auto-wrecking-cypress-county-ab,unknown,unknown,Yes
https://junkyardsnearme.com/junkyards/ohio/9998727-diamond-auto-wrecking-salem-oh,unknown,unknown,Yes
https://junkyardsnearme.com/junkyards/pennsylvania/10001468-rusty-hook-auto-salvage-harmony-pa,unknown,unknown,Yes
https://junkyardsnearme.com/junkyards/oklahoma/10001397-riverside-pickup-suv-oklahoma-city-ok,unknown,unknown,Yes
https://junkyardsnearme.com/junkyards/texas/9998676-del-norte-auto-truck-sales-laredo-tx,unknown,unknown,Yes
https://junkyardsnearme.com/junkyards/new-york/3812211-accurate-auto-glass-mirror-corp-maspeth-ny,unknown,unknown,Yes
https://junkyardsnearme.com/junkyards=&p=380?%2Fjunkyards=&p=381,unknown,unknown,Yes
https://junkyardsnearme.com/junkyards/oklahoma=&p=4?%2Fjunkyards%2Foklahoma=&p=5,unknown,unknown,Yes
https://junkyardsnearme.com/junkyards/georgia/9998556-cusseta-salvage-cusseta-ga,unknown,unknown,Yes
https://junkyardsnearme.com/junkyards/california/9997291-a1-auto-wreckers-san-jose-ca,unknown,unknown,Yes
https://junkyardsnearme.com/junkyards/pennsylvania/9998768-donawitz-auto-parts-new-brighton-pa,unknown,unknown,Yes
https://junkyardsnearme.com/junkyards/massachusetts/9999449-ma-junk-car-removal-framingham-ma,unknown,unknown,Yes
https://junkyardsnearme.com/junkyards/massachusetts/7777108-bba-remanufacturing-inc-south-dartmouth-ma,unknown,unknown,Yes
https://junkyardsnearme.com/junkyards=&p=328?%2Fjunkyards=&p=327,unknown,unknown,Yes
https://junkyardsnearme.com/junkyards/arkansas/10001363-ricks-used-auto-parts-sales-fort-smith-ar,unknown,unknown,Yes
https://junkyardsnearme.com/junkyards=&p=318,unknown,unknown,Yes
https://junkyardsnearme.com/junkyards=&p=225?%2Fjunkyards=&p=226,unknown,unknown,Yes
https://junkyardsnearme.com/junkyards/massachusetts=&p=2?%2Fjunkyards%2Fmassachusetts=&p=1,unknown,unknown,Yes
https://junkyardsnearme.com/junkyards/vermont/10000302-brownells-auto-wrecking-services-north-bennington-vt,unknown,unknown,Yes
https://junkyardsnearme.com/junkyards/maine/10000609-dixfield-salvage-sales-dixfield-me,unknown,unknown,Yes
https://junkyardsnearme.com/junkyards/ohio/9997178-239-auto-dismantlers-west-portsmouth-oh,unknown,unknown,Yes
https://junkyardsnearme.com/junkyards=&p=60,unknown,unknown,Yes
https://junkyardsnearme.com/junkyards/michigan/4391211-owen-auto-parts-and-towing-inc-maybee-mi,unknown,unknown,Yes
https://junkyardsnearme.com/junkyards/mississippi/9999350-gtg-auto-parts-bay-saint-louis-ms,unknown,unknown,Yes
https://junkyardsnearme.com/junkyards/massachusetts/9999470-center-street-auto-salvage-dennis-port-ma,unknown,unknown,Yes
https://junkyardsnearme.com/junkyards/ontario/9998037-bodyline-auto-recyclers-hamilton-on,unknown,unknown,Yes
https://junkyardsnearme.com/junkyards/texas/9997457-ace-auto-recycler-haltom-city-tx,unknown,unknown,Yes
https://junkyardsnearme.com/junkyards/oklahoma=&p=1?%2Fjunkyards%2Foklahoma=&p=2,unknown,unknown,Yes
https://junkyardsnearme.com/junkyards/colorado/9999780-jeeps-unlimited-erie-co,unknown,unknown,Yes
https://junkyardsnearme.com/junkyards=&p=325?%2Fjunkyards=&p=324,unknown,unknown,Yes
https://junkyardsnearme.com/junkyards/minnesota/10001139-pine-auto-salvage-pine-city-mn,unknown,unknown,Yes
https://junkyardsnearme.com/junkyards/connecticut/5893010-websters-used-auto-parts-terryville-ct,unknown,unknown,Yes
https://junkyardsnearme.com/junkyards/texas/7566340-burnet-auto-salvage-burnet-tx,unknown,unknown,Yes
https://junkyardsnearme.com/junkyards/pennsylvania/9999772-jays-auto-wrecking-edinboro-pa,unknown,unknown,Yes
https://junkyardsnearme.com/junkyards=&p=370,unknown,unknown,Yes
https://junkyardsnearme.com/junkyards/florida/9998752-dixie-auto-parts-salvage-pompano-beach-fl,unknown,unknown,Yes
https://junkyardsnearme.com/junkyards/maine/10000697-lakeman-sons-holden-me,unknown,unknown,Yes
https://junkyardsnearme.com/junkyards/new-jersey/7804962-a-a-truck-parts-inc-freehold-nj,unknown,unknown,Yes
https://junkyardsnearme.com/junkyards/pennsylvania/10001654-sligo-auto-salvage-sligo-pa,unknown,unknown,Yes
https://junkyardsnearme.com/junkyards/georgia/9998158-butler-auto-salvage-sales-butler-ga,unknown,unknown,Yes
https://junkyardsnearme.com/junkyards/california=&p=17?%2Fjunkyards%2Fcalifornia=&p=18,unknown,unknown,Yes
https://junkyardsnearme.com/junkyards/new-jersey/9998881-aberdeen-auto-salvage-old-bridge-nj,unknown,unknown,Yes
https://junkyardsnearme.com/junkyards/florida/10001007-pasco-auto-recycling-hudson-fl,unknown,unknown,Yes
https://junkyardsnearme.com/junkyards/florida/10000393-mangums-auto-parts-cocoa-fl,unknown,unknown,Yes
https://junkyardsnearme.com/junkyards/alberta=&p=5?%2Fjunkyards%2Falberta=&p=4,unknown,unknown,Yes
https://junkyardsnearme.com/junkyards/oregon/9997750-atlas-truck-parts-hubbard-or,unknown,unknown,Yes
https://junkyardsnearme.com/junkyards/pennsylvania/9998225-carlisle-auto-truck-salvage-inc-carlisle-pa,unknown,unknown,Yes
https://junkyardsnearme.com/junkyards/michigan/9999830-joshs-auto-parts-benton-harbor-mi,unknown,unknown,Yes
https://junkyardsnearme.com/junkyards=&p=2?%2Fjunkyards=&p=3,unknown,unknown,Yes
https://junkyardsnearme.com/junkyards/south-dakota/9997689-angel-brothers-inc-rapid-city-sd,unknown,unknown,Yes
https://junkyardsnearme.com/junkyards/texas/9997826-awesome-auto-salvage-grand-prairie-tx,unknown,unknown,Yes
https://junkyardsnearme.com/junkyards/tennessee=&p=9?%2Fjunkyards%2Ftennessee=&p=8,unknown,unknown,Yes
https://junkyardsnearme.com/junkyards/tennessee=&p=11?%2Fjunkyards%2Ftennessee=&p=10,unknown,unknown,Yes
https://junkyardsnearme.com/junkyards/ohio/4686700-azegers-auto-recycling-plus-galion-oh,unknown,unknown,Yes
https://junkyardsnearme.com/junkyards/ohio/10000772-nandos-complete-auto-care-columbus-oh,unknown,unknown,Yes
https://junkyardsnearme.com/junkyards=&p=366?%2Fjunkyards=&p=367,unknown,unknown,Yes
https://junkyardsnearme.com/junkyards/washington/4893850-whiteys-wrecking-inc-spokane-wa,unknown,unknown,Yes
https://junkyardsnearme.com/junkyards/michigan/10000631-miechiels-auto-salvage-howell-mi,unknown,unknown,Yes
https://junkyardsnearme.com/junkyards/michigan/10001030-penstar-auto-salvage-hamtramck-mi,unknown,unknown,Yes
https://junkyardsnearme.com/junkyards/georgia/10000449-mcdonough-used-auto-parts-east-covington-ga,unknown,unknown,Yes
https://junkyardsnearme.com/junkyards=&p=97?%2Fjunkyards=&p=98,unknown,unknown,Yes
https://junkyardsnearme.com/junkyards/ontario/3851754-port-sydney-recyclers-port-sydney-on,unknown,unknown,Yes
https://junkyardsnearme.com/junkyards/illinois/10001404-robbins-auto-salvage-chicago-il,unknown,unknown,Yes
https://junkyardsnearme.com/junkyards/texas/9997683-andre-auto-salvage-el-paso-tx,unknown,unknown,Yes
https://junkyardsnearme.com/junkyards/indiana/9999656-i-94-auto-recyclers-gary-in,unknown,unknown,Yes
https://junkyardsnearme.com/junkyards/florida/10000980-palmetto-used-auto-parts-opa-locka-fl,unknown,unknown,Yes
https://junkyardsnearme.com/junkyards/oregon/10000175-lkq-foster-auto-parts-portland-or,unknown,unknown,Yes
https://junkyardsnearme.com/junkyards/california=&p=16?%2Fjunkyards%2Fcalifornia=&p=15,unknown,unknown,Yes
https://junkyardsnearme.com/junkyards/west-virginia=&p=1?%2Fjunkyards%2Fwest-virginia=&p=2,unknown,unknown,Yes
https://junkyardsnearme.com/junkyards/georgia/9997739-atlanta-european-auto-parts-kennesaw-ga,unknown,unknown,Yes
https://junkyardsnearme.com/junkyards/south-carolina/9998519-coy-karens-little-river-sc,unknown,unknown,Yes
https://junkyardsnearme.com/junkyards=&p=374?%2Fjunkyards=&p=375,unknown,unknown,Yes
https://junkyardsnearme.com/junkyards=&p=16?%2Fjunkyards=&p=15,unknown,unknown,Yes
https://junkyardsnearme.com/junkyards/north-carolina/9998502-cottons-auto-sales-llc-lexington-nc,unknown,unknown,Yes
https://junkyardsnearme.com/junkyards/california/5221100-kilroys-auto-truck-dismantling-wilmington-ca,unknown,unknown,Yes
https://junkyardsnearme.com/junkyards/kentucky/9999125-fowler-brothers-auto-salvage-llc-elkton-ky,unknown,unknown,Yes
https://junkyardsnearme.com/junkyards=&p=353?%2Fjunkyards=&p=352,unknown,unknown,Yes
https://junkyardsnearme.com/junkyards/kansas/8063902-sandlian-iron-metal-wichita-ks,unknown,unknown,Yes
https://junkyardsnearme.com/junkyards=&p=316?%2Fjunkyards=&p=315,unknown,unknown,Yes
https://junkyardsnearme.com/junkyards=&p=300?%2Fjunkyards=&p=301,unknown,unknown,Yes
https://junkyardsnearme.com/junkyards/british-columbia/3362229-powerhouse-recycled-auto-parts-cumberland-bc,unknown,unknown,Yes
https://junkyardsnearme.com/junkyards/arkansas/10002017-universal-auto-sales-paragould-ar,unknown,unknown,Yes
https://junkyardsnearme.com/junkyards/massachusetts/9999141-perrys-auto-sales-parts-west-bridgewater-ma,unknown,unknown,Yes
https://junkyardsnearme.com/junkyards/new-jersey/9191217-john-blewett-inc-howell-nj,unknown,unknown,Yes
https://junkyardsnearme.com/junkyards/california/9997571-all-car-truck-recycling-anderson-ca,unknown,unknown,Yes
https://junkyardsnearme.com/junkyards/minnesota/9999910-kens-repair-sales-anoka-mn,unknown,unknown,Yes
https://junkyardsnearme.com/junkyards=&p=325,unknown,unknown,Yes
https://junkyardsnearme.com/junkyards=&p=255?%2Fjunkyards=&p=254,unknown,unknown,Yes
https://junkyardsnearme.com/junkyards/tennessee/9998912-eddies-used-cars-auto-salvage-spring-city-tn,unknown,unknown,Yes
https://junkyardsnearme.com/junkyards/texas/10001261-rams-used-auto-parts-houston-tx,unknown,unknown,Yes
https://junkyardsnearme.com/junkyards/oklahoma/10001978-tulsa-auto-salvage-tulsa-ok,unknown,unknown,Yes
https://junkyardsnearme.com/junkyards/virginia/10000363-m-m-service-salvage-yard-ruckersville-va,unknown,unknown,Yes
https://junkyardsnearme.com/junkyards/pennsylvania=&p=14?%2Fjunkyards%2Fpennsylvania=&p=13,unknown,unknown,Yes
https://junkyardsnearme.com/junkyards/georgia/10000223-lkq-potomac-german-mid-atlantic-monroe-ga,unknown,unknown,Yes
https://junkyardsnearme.com/junkyards/florida/10000064-lax-auto-fort-lauderdale-fl,unknown,unknown,Yes
https://junkyardsnearme.com/junkyards/illinois=&p=9?%2Fjunkyards%2Fillinois=&p=8,unknown,unknown,Yes
https://junkyardsnearme.com/junkyards/georgia/2430793-budget-auto-salvage-decatur-ga,unknown,unknown,Yes
https://junkyardsnearme.com/junkyards/virginia/4220092-cash-for-junk-cars-in-northern-virginia-ft-belvoir-va,unknown,unknown,Yes
https://junkyardsnearme.com/junkyards=&p=192,unknown,unknown,Yes
https://junkyardsnearme.com/junkyards/new-york/9997486-active-auto-wreckers-bronx-ny,unknown,unknown,Yes
https://junkyardsnearme.com/junkyards/indiana/9998901-economy-auto-parts-fort-wayne-in,unknown,unknown,Yes
https://junkyardsnearme.com/junkyards/arizona=&p=1,unknown,unknown,Yes
https://junkyardsnearme.com/junkyards/british-columbia=&p=3?%2Fjunkyards%2Fbritish-columbia=&p=4,unknown,unknown,Yes
https://junkyardsnearme.com/junkyards/connecticut/10001061-i-lug-junk-cheap-stamford-ct,unknown,unknown,Yes
https://junkyardsnearme.com/junkyards/florida/5682131-j-b-used-auto-parts-orlando-fl,unknown,unknown,Yes
https://junkyardsnearme.com/junkyards/wisconsin/10000448-mcdill-auto-wrecking-stevens-point-wi,unknown,unknown,Yes
https://junkyardsnearme.com/junkyards/louisiana=&p=1,unknown,unknown,Yes
https://junkyardsnearme.com/junkyards/rhode-island=&p=4?%2Fjunkyards%2Frhode-island=&p=5,unknown,unknown,Yes
https://junkyardsnearme.com/junkyards/illinois/9999452-hebron-auto-salvage-hebron-il,unknown,unknown,Yes
https://junkyardsnearme.com/junkyards/manitoba/9998735-direct-auto-parts-st-francois-xavier-mb,unknown,unknown,Yes
https://junkyardsnearme.com/junkyards/texas/6372080-car-smart-pecan-gap-tx,unknown,unknown,Yes
https://junkyardsnearme.com/junkyards/north-carolina/10000456-mclambs-auto-salvage-fayetteville-nc,unknown,unknown,Yes
https://junkyardsnearme.com/junkyards/washington/5179988-always-affordable-automotive-federal-way-wa,unknown,unknown,Yes
https://junkyardsnearme.com/junkyards/new-york/9999067-fast-eddies-auto-wreckers-monticello-ny,unknown,unknown,Yes
https://junkyardsnearme.com/junkyards/quebec/10001420-roger-johnson-son-danford-lake-qc,unknown,unknown,Yes
https://junkyardsnearme.com/junkyards/north-carolina=&p=15?%2Fjunkyards%2Fnorth-carolina=&p=14,unknown,unknown,Yes
https://junkyardsnearme.com/junkyards=&p=196?%2Fjunkyards=&p=195,unknown,unknown,Yes
https://junkyardsnearme.com/junkyards/florida=&p=21,unknown,unknown,Yes
https://junkyardsnearme.com/junkyards=&p=489,unknown,unknown,Yes
https://junkyardsnearme.com/junkyards/california=&p=18,unknown,unknown,Yes
https://junkyardsnearme.com/junkyards/arizona/9997697-any-make-auto-part-phoenix-az,unknown,unknown,Yes
https://junkyardsnearme.com/junkyards=&p=312,unknown,unknown,Yes
https://junkyardsnearme.com/junkyards=&p=62?%2Fjunkyards=&p=61,unknown,unknown,Yes
https://junkyardsnearme.com/junkyards/texas/9999424-hawn-freeway-auto-salvage-dallas-tx,unknown,unknown,Yes
https://junkyardsnearme.com/junkyards/connecticut/10000305-bates-auto-parts-north-grosvenordale-ct,unknown,unknown,Yes
https://junkyardsnearme.com/junkyards/florida/6884788-miami-parts-unlimited-opa-locka-fl,unknown,unknown,Yes
https://junkyardsnearme.com/junkyards=&p=138,unknown,unknown,Yes
https://junkyardsnearme.com/junkyards/minnesota/10000831-north-imports-auto-parts-llc-shakopee-mn,unknown,unknown,Yes
https://junkyardsnearme.com/junkyards/florida=&p=30,unknown,unknown,Yes
https://junkyardsnearme.com/junkyards/kansas/9999437-heartland-auto-salvage-topeka-ks,unknown,unknown,Yes
https://junkyardsnearme.com/junkyards/pennsylvania/9998631-daves-auto-salvage-saint-thomas-pa,unknown,unknown,Yes
https://junkyardsnearme.com/junkyards/california=&p=1,unknown,unknown,Yes
https://junkyardsnearme.com/junkyards/michigan/7563841-zabel-auto-salvage-three-oaks-mi,unknown,unknown,Yes
https://junkyardsnearme.com/junkyards/florida/2332363-stearns-parts-miami-fl,unknown,unknown,Yes
https://junkyardsnearme.com/junkyards/colorado/3644221-denver-used-pickup-parts-east-aurora-co,unknown,unknown,Yes
https://junkyardsnearme.com/junkyards/alberta/9999768-jasper-auto-parts-edmonton-ab,unknown,unknown,Yes
https://junkyardsnearme.com/junkyards/new-york/10001541-jet-auto-ii-brooklyn-ny,unknown,unknown,Yes
https://junkyardsnearme.com/junkyards/georgia/9999336-greenway-auto-parts-stockbridge-ga,unknown,unknown,Yes
https://junkyardsnearme.com/junkyards/arizona/10000763-mwd-auto-recyclers-gilbert-az,unknown,unknown,Yes
https://junkyardsnearme.com/junkyards/texas/9998924-el-paso-auto-salvage-canutillo-tx,unknown,unknown,Yes
https://junkyardsnearme.com/junkyards/california/9999338-greer-auto-wreckers-san-jose-ca,unknown,unknown,Yes
https://junkyardsnearme.com/junkyards/washington/9997406-aaa-auto-wrecking-kent-wa,unknown,unknown,Yes
https://junkyardsnearme.com/junkyards/oklahoma/2580957-country-auto-chandler-ok,unknown,unknown,Yes
https://junkyardsnearme.com/junkyards/colorado/9998219-carbones-auto-parts-sales-denver-co,unknown,unknown,Yes
https://junkyardsnearme.com/junkyards/alabama/9998440-complete-auto-recyclers-brownsboro-al,unknown,unknown,Yes
https://junkyardsnearme.com/junkyards/tennessee/9999044-express-auto-recyclers-la-vergne-tn,unknown,unknown,Yes
https://junkyardsnearme.com/junkyards/texas/8316316-all-import-auto-parts-fort-worth-tx,unknown,unknown,Yes
https://junkyardsnearme.com/junkyards/indiana/10000637-mikes-auto-salvage-mishawaka-in,unknown,unknown,Yes
https://junkyardsnearme.com/junkyards=&p=177,unknown,unknown,Yes
https://junkyardsnearme.com/junkyards/pennsylvania/9999178-g-g-auto-parts-philadelphia-pa,unknown,unknown,Yes
https://junkyardsnearme.com/junkyards=&p=199,unknown,unknown,Yes
https://junkyardsnearme.com/junkyards/georgia/9998945-emmett-head-auto-parts-bonaire-ga,unknown,unknown,Yes
https://junkyardsnearme.com/junkyards=&p=108?%2Fjunkyards=&p=109,unknown,unknown,Yes
https://junkyardsnearme.com/junkyards/new-hampshire,unknown,unknown,Yes
https://junkyardsnearme.com/junkyards/new-jersey=&p=2,unknown,unknown,Yes
https://junkyardsnearme.com/junkyards/tennessee/5732416-chapman-enterprises-inc-knoxville-tn,unknown,unknown,Yes
https://junkyardsnearme.com/junkyards/california/10000674-montoyas-auto-wrecking-chula-vista-ca,unknown,unknown,Yes
https://junkyardsnearme.com/junkyards=&p=300?%2Fjunkyards=&p=299,unknown,unknown,Yes
https://junkyardsnearme.com/junkyards=&p=10?%2Fjunkyards=&p=9,unknown,unknown,Yes
https://junkyardsnearme.com/junkyards/north-carolina/10001169-powells-garage-roanoke-rapids-nc,unknown,unknown,Yes
https://junkyardsnearme.com/junkyards/ontario=&p=2,unknown,unknown,Yes
https://junkyardsnearme.com/junkyards/indiana=&p=9,unknown,unknown,Yes
https://junkyardsnearme.com/junkyards/new-york/9999428-east-park-auto-recycling-inc-hyde-park-ny,unknown,unknown,Yes
https://junkyardsnearme.com/junkyards/north-carolina/9998123-bud-harris-auto-sales-parts-new-bern-nc,unknown,unknown,Yes
https://junkyardsnearme.com/junkyards=&p=167,unknown,unknown,Yes
https://junkyardsnearme.com/junkyards/rhode-island=&p=4,unknown,unknown,Yes
https://junkyardsnearme.com/junkyards=&p=5,unknown,unknown,Yes
https://junkyardsnearme.com/junkyards/georgia/3520725-cash-n-carry-pull-your-part-savannah-ga,unknown,unknown,Yes
https://junkyardsnearme.com/junkyards/new-jersey/9997974-big-a-auto-salvage-spotswood-nj,unknown,unknown,Yes
https://junkyardsnearme.com/junkyards/ohio=&p=21,unknown,unknown,Yes
https://junkyardsnearme.com/junkyards/florida=&p=2,unknown,unknown,Yes
https://junkyardsnearme.com/junkyards/north-carolina/10000089-lemons-auto-parts-madison-nc,unknown,unknown,Yes
https://junkyardsnearme.com/junkyards/california/9997604-all-star-auto-recycling-corning-ca,unknown,unknown,Yes
https://junkyardsnearme.com/junkyards/louisiana=&p=1?%2Fjunkyards%2Flouisiana=&p=2,unknown,unknown,Yes
https://junkyardsnearme.com/junkyards/north-carolina/10000395-manns-auto-parts-elizabeth-city-nc,unknown,unknown,Yes
https://junkyardsnearme.com/junkyards/connecticut/9999953-automotive-core-recycling-meriden-ct,unknown,unknown,Yes
https://junkyardsnearme.com/junkyards/ontario/9999115-formula-auto-wreckers-queensville-on,unknown,unknown,Yes
https://junkyardsnearme.com/junkyards=&p=57?%2Fjunkyards=&p=56,unknown,unknown,Yes
https://junkyardsnearme.com/junkyards/kentucky/9998250-causeys-auto-parts-bowling-green-ky,unknown,unknown,Yes
https://junkyardsnearme.com/junkyards/west-virginia/9998415-codys-salvage-kearneysville-wv,unknown,unknown,Yes
https://junkyardsnearme.com/junkyards/new-york/10001393-jp-salvage-corporation-staten-island-ny,unknown,unknown,Yes
https://junkyardsnearme.com/junkyards/arkansas/9998553-curleys-auto-parts-warren-ar,unknown,unknown,Yes
https://junkyardsnearme.com/junkyards/california=&p=14?%2Fjunkyards%2Fcalifornia=&p=15,unknown,unknown,Yes
https://junkyardsnearme.com/junkyards=&p=359,unknown,unknown,Yes
https://junkyardsnearme.com/junkyards/missouri/4433300-ace-auto-recycling-grain-valley-mo,unknown,unknown,Yes
https://junkyardsnearme.com/junkyards/tennessee=&p=10?%2Fjunkyards%2Ftennessee=&p=11,unknown,unknown,Yes
https://junkyardsnearme.com/junkyards/california=&p=27,unknown,unknown,Yes
https://junkyardsnearme.com/junkyards/kentucky/9998192-camargo-salvage-mount-sterling-ky,unknown,unknown,Yes
https://junkyardsnearme.com/junkyards/california/10000437-max-auto-salvage-arroyo-grande-ca,unknown,unknown,Yes
https://junkyardsnearme.com/junkyards=&p=14?%2Fjunkyards=&p=13,unknown,unknown,Yes
https://junkyardsnearme.com/junkyards/indiana/9999296-gonzalez-auto-parts-indianapolis-in,unknown,unknown,Yes
https://junkyardsnearme.com/junkyards=&p=285?%2Fjunkyards=&p=286,unknown,unknown,Yes
https://junkyardsnearme.com/junkyards/illinois/4420156-bill-smith-auto-parts-danville-il,unknown,unknown,Yes
https://junkyardsnearme.com/junkyards/california/10000964-p-c-auto-wreckers-tracy-ca,unknown,unknown,Yes
https://junkyardsnearme.com/junkyards/missouri/9999299-goodfellow-motors-o-fallon-mo,unknown,unknown,Yes
https://junkyardsnearme.com/junkyards=&p=479?%2Fjunkyards=&p=480,unknown,unknown,Yes
https://junkyardsnearme.com/junkyards/connecticut/9999952-consolidated-scrap-iron-waterbury-ct,unknown,unknown,Yes
https://junkyardsnearme.com/junkyards/georgia/9999191-g-r-automotive-ellenwood-ga,unknown,unknown,Yes
https://junkyardsnearme.com/junkyards/connecticut/9999985-lowe-carting-recycling-waterford-ct,unknown,unknown,Yes
https://junkyardsnearme.com/junkyards/arkansas/8863205-pratts-auto-salvage-sales-hoxie-ar,unknown,unknown,Yes
https://junkyardsnearme.com/junkyards/pennsylvania/9997198-5th-street-auto-philadelphia-pa,unknown,unknown,Yes
https://junkyardsnearme.com/junkyards/vermont=&p=4,unknown,unknown,Yes
https://junkyardsnearme.com/junkyards/michigan/9999420-havercamps-sales-service-bay-city-mi,unknown,unknown,Yes
https://junkyardsnearme.com/junkyards/north-carolina/10001192-pro-veritas-llc-dba-a-plus-auto-salvage-maiden-nc,unknown,unknown,Yes
https://junkyardsnearme.com/junkyards=&p=42?%2Fjunkyards=&p=41,unknown,unknown,Yes
https://junkyardsnearme.com/junkyards/new-jersey/10001554-alpart-scrap-iron-metals-inc-paterson-nj,unknown,unknown,Yes
https://junkyardsnearme.com/junkyards/new-hampshire/10000572-ricker-auto-salvage-chocorua-nh,unknown,unknown,Yes
https://junkyardsnearme.com/junkyards/georgia/5481644-ac-auto-inc-hull-ga,unknown,unknown,Yes
https://junkyardsnearme.com/junkyards/vermont/9999852-leblancs-auto-recycling-bennington-vt,unknown,unknown,Yes
https://junkyardsnearme.com/junkyards/oklahoma/2329557-blumenthal-mfg-oklahoma-city-ok,unknown,unknown,Yes
https://junkyardsnearme.com/junkyards/new-york/9998392-junk-cars-cash-oceanside-ny,unknown,unknown,Yes
https://junkyardsnearme.com/junkyards/ohio/9998354-ck-auto-salvage-bloomingdale-oh,unknown,unknown,Yes
https://junkyardsnearme.com/junkyards/new-york/9997446-accurate-auto-parts-maspeth-ny,unknown,unknown,Yes
https://junkyardsnearme.com/junkyards=&p=25,unknown,unknown,Yes
https://junkyardsnearme.com/junkyards=&p=64,unknown,unknown,Yes
https://junkyardsnearme.com/junkyards/massachusetts/9999012-fresh-start-residential-services-brookfield-ma,unknown,unknown,Yes
https://junkyardsnearme.com/junkyards/new-jersey/10001831-georges-salvage-co-inc-newton-nj,unknown,unknown,Yes
https://junkyardsnearme.com/junkyards/kentucky/4427278-bessler-auto-parts-wilder-ky,unknown,unknown,Yes
https://junkyardsnearme.com/junkyards/wisconsin/9997856-b-m-auto-sales-parts-arapro-waukesha-wi,unknown,unknown,Yes
https://junkyardsnearme.com/junkyards/north-carolina=&p=17?%2Fjunkyards%2Fnorth-carolina=&p=16,unknown,unknown,Yes
https://junkyardsnearme.com/junkyards/iowa/10002078-w-a-s-britt-britt-ia,unknown,unknown,Yes
https://junkyardsnearme.com/junkyards/washington=&p=5?%2Fjunkyards%2Fwashington=&p=4,unknown,unknown,Yes
https://junkyardsnearme.com/junkyards/michigan/10000008-laird-sales-service-muskegon-mi,unknown,unknown,Yes
https://junkyardsnearme.com/junkyards/iowa/3644000-sunline-inc-cedar-rapids-ia,unknown,unknown,Yes
https://junkyardsnearme.com/junkyards/british-columbia/9999883-kamloops-recycled-truck-auto-parts-kamloops-bc,unknown,unknown,Yes
https://junkyardsnearme.com/junkyards/connecticut/9999951-dings-auto-sales-and-salvage-litchfield-ct,unknown,unknown,Yes
https://junkyardsnearme.com/junkyards/nebraska/9999541-hipnars-auto-parts-blair-ne,unknown,unknown,Yes
https://junkyardsnearme.com/junkyards=&p=121,unknown,unknown,Yes
https://junkyardsnearme.com/junkyards/virginia/9999528-hillside-inc-broadway-va,unknown,unknown,Yes
https://junkyardsnearme.com/junkyards=&p=17?%2Fjunkyards=&p=16,unknown,unknown,Yes
https://junkyardsnearme.com/junkyards/rhode-island/10000102-national-wrecking-co-inc-pawtucket-ri,unknown,unknown,Yes
https://junkyardsnearme.com/junkyards=&p=486?%2Fjunkyards=&p=487,unknown,unknown,Yes
https://junkyardsnearme.com/junkyards/illinois/9999313-grand-street-auto-parts-east-saint-louis-il,unknown,unknown,Yes
https://junkyardsnearme.com/junkyards/massachusetts/10000056-cosentino-salvage-recycling-inc-templeton-ma,unknown,unknown,Yes
https://junkyardsnearme.com/junkyards/nevada=&p=3?%2Fjunkyards%2Fnevada=&p=2,unknown,unknown,Yes
https://junkyardsnearme.com/junkyards=&p=390?%2Fjunkyards=&p=389,unknown,unknown,Yes
https://junkyardsnearme.com/junkyards/georgia/8685311-royal-automotive-equipment-mc-rae-ga,unknown,unknown,Yes
https://junkyardsnearme.com/junkyards/kentucky/9642165-mustang-store-louisville-ky,unknown,unknown,Yes
https://junkyardsnearme.com/junkyards/california/9997477-action-auto-dismantlers-chula-vista-ca,unknown,unknown,Yes
https://junkyardsnearme.com/junkyards/kansas/10001138-piland-auto-dismantling-llc-garden-city-ks,unknown,unknown,Yes
https://junkyardsnearme.com/junkyards/quebec/10001125-pieces-dautos-latreille-lac-des-ecorces-qc,unknown,unknown,Yes
https://junkyardsnearme.com/junkyards/north-carolina/9998035-bobs-auto-salvage-jacksonville-nc,unknown,unknown,Yes
https://junkyardsnearme.com/junkyards/ontario/9997437-abes-auto-recycling-bowmanville-on,unknown,unknown,Yes
https://junkyardsnearme.com/junkyards/new-jersey/2081400-west-milford-auto-recyclers-west-milford-nj,unknown,unknown,Yes
https://junkyardsnearme.com/junkyards/michigan/10001469-ryans-pick-a-part-detroit-mi,unknown,unknown,Yes
https://junkyardsnearme.com/junkyards=&p=113?%2Fjunkyards=&p=112,unknown,unknown,Yes
https://junkyardsnearme.com/junkyards/new-york/9999992-kubis-auto-parts-auburn-ny,unknown,unknown,Yes
https://junkyardsnearme.com/junkyards/iowa/10001669-snyder-auto-body-clarinda-ia,unknown,unknown,Yes
https://junkyardsnearme.com/junkyards=&p=11,unknown,unknown,Yes
https://junkyardsnearme.com/junkyards/missouri/9997522-aguileras-auto-sales-salvage-neosho-mo,unknown,unknown,Yes
https://junkyardsnearme.com/junkyards/texas/6649122-airbags-auto-mesquite-tx,unknown,unknown,Yes
https://junkyardsnearme.com/junkyards/delaware/9999160-freedom-auto-world-llc-new-castle-de,unknown,unknown,Yes
https://junkyardsnearme.com/junkyards=&p=207,unknown,unknown,Yes
https://junkyardsnearme.com/junkyards/north-carolina/10000966-p-d-automotive-pelham-nc,unknown,unknown,Yes
https://junkyardsnearme.com/junkyards/colorado/10001745-stadium-auto-parts-denver-co,unknown,unknown,Yes
https://junkyardsnearme.com/junkyards/minnesota/8294779-shipman-auto-parts-brainerd-mn,unknown,unknown,Yes
https://junkyardsnearme.com/junkyards/california/6583101-alvins-auto-recycling-inc-emeryville-ca,unknown,unknown,Yes
https://junkyardsnearme.com/junkyards/pennsylvania/9997183-4-as-auto-parts-philadelphia-pa,unknown,unknown,Yes
https://junkyardsnearme.com/junkyards=&p=148,unknown,unknown,Yes
https://junkyardsnearme.com/junkyards=&p=308?%2Fjunkyards=&p=309,unknown,unknown,Yes
https://junkyardsnearme.com/junkyards/nebraska/10000946-olstons-auto-recyclers-lincoln-ne,unknown,unknown,Yes
https://junkyardsnearme.com/junkyards/texas/9997403-aaa-auto-salvage-quinlan-tx,unknown,unknown,Yes
https://junkyardsnearme.com/junkyards/colorado/9998425-colorado-imports-aurora-co,unknown,unknown,Yes
https://junkyardsnearme.com/junkyards/arkansas/10000375-m-s-auto-clarksville-ar,unknown,unknown,Yes
https://junkyardsnearme.com/junkyards/utah/9997778-auto-moto-cedar-city-ut,unknown,unknown,Yes
https://junkyardsnearme.com/junkyards/maine/10001527-scarborough-auto-parts-scarborough-me,unknown,unknown,Yes
https://junkyardsnearme.com/junkyards/ontario/9998633-daves-truck-auto-parts-carp-on,unknown,unknown,Yes
https://junkyardsnearme.com/junkyards/georgia/9999434-headlights-101-fayetteville-ga,unknown,unknown,Yes
https://junkyardsnearme.com/junkyards/california/9999281-global-auto-dismantling-montclair-ca,unknown,unknown,Yes
https://junkyardsnearme.com/junkyards/ohio/7520444-eaton-auto-parts-salvage-cleveland-oh,unknown,unknown,Yes
https://junkyardsnearme.com/junkyards=&p=181?%2Fjunkyards=&p=180,unknown,unknown,Yes
https://junkyardsnearme.com/junkyards=&p=143,unknown,unknown,Yes
https://junkyardsnearme.com/junkyards=&p=139,unknown,unknown,Yes
https://junkyardsnearme.com/junkyards/massachusetts/9999237-allston-auto-tops-allston-ma,unknown,unknown,Yes
https://junkyardsnearme.com/junkyards/michigan/6961730-premier-auto-truck-parts-inc-cedar-springs-mi,unknown,unknown,Yes
https://junkyardsnearme.com/junkyards=&p=221?%2Fjunkyards=&p=220,unknown,unknown,Yes
https://junkyardsnearme.com/junkyards=&p=345?%2Fjunkyards=&p=344,unknown,unknown,Yes
https://junkyardsnearme.com/junkyards/new-jersey/9656700-american-ii-inc-mays-landing-nj,unknown,unknown,Yes
https://junkyardsnearme.com/junkyards/michigan/10001702-southfield-salvage-yard-recycling-southfield-mi,unknown,unknown,Yes
https://junkyardsnearme.com/junkyards=&p=355?%2Fjunkyards=&p=354,unknown,unknown,Yes
https://junkyardsnearme.com/junkyards=&p=207?%2Fjunkyards=&p=206,unknown,unknown,Yes
https://junkyardsnearme.com/junkyards=&p=219?%2Fjunkyards=&p=218,unknown,unknown,Yes
https://junkyardsnearme.com/junkyards/pennsylvania=&p=24?%2Fjunkyards%2Fpennsylvania=&p=23,unknown,unknown,Yes
https://junkyardsnearme.com/junkyards/michigan=&p=13,unknown,unknown,Yes
https://junkyardsnearme.com/junkyards/new-york/9998654-cash-for-junk-cars-ozone-park-ny,unknown,unknown,Yes
https://junkyardsnearme.com/junkyards=&p=424,unknown,unknown,Yes
https://junkyardsnearme.com/junkyards=&p=157?%2Fjunkyards=&p=158,unknown,unknown,Yes
https://junkyardsnearme.com/junkyards/florida=&p=17?%2Fjunkyards%2Fflorida=&p=18,unknown,unknown,Yes
https://junkyardsnearme.com/junkyards/massachusetts/9999520-bridgewater-transfer-station-bridgewater-ma,unknown,unknown,Yes
https://junkyardsnearme.com/junkyards=&p=317?%2Fjunkyards=&p=316,unknown,unknown,Yes
https://junkyardsnearme.com/junkyards=&p=452?%2Fjunkyards=&p=453,unknown,unknown,Yes
https://junkyardsnearme.com/junkyards/illinois/4845288-general-auto-parts-rockford-il,unknown,unknown,Yes
https://junkyardsnearme.com/junkyards/florida=&p=23?%2Fjunkyards%2Fflorida=&p=22,unknown,unknown,Yes
https://junkyardsnearme.com/junkyards/florida/6856033-autoworld-used-auto-parts-opa-locka-fl,unknown,unknown,Yes
https://junkyardsnearme.com/junkyards/california/9998495-cordova-truck-dismantlers-sacramento-ca,unknown,unknown,Yes
https://junkyardsnearme.com/junkyards/oregon/9997256-a-better-deal-auto-truck-portland-or,unknown,unknown,Yes
https://junkyardsnearme.com/junkyards/texas/9997435-abco-auto-parts-hearne-tx,unknown,unknown,Yes
https://junkyardsnearme.com/junkyards=&p=322?%2Fjunkyards=&p=323,unknown,unknown,Yes
https://junkyardsnearme.com/junkyards/kansas/9998265-central-auto-recycling-specialists-wichita-ks,unknown,unknown,Yes
https://junkyardsnearme.com/junkyards/tennessee/4557278-cfc-auto-salvage-pick-pull-tullahoma-tn,unknown,unknown,Yes
https://junkyardsnearme.com/junkyards/mississippi/10001759-starz-auto-sales-byram-ms,unknown,unknown,Yes
https://junkyardsnearme.com/junkyards/ohio=&p=1,unknown,unknown,Yes
https://junkyardsnearme.com/junkyards/virginia/4218777-teds-auto-salvage-chester-va,unknown,unknown,Yes
https://junkyardsnearme.com/junkyards/georgia/3523402-voluparts-inc-atlanta-ga,unknown,unknown,Yes
https://junkyardsnearme.com/junkyards/ontario/7268487-traceys-auto-wreckers-utopia-on,unknown,unknown,Yes
https://junkyardsnearme.com/junkyards/south-carolina/9997452-ace-auto-salvage-jonesville-sc,unknown,unknown,Yes
https://junkyardsnearme.com/junkyards/texas/9998253-cc-core-recyclers-plus-auto-truck-parts-grand-prairie-tx,unknown,unknown,Yes
https://junkyardsnearme.com/junkyards/florida/10000246-lloyd-grace-tire-auto-center-lakeland-fl,unknown,unknown,Yes
https://junkyardsnearme.com/junkyards/new-hampshire?%2Fjunkyards%2Fnew-hampshire=&p=2,unknown,unknown,Yes
https://junkyardsnearme.com/junkyards/mississippi/9997870-b-s-salvage-columbus-ms,unknown,unknown,Yes
https://junkyardsnearme.com/junkyards/florida/5994221-burly-guys-junk-removal-llc-sarasota-fl,unknown,unknown,Yes
https://junkyardsnearme.com/junkyards/maine=&p=2,unknown,unknown,Yes
https://junkyardsnearme.com/junkyards/texas/7659788-martys-city-auto-galveston-tx,unknown,unknown,Yes
https://junkyardsnearme.com/junkyards/kentucky/9999912-kentucky-auto-parts-berea-ky,unknown,unknown,Yes
https://junkyardsnearme.com/junkyards/california/9999864-juniors-auto-parts-salvage-sun-valley-ca,unknown,unknown,Yes
https://junkyardsnearme.com/junkyards/new-hampshire/9999606-m-m-marine-salvage-meredith-nh,unknown,unknown,Yes
https://junkyardsnearme.com/junkyards/alaska/9999969-knik-towing-wrecking-wasilla-ak,unknown,unknown,Yes
https://junkyardsnearme.com/junkyards/north-carolina/9998794-dunn-auto-salvage-dunn-nc,unknown,unknown,Yes
https://junkyardsnearme.com/junkyards/oregon/8825972-klamath-auto-wreckers-klamath-falls-or,unknown,unknown,Yes
https://junkyardsnearme.com/junkyards/wisconsin/9998369-cleveland-auto-sales-salvage-cleveland-wi,unknown,unknown,Yes
https://junkyardsnearme.com/junkyards/vermont/9999735-bolduc-metal-recycling-montpelier-vt,unknown,unknown,Yes
https://junkyardsnearme.com/junkyards/colorado/9997185-4x4-used-parts-fort-collins-co,unknown,unknown,Yes
https://junkyardsnearme.com/junkyards/pennsylvania/9999102-flowers-auto-wreckers-smithton-pa,unknown,unknown,Yes
https://junkyardsnearme.com/junkyards/british-columbia/5808590-ez-auto-parts-surrey-bc,unknown,unknown,Yes
https://junkyardsnearme.com/junkyards/california/5466816-acme-foreign-auto-wreckers-santa-rosa-ca,unknown,unknown,Yes
https://junkyardsnearme.com/junkyards/vermont/9999838-rathes-salvage-colchester-vt,unknown,unknown,Yes
https://junkyardsnearme.com/junkyards/connecticut/10000755-miller-recycling-corporation-hartford-ct,unknown,unknown,Yes
https://junkyardsnearme.com/junkyards/michigan/6683437-marquis-auto-parts-mattawan-mi,unknown,unknown,Yes
https://junkyardsnearme.com/junkyards/illinois/6733737-rhodes-auto-s-s-s-streator-il,unknown,unknown,Yes
https://junkyardsnearme.com/junkyards=&p=3,unknown,unknown,Yes
https://junkyardsnearme.com/junkyards/mississippi/10000666-modern-auto-wreckers-picayune-ms,unknown,unknown,Yes
https://junkyardsnearme.com/junkyards/iowa/9998122-bucklin-auto-glass-baxter-ia,unknown,unknown,Yes
https://junkyardsnearme.com/junkyards/south-carolina/9998171-c-r-auto-salvage-orangeburg-sc,unknown,unknown,Yes
https://junkyardsnearme.com/junkyards=&p=201?%2Fjunkyards=&p=200,unknown,unknown,Yes
https://junkyardsnearme.com/junkyards/north-carolina/7189087-horacios-auto-salvage-sanford-nc,unknown,unknown,Yes
https://junkyardsnearme.com/junkyards/south-carolina/9999261-gillis-used-parts-rock-hill-sc,unknown,unknown,Yes
https://junkyardsnearme.com/junkyards=&p=389?%2Fjunkyards=&p=388,unknown,unknown,Yes
https://junkyardsnearme.com/junkyards/arizona/9997431-abc-auto-wrecking-tucson-az,unknown,unknown,Yes
https://junkyardsnearme.com/junkyards/maine/7938193-c-i-a-salvage-inc-limerick-me,unknown,unknown,Yes
https://junkyardsnearme.com/junkyards/minnesota/9998131-budget-auto-parts-alexandria-mn,unknown,unknown,Yes
https://junkyardsnearme.com/junkyards/georgia/10000985-papi-used-auto-parts-atlanta-ga,unknown,unknown,Yes
https://junkyardsnearme.com/junkyards/illinois/8924218-staffords-inc-montgomery-il,unknown,unknown,Yes
https://junkyardsnearme.com/junkyards/ontario/10000910-number-9-auto-wreckers-tottenham-on,unknown,unknown,Yes
https://junkyardsnearme.com/junkyards/georgia/9999060-fannin-salvage-blue-ridge-ga,unknown,unknown,Yes
https://junkyardsnearme.com/junkyards/rhode-island/10000506-junk-that-auto-east-providence-ri,unknown,unknown,Yes
https://junkyardsnearme.com/junkyards/florida/9999559-hollywood-foreign-parts-repair-hollywood-fl,unknown,unknown,Yes
https://junkyardsnearme.com/junkyards/florida/9998629-daves-a-1-auto-parts-bunnell-fl,unknown,unknown,Yes
https://junkyardsnearme.com/junkyards/massachusetts/8833549-countryside-auto-salvage-blackstone-ma,unknown,unknown,Yes
https://junkyardsnearme.com/junkyards/north-carolina=&p=13,unknown,unknown,Yes
https://junkyardsnearme.com/junkyards/british-columbia/9997465-ace-german-used-parts-burnaby-bc,unknown,unknown,Yes
https://junkyardsnearme.com/junkyards/south-carolina/10000400-marathon-recycled-parts-summerville-sc,unknown,unknown,Yes
https://junkyardsnearme.com/junkyards/manitoba/10000728-mountain-view-auto-truck-parts-springfield-mb,unknown,unknown,Yes
https://junkyardsnearme.com/junkyards/louisiana/10001747-staggs-auto-salvage-west-monroe-la,unknown,unknown,Yes
https://junkyardsnearme.com/junkyards/missouri/6817147-best-battery-recycling-north-kansas-city-mo,unknown,unknown,Yes
https://junkyardsnearme.com/junkyards/california/9999040-expert-auto-wrecking-sun-valley-ca,unknown,unknown,Yes
https://junkyardsnearme.com/junkyards/arizona/5717899-parts-for-less-tucson-az,unknown,unknown,Yes
https://junkyardsnearme.com/junkyards/new-jersey?%2Fjunkyards%2Fnew-jersey=&p=2,unknown,unknown,Yes
https://junkyardsnearme.com/junkyards/new-jersey/10000838-northeast-used-auto-parts-west-milford-nj,unknown,unknown,Yes
https://junkyardsnearme.com/junkyards/north-carolina/9998773-dougs-auto-salvage-north-wilkesboro-nc,unknown,unknown,Yes
https://junkyardsnearme.com/junkyards/california/4271338-inland-auto-rialto-ca,unknown,unknown,Yes
https://junkyardsnearme.com/junkyards/texas/9999501-highway-77-auto-parts-waxahachie-tx,unknown,unknown,Yes
https://junkyardsnearme.com/junkyards/ohio=&p=13?%2Fjunkyards%2Fohio=&p=14,unknown,unknown,Yes
https://junkyardsnearme.com/junkyards=&p=111,unknown,unknown,Yes
https://junkyardsnearme.com/junkyards/iowa/9997824-awe-salvage-traer-ia,unknown,unknown,Yes
https://junkyardsnearme.com/junkyards/wisconsin/3242481-vans-auto-salvage-waupun-wi,unknown,unknown,Yes
https://junkyardsnearme.com/junkyards/michigan/10001249-r-t-s-automotive-ypsilanti-mi,unknown,unknown,Yes
https://junkyardsnearme.com/junkyards/tennessee/10002001-underwood-auto-salvage-knoxville-tn,unknown,unknown,Yes
https://junkyardsnearme.com/junkyards/pennsylvania/8637676-deerfoot-auto-parts-wind-gap-pa,unknown,unknown,Yes
https://junkyardsnearme.com/junkyards=&p=419?%2Fjunkyards=&p=418,unknown,unknown,Yes
https://junkyardsnearme.com/junkyards/new-york/9997640-altmires-used-auto-parts-felts-mills-ny,unknown,unknown,Yes
https://junkyardsnearme.com/junkyards=&p=472?%2Fjunkyards=&p=473,unknown,unknown,Yes
https://junkyardsnearme.com/junkyards/florida=&p=10?%2Fjunkyards%2Fflorida=&p=11,unknown,unknown,Yes
https://junkyardsnearme.com/junkyards/nebraska/9999790-jim-defreece-auto-parts-lincoln-ne,unknown,unknown,Yes
https://junkyardsnearme.com/junkyards=&p=279?%2Fjunkyards=&p=278,unknown,unknown,Yes
https://junkyardsnearme.com/junkyards/california/7147772-a-1-metal-iron-sun-valley-ca,unknown,unknown,Yes
https://junkyardsnearme.com/junkyards?%2Fjunkyards=&p=2,unknown,unknown,Yes
https://junkyardsnearme.com/junkyards/pennsylvania=&p=21,unknown,unknown,Yes
https://junkyardsnearme.com/junkyards/washington/5248700-aurora-auto-wrecking-seattle-wa,unknown,unknown,Yes
https://junkyardsnearme.com/junkyards/kansas=&p=4,unknown,unknown,Yes
https://junkyardsnearme.com/junkyards/nevada=&p=1?%2Fjunkyards%2Fnevada=&p=2,unknown,unknown,Yes
https://junkyardsnearme.com/junkyards/indiana=&p=5?%2Fjunkyards%2Findiana=&p=4,unknown,unknown,Yes
https://junkyardsnearme.com/junkyards/arizona/2431238-blair-son-auto-parts-phoenix-az,unknown,unknown,Yes
https://junkyardsnearme.com/junkyards/pennsylvania=&p=16,unknown,unknown,Yes
https://junkyardsnearme.com/junkyards/florida/9997819-automotive-alliance-llc-pompano-beach-fl,unknown,unknown,Yes
https://junkyardsnearme.com/junkyards=&p=207?%2Fjunkyards=&p=208,unknown,unknown,Yes
https://junkyardsnearme.com/junkyards/illinois=&p=4,unknown,unknown,Yes
https://junkyardsnearme.com/junkyards/nebraska/9998206-capital-city-auto-recyclers-lincoln-ne,unknown,unknown,Yes
https://junkyardsnearme.com/junkyards/illinois?%2Fjunkyards%2Fillinois=&p=2,unknown,unknown,Yes
https://junkyardsnearme.com/junkyards/alberta/9998536-crossfield-auto-parts-crossfield-ab,unknown,unknown,Yes
https://junkyardsnearme.com/junkyards=&p=517?%2Fjunkyards=&p=518,unknown,unknown,Yes
https://junkyardsnearme.com/junkyards/british-columbia/10001314-reids-automotive-recycling-burnaby-bc,unknown,unknown,Yes
https://junkyardsnearme.com/junkyards/ontario/7691133-boston-auto-wreckers-york-on,unknown,unknown,Yes
https://junkyardsnearme.com/junkyards/oregon=&p=8?%2Fjunkyards%2Foregon=&p=7,unknown,unknown,Yes
https://junkyardsnearme.com/junkyards/illinois/9288400-river-valley-recycling-kankakee-il,unknown,unknown,Yes
https://junkyardsnearme.com/junkyards=&p=256?%2Fjunkyards=&p=257,unknown,unknown,Yes
https://junkyardsnearme.com/junkyards/wisconsin/8843115-newville-auto-salvage-edgerton-wi,unknown,unknown,Yes
https://junkyardsnearme.com/junkyards/nevada/10000035-las-vegas-auto-parts-salvage-north-las-vegas-nv,unknown,unknown,Yes
https://junkyardsnearme.com/junkyards/missouri/10001423-rogers-auto-wrecking-salvage-lebanon-mo,unknown,unknown,Yes
https://junkyardsnearme.com/junkyards/north-carolina/10000716-morrow-motors-forest-city-nc,unknown,unknown,Yes
https://junkyardsnearme.com/junkyards=&p=463,unknown,unknown,Yes
https://junkyardsnearme.com/junkyards/connecticut=&p=3,unknown,unknown,Yes
https://junkyardsnearme.com/junkyards/kentucky=&p=2?%2Fjunkyards%2Fkentucky=&p=1,unknown,unknown,Yes
https://junkyardsnearme.com/junkyards/ohio/10001244-r-a-auto-salvage-findlay-oh,unknown,unknown,Yes
https://junkyardsnearme.com/junkyards/new-jersey/9998112-bruces-used-auto-parts-franklinville-nj,unknown,unknown,Yes
https://junkyardsnearme.com/junkyards/tennessee/10000765-myers-used-parts-greeneville-tn,unknown,unknown,Yes
https://junkyardsnearme.com/junkyards/nevada?%2Fjunkyards%2Fnevada=&p=2,unknown,unknown,Yes
https://junkyardsnearme.com/junkyards=&p=215?%2Fjunkyards=&p=216,unknown,unknown,Yes
https://junkyardsnearme.com/junkyards/minnesota/3991664-kellys-auto-parts-faribault-mn,unknown,unknown,Yes
https://junkyardsnearme.com/junkyards/florida=&p=5,unknown,unknown,Yes
https://junkyardsnearme.com/junkyards/florida/7312661-abanti-auto-salvage-towing-jacksonville-fl,unknown,unknown,Yes
https://junkyardsnearme.com/junkyards/minnesota/10001224-r-r-auto-green-isle-green-isle-mn,unknown,unknown,Yes
https://junkyardsnearme.com/junkyards/texas/10000550-mid-cities-grand-prairie-tx,unknown,unknown,Yes
https://junkyardsnearme.com/junkyards/pennsylvania/9998173-c-d-cain-auto-parts-gettysburg-pa,unknown,unknown,Yes
https://junkyardsnearme.com/junkyards/washington/10001615-sideline-auto-wrecking-aberdeen-wa,unknown,unknown,Yes
https://junkyardsnearme.com/junkyards=&p=102,unknown,unknown,Yes
https://junkyardsnearme.com/junkyards=&p=396?%2Fjunkyards=&p=395,unknown,unknown,Yes
https://junkyardsnearme.com/junkyards/washington/8881104-smittys-inc-north-bend-wa,unknown,unknown,Yes
https://junkyardsnearme.com/junkyards=&p=428?%2Fjunkyards=&p=429,unknown,unknown,Yes
https://junkyardsnearme.com/junkyards/florida/9997273-a-a-auto-salvage-inc-fort-pierce-fl,unknown,unknown,Yes
https://junkyardsnearme.com/junkyards/new-york/9998834-cod-auto-buyers-brooklyn-ny,unknown,unknown,Yes
https://junkyardsnearme.com/junkyards/georgia/9902977-eastside-auto-parts-and-recycling-lithonia-ga,unknown,unknown,Yes
https://junkyardsnearme.com/junkyards/florida/2671170-mims-east-coast-auto-salvage-mims-fl,unknown,unknown,Yes
https://junkyardsnearme.com/junkyards/new-jersey=&p=13,unknown,unknown,Yes
https://junkyardsnearme.com/junkyards=&p=514,unknown,unknown,Yes
https://junkyardsnearme.com/junkyards/washington=&p=7,unknown,unknown,Yes
https://junkyardsnearme.com/junkyards/mississippi/9999996-kw-cooks-auto-salvage-biloxi-ms,unknown,unknown,Yes
https://junkyardsnearme.com/junkyards/louisiana/6353304-auto-parts-s-a-shreveport-la,unknown,unknown,Yes
https://junkyardsnearme.com/junkyards/kansas=&p=2,unknown,unknown,Yes
https://junkyardsnearme.com/junkyards/connecticut/10000757-massconny-recyclers-waterbury-ct,unknown,unknown,Yes
https://junkyardsnearme.com/junkyards/california/9997741-atlantic-auto-wrecking-san-diego-ca,unknown,unknown,Yes
https://junkyardsnearme.com/junkyards/oklahoma/6772477-als-auto-salvage-oklahoma-city-ok,unknown,unknown,Yes
https://junkyardsnearme.com/junkyards=&p=492?%2Fjunkyards=&p=491,unknown,unknown,Yes
https://junkyardsnearme.com/junkyards=&p=478,unknown,unknown,Yes
https://junkyardsnearme.com/junkyards/new-york/9999199-garas-auto-parts-arverne-ny,unknown,unknown,Yes
https://junkyardsnearme.com/junkyards/maine/10000591-lake-region-auto-salvage-acton-me,unknown,unknown,Yes
https://junkyardsnearme.com/junkyards/oregon/10000837-north-verde-auto-salvage-ontario-or,unknown,unknown,Yes
https://junkyardsnearme.com/junkyards/arizona/9998929-el-paisano-auto-wrecking-phoenix-az,unknown,unknown,Yes
https://junkyardsnearme.com/junkyards/south-carolina/10000829-north-columbia-auto-salvage-llc-columbia-sc,unknown,unknown,Yes
https://junkyardsnearme.com/junkyards/north-carolina/9997603-all-star-auto-parts-winston-salem-nc,unknown,unknown,Yes
https://junkyardsnearme.com/junkyards/massachusetts/9999007-leroy-co-inc-worcester-ma,unknown,unknown,Yes
https://junkyardsnearme.com/junkyards/virginia=&p=1?%2Fjunkyards%2Fvirginia=&p=2,unknown,unknown,Yes
https://junkyardsnearme.com/junkyards/saskatchewan/9997676-amigos-auto-wrecking-clavet-sk,unknown,unknown,Yes
https://junkyardsnearme.com/junkyards/california/9999672-independent-toyota-truck-dismantlers-san-jose-ca,unknown,unknown,Yes
https://junkyardsnearme.com/junkyards/north-carolina/9999106-foils-auto-recycling-llc-harrisburg-nc,unknown,unknown,Yes
https://junkyardsnearme.com/junkyards/michigan/9999282-global-auto-parts-detroit-mi,unknown,unknown,Yes
https://junkyardsnearme.com/junkyards/nebraska/10000986-papio-valley-auto-parts-omaha-ne,unknown,unknown,Yes
https://junkyardsnearme.com/junkyards/vermont=&p=4?%2Fjunkyards%2Fvermont=&p=3,unknown,unknown,Yes
https://junkyardsnearme.com/junkyards/wisconsin/10001318-remington-auto-salvage-eau-claire-wi,unknown,unknown,Yes
https://junkyardsnearme.com/junkyards/new-mexico/10001439-roswell-wrecking-roswell-nm,unknown,unknown,Yes
https://junkyardsnearme.com/junkyards/connecticut/10000858-elm-city-auto-wrecking-new-haven-ct,unknown,unknown,Yes
https://junkyardsnearme.com/junkyards/new-jersey/9997323-a-a-auto-salvage-inc-williamstown-nj,unknown,unknown,Yes
https://junkyardsnearme.com/junkyards/arizona/9997631-alma-imports-mesa-az,unknown,unknown,Yes
https://junkyardsnearme.com/junkyards/texas/9998964-esra-motors-garland-tx,unknown,unknown,Yes
https://junkyardsnearme.com/junkyards/quebec/9999065-fast-pieces-dauto-lepiphanie-lepiphanie-qc,unknown,unknown,Yes
https://junkyardsnearme.com/junkyards/new-york/9999406-hudson-metal-albany-ny,unknown,unknown,Yes
https://junkyardsnearme.com/junkyards/maine/10000701-one-steel-oakland-me,unknown,unknown,Yes
https://junkyardsnearme.com/junkyards=&p=513,unknown,unknown,Yes
https://junkyardsnearme.com/junkyards/colorado/9999400-harris-used-car-parts-colorado-springs-co,unknown,unknown,Yes
https://junkyardsnearme.com/junkyards/connecticut/9998007-bishops-used-auto-parts-middletown-ct,unknown,unknown,Yes
https://junkyardsnearme.com/junkyards/connecticut/9999829-jordan-used-auto-parts-preston-ct,unknown,unknown,Yes
https://junkyardsnearme.com/junkyards=&p=362?%2Fjunkyards=&p=363,unknown,unknown,Yes
https://junkyardsnearme.com/junkyards/tennessee/9451184-european-import-auto-parts-powell-tn,unknown,unknown,Yes
https://junkyardsnearme.com/junkyards/new-jersey/10000411-marlboro-auto-wreckers-morganville-nj,unknown,unknown,Yes
https://junkyardsnearme.com/junkyards/florida/10000006-lady-lake-auto-salvage-lady-lake-fl,unknown,unknown,Yes
https://junkyardsnearme.com/junkyards/texas/10001327-reys-auto-parts-sales-alamo-tx,unknown,unknown,Yes
https://junkyardsnearme.com/junkyards/ohio/4992005-bobs-auto-wrecking-milan-oh,unknown,unknown,Yes
https://junkyardsnearme.com/junkyards/north-carolina/10000119-lewisville-motor-company-winston-salem-nc,unknown,unknown,Yes
https://junkyardsnearme.com/junkyards/new-hampshire/10000527-kens-auto-salvage-kingston-nh,unknown,unknown,Yes
https://junkyardsnearme.com/junkyards=&p=244?%2Fjunkyards=&p=243,unknown,unknown,Yes
https://junkyardsnearme.com/junkyards/california=&p=21,unknown,unknown,Yes
https://junkyardsnearme.com/junkyards/washington/10000174-lkq-washington-buckley-wa,unknown,unknown,Yes
https://junkyardsnearme.com/junkyards/new-jersey=&p=7,unknown,unknown,Yes
https://junkyardsnearme.com/junkyards/new-mexico/8774856-albuquerque-foreign-auto-parts-inc-albuquerque-nm,unknown,unknown,Yes
https://junkyardsnearme.com/junkyards/colorado/10001951-trade-center-auto-salvage-delta-co,unknown,unknown,Yes
https://junkyardsnearme.com/junkyards/new-york/9998598-pascap-co-inc-bronx-ny,unknown,unknown,Yes
https://junkyardsnearme.com/junkyards=&p=493?%2Fjunkyards=&p=492,unknown,unknown,Yes
https://junkyardsnearme.com/junkyards/new-hampshire/10000563-bobs-heavy-equipment-exeter-nh,unknown,unknown,Yes
https://junkyardsnearme.com/junkyards=&p=372,unknown,unknown,Yes
https://junkyardsnearme.com/junkyards/louisiana/10001984-twin-city-auto-parts-shreveport-la,unknown,unknown,Yes
https://junkyardsnearme.com/junkyards/new-york/10000123-liberty-auto-parts-jamaica-ny,unknown,unknown,Yes
https://junkyardsnearme.com/junkyards=&p=192?%2Fjunkyards=&p=191,unknown,unknown,Yes
https://junkyardsnearme.com/junkyards/tennessee=&p=10,unknown,unknown,Yes
https://junkyardsnearme.com/junkyards/ohio/5523043-rusak-auto-lyndhurst-oh,unknown,unknown,Yes
https://junkyardsnearme.com/junkyards/pennsylvania/6546500-route-65-auto-inc-new-castle-pa,unknown,unknown,Yes
https://junkyardsnearme.com/junkyards/rhode-island=&p=1,unknown,unknown,Yes
https://junkyardsnearme.com/junkyards/new-york/10001557-effron-scrap-metal-recycling-poughkeepsie-ny,unknown,unknown,Yes
https://junkyardsnearme.com/junkyards=&p=26,unknown,unknown,Yes
https://junkyardsnearme.com/junkyards/south-carolina/9997904-barnettes-auto-parts-sumter-sc,unknown,unknown,Yes
https://junkyardsnearme.com/junkyards/new-york/9998802-capital-auto-salvage-and-sales-ridgewood-ny,unknown,unknown,Yes
https://junkyardsnearme.com/junkyards/kentucky/10001726-sperry-auto-parts-south-portsmouth-ky,unknown,unknown,Yes
https://junkyardsnearme.com/junkyards=&p=242?%2Fjunkyards=&p=241,unknown,unknown,Yes
https://junkyardsnearme.com/junkyards/new-york/9998484-allocco-recycling-corporation-brooklyn-ny,unknown,unknown,Yes
https://junkyardsnearme.com/junkyards/ontario=&p=7?%2Fjunkyards%2Fontario=&p=8,unknown,unknown,Yes
https://junkyardsnearme.com/junkyards/pennsylvania/9999670-imports-of-lavergne-auto-salvage-aliquippa-pa,unknown,unknown,Yes
https://junkyardsnearme.com/junkyards=&p=477,unknown,unknown,Yes
https://junkyardsnearme.com/junkyards=&p=184?%2Fjunkyards=&p=183,unknown,unknown,Yes
https://junkyardsnearme.com/junkyards/pennsylvania=&p=20,unknown,unknown,Yes
https://junkyardsnearme.com/junkyards/iowa/9997458-ace-auto-recyclers-qrp-central-iowa-city-ia,unknown,unknown,Yes
https://junkyardsnearme.com/junkyards/texas/9921670-als-auto-parts-corpus-christi-tx,unknown,unknown,Yes
https://junkyardsnearme.com/junkyards/ohio/9998077-brims-import-auto-kenton-oh,unknown,unknown,Yes
https://junkyardsnearme.com/junkyards/saskatchewan/10001705-southside-auto-wreckers-weyburn-sk,unknown,unknown,Yes
https://junkyardsnearme.com/junkyards/new-mexico/9998928-el-mexicano-auto-salvage-albuquerque-nm,unknown,unknown,Yes
https://junkyardsnearme.com/junkyards=&p=412?%2Fjunkyards=&p=413,unknown,unknown,Yes
https://junkyardsnearme.com/junkyards=&p=54,unknown,unknown,Yes
https://junkyardsnearme.com/junkyards/maine=&p=10?%2Fjunkyards%2Fmaine=&p=9,unknown,unknown,Yes
https://junkyardsnearme.com/junkyards/florida/10002091-beyer-auto-salvage-trenton-fl,unknown,unknown,Yes
https://junkyardsnearme.com/junkyards/maine/10000608-this-that-auto-turner-me,unknown,unknown,Yes
https://junkyardsnearme.com/junkyards/alabama/9999413-harvey-auto-llc-muscadine-al,unknown,unknown,Yes
https://junkyardsnearme.com/junkyards/missouri/9997209-a-z-recycling-auto-salvage-west-plains-mo,unknown,unknown,Yes
https://junkyardsnearme.com/junkyards/mississippi/2704236-lamar-auto-salvage-inc-sumrall-ms,unknown,unknown,Yes
https://junkyardsnearme.com/junkyards=&p=149,unknown,unknown,Yes
https://junkyardsnearme.com/junkyards/minnesota/2208697-auto-disposal-services-jordan-mn,unknown,unknown,Yes
https://junkyardsnearme.com/junkyards/florida/9999053-fairfield-auto-parts-pensacola-fl,unknown,unknown,Yes
https://junkyardsnearme.com/junkyards/florida/10001688-south-florida-auto-recycling-4-hollywood-fl,unknown,unknown,Yes
https://junkyardsnearme.com/junkyards/indiana/10001840-tammys-automotive-fort-wayne-in,unknown,unknown,Yes
https://junkyardsnearme.com/junkyards=&p=40,unknown,unknown,Yes
https://junkyardsnearme.com/junkyards/texas/10000436-maughan-auto-salvage-weatherford-tx,unknown,unknown,Yes
https://junkyardsnearme.com/junkyards/maine/10001430-rons-parts-inc-north-vassalboro-me,unknown,unknown,Yes
https://junkyardsnearme.com/junkyards/michigan=&p=13?%2Fjunkyards%2Fmichigan=&p=14,unknown,unknown,Yes
https://junkyardsnearme.com/junkyards/california/9999487-hi-way-auto-recyclers-san-bernardino-ca,unknown,unknown,Yes
https://junkyardsnearme.com/junkyards/ohio/9999537-hilltop-salvage-sales-coshocton-oh,unknown,unknown,Yes
https://junkyardsnearme.com/junkyards/massachusetts/10000055-mohawk-village-motors-inc-shirley-ma,unknown,unknown,Yes
https://junkyardsnearme.com/junkyards/indiana/9998217-car-recyclers-north-manchester-in,unknown,unknown,Yes
https://junkyardsnearme.com/junkyards=&p=64?%2Fjunkyards=&p=65,unknown,unknown,Yes
https://junkyardsnearme.com/junkyards/north-carolina/2678620-jcs-towing-rockwell-nc,unknown,unknown,Yes
https://junkyardsnearme.com/junkyards/kansas/10000202-lkq-mid-america-auto-parts-topeka-ks,unknown,unknown,Yes
https://junkyardsnearme.com/junkyards/california/6317100-t-a-p-recycling-rancho-cordova-ca,unknown,unknown,Yes
https://junkyardsnearme.com/junkyards=&p=147?%2Fjunkyards=&p=148,unknown,unknown,Yes
https://junkyardsnearme.com/junkyards/north-carolina/9997170-109-u-pull-it-inc-winston-salem-nc,unknown,unknown,Yes
https://junkyardsnearme.com/junkyards=&p=453,unknown,unknown,Yes
https://junkyardsnearme.com/junkyards/new-hampshire/9999619-jewell-resources-inc-plainfield-nh,unknown,unknown,Yes
https://junkyardsnearme.com/junkyards/maine=&p=5?%2Fjunkyards%2Fmaine=&p=4,unknown,unknown,Yes
https://junkyardsnearme.com/junkyards/pennsylvania/2332021-wegotyourpart-tamaqua-pa,unknown,unknown,Yes
https://junkyardsnearme.com/junkyards/indiana=&p=7,unknown,unknown,Yes
https://junkyardsnearme.com/junkyards/ontario/10001755-star-auto-wreckers-port-perry-on,unknown,unknown,Yes
https://junkyardsnearme.com/junkyards/arkansas/9682689-highway-7-auto-parts-dover-ar,unknown,unknown,Yes
https://junkyardsnearme.com/junkyards/ohio=&p=4?%2Fjunkyards%2Fohio=&p=3,unknown,unknown,Yes
https://junkyardsnearme.com/junkyards/florida/6964409-moms-auto-parts-homestead-fl,unknown,unknown,Yes
https://junkyardsnearme.com/junkyards/pennsylvania/10001987-tyrone-auto-salvage-tyrone-pa,unknown,unknown,Yes
https://junkyardsnearme.com/junkyards/north-carolina=&p=4?%2Fjunkyards%2Fnorth-carolina=&p=3,unknown,unknown,Yes
https://junkyardsnearme.com/junkyards=&p=49,unknown,unknown,Yes
https://junkyardsnearme.com/junkyards/georgia/9999636-hulseys-auto-parts-gainesville-ga,unknown,unknown,Yes
https://junkyardsnearme.com/junkyards=&p=243?%2Fjunkyards=&p=242,unknown,unknown,Yes
https://junkyardsnearme.com/junkyards/new-hampshire/9999284-brandy-brow-auto-parts-plaistow-nh,unknown,unknown,Yes
https://junkyardsnearme.com/junkyards=&p=197?%2Fjunkyards=&p=198,unknown,unknown,Yes
https://junkyardsnearme.com/junkyards=&p=342?%2Fjunkyards=&p=341,unknown,unknown,Yes
https://junkyardsnearme.com/junkyards/north-carolina/3328308-goodnews-auto-parts-ahoskie-nc,unknown,unknown,Yes
https://junkyardsnearme.com/junkyards/georgia/9997151-junkcarbuyerga-conley-ga,unknown,unknown,Yes
https://junkyardsnearme.com/junkyards/louisiana/9997302-a-1-auto-parts-lafayette-la,unknown,unknown,Yes
https://junkyardsnearme.com/junkyards/idaho/10000169-lkq-eastern-idaho-pocatello-id,unknown,unknown,Yes
https://junkyardsnearme.com/junkyards/new-mexico=&p=2?%2Fjunkyards%2Fnew-mexico=&p=1,unknown,unknown,Yes
https://junkyardsnearme.com/junkyards=&p=397?%2Fjunkyards=&p=398,unknown,unknown,Yes
https://junkyardsnearme.com/junkyards/virginia/3942802-warsaw-used-auto-parts-warsaw-va,unknown,unknown,Yes
https://junkyardsnearme.com/junkyards/saskatchewan/9997488-adams-active-auto-wrecking-no-us-shipping-saskatoon-sk,unknown,unknown,Yes
https://junkyardsnearme.com/junkyards=&p=23,unknown,unknown,Yes
https://junkyardsnearme.com/junkyards=&p=13?%2Fjunkyards=&p=14,unknown,unknown,Yes
https://junkyardsnearme.com/junkyards/nebraska/9999900-kendles-auto-salvage-sales-lincoln-ne,unknown,unknown,Yes
https://junkyardsnearme.com/junkyards=&p=186?%2Fjunkyards=&p=187,unknown,unknown,Yes
https://junkyardsnearme.com/junkyards/new-york/6375000-performance-auto-parts-brockport-ny,unknown,unknown,Yes
https://junkyardsnearme.com/junkyards/florida/6519495-american-import-auto-parts-seffner-fl,unknown,unknown,Yes
https://junkyardsnearme.com/junkyards/california/8336100-pickup-salvage-co-bakersfield-ca,unknown,unknown,Yes
https://junkyardsnearme.com/junkyards=&p=215,unknown,unknown,Yes
https://junkyardsnearme.com/junkyards/alabama/9998418-coleman-auto-parts-birmingham-al,unknown,unknown,Yes
https://junkyardsnearme.com/junkyards/new-brunswick/9998613-d-r-autoworks-inc-dsl-de-drummond-nb,unknown,unknown,Yes
https://junkyardsnearme.com/junkyards=&p=196?%2Fjunkyards=&p=197,unknown,unknown,Yes
https://junkyardsnearme.com/junkyards/new-york/9999739-j-v-auto-salvage-southampton-ny,unknown,unknown,Yes
https://junkyardsnearme.com/junkyards/oregon/6631909-orient-auto-parts-gresham-or,unknown,unknown,Yes
https://junkyardsnearme.com/junkyards/pennsylvania/9999451-hebron-usa-harrisburg-pa,unknown,unknown,Yes
https://junkyardsnearme.com/junkyards/ontario=&p=4,unknown,unknown,Yes
https://junkyardsnearme.com/junkyards=&p=50,unknown,unknown,Yes
https://junkyardsnearme.com/junkyards/alberta/10002041-valley-auto-recyclers-drumheller-ab,unknown,unknown,Yes
https://junkyardsnearme.com/junkyards/minnesota/4867151-izzys-auto-parts-the-auto-parts-locator-glencoe-mn,unknown,unknown,Yes
https://junkyardsnearme.com/junkyards/michigan/10000545-michigan-car-mart-detroit-mi,unknown,unknown,Yes
https://junkyardsnearme.com/junkyards/new-jersey/9998779-downtown-auto-parts-newark-nj,unknown,unknown,Yes
https://junkyardsnearme.com/junkyards/new-york/10001083-big-reuse-brooklyn-brooklyn-ny,unknown,unknown,Yes
https://junkyardsnearme.com/junkyards/florida/6465785-a-1-a-auto-parts-inc-lakeland-fl,unknown,unknown,Yes
https://junkyardsnearme.com/junkyards/minnesota/9999807-joes-auto-parts-llc-saint-joseph-mn,unknown,unknown,Yes
https://junkyardsnearme.com/junkyards/texas/9999483-hi-tech-auto-recycling-kyle-tx,unknown,unknown,Yes
https://junkyardsnearme.com/junkyards=&p=116?%2Fjunkyards=&p=115,unknown,unknown,Yes
https://junkyardsnearme.com/junkyards/washington/9997952-best-auto-parts-lynnwood-wa,unknown,unknown,Yes
https://junkyardsnearme.com/junkyards/north-carolina/2010954-fosters-towing-and-auto-recycling-gastonia-nc,unknown,unknown,Yes
https://junkyardsnearme.com/junkyards/new-mexico/10001682-south-coors-truck-salvage-albuquerque-nm,unknown,unknown,Yes
https://junkyardsnearme.com/junkyards/california/10000824-norcal-car-truck-wrecking-rancho-cordova-ca,unknown,unknown,Yes
https://junkyardsnearme.com/junkyards/quebec/9997799-auto-recyclage-p-a-saint-jean-sur-richelieu-qc,unknown,unknown,Yes
https://junkyardsnearme.com/junkyards/indiana/10001268-randys-auto-truck-parts-shelbyville-in,unknown,unknown,Yes
https://junkyardsnearme.com/junkyards/north-carolina=&p=10?%2Fjunkyards%2Fnorth-carolina=&p=11,unknown,unknown,Yes
https://junkyardsnearme.com/junkyards/colorado/9998284-chapas-autoparts-pueblo-co,unknown,unknown,Yes
https://junkyardsnearme.com/junkyards/kentucky=&p=7?%2Fjunkyards%2Fkentucky=&p=8,unknown,unknown,Yes
https://junkyardsnearme.com/junkyards/vermont/10000718-jewetts-salvage-auto-repair-eden-vt,unknown,unknown,Yes
https://junkyardsnearme.com/junkyards/georgia/9999563-hons-automotive-cochran-ga,unknown,unknown,Yes
https://junkyardsnearme.com/junkyards/new-jersey/10001629-route-57-auto-salvage-port-murray-nj,unknown,unknown,Yes
https://junkyardsnearme.com/junkyards/georgia/9997549-albany-auto-salvage-albany-ga,unknown,unknown,Yes
https://junkyardsnearme.com/junkyards/new-jersey/9998666-a-a-iron-and-metal-co-llc-north-bergen-nj,unknown,unknown,Yes
https://junkyardsnearme.com/junkyards/missouri/4722400-missouri-auto-llc-sikeston-mo,unknown,unknown,Yes
https://junkyardsnearme.com/junkyards/texas/9998083-broken-wheel-auto-van-alstyne-tx,unknown,unknown,Yes
https://junkyardsnearme.com/junkyards/minnesota=&p=4?%2Fjunkyards%2Fminnesota=&p=5,unknown,unknown,Yes
https://junkyardsnearme.com/junkyards/michigan/9997829-b-a-auto-sales-parts-belleville-mi,unknown,unknown,Yes
https://junkyardsnearme.com/junkyards/ohio=&p=5?%2Fjunkyards%2Fohio=&p=4,unknown,unknown,Yes
https://junkyardsnearme.com/junkyards/michigan/9997818-autolights-parts-ferndale-mi,unknown,unknown,Yes
https://junkyardsnearme.com/junkyards/massachusetts/9999105-fogertys-towing-norton-ma,unknown,unknown,Yes
https://junkyardsnearme.com/junkyards/new-york/10001076-brooklyn-junk-cars-brooklyn-ny,unknown,unknown,Yes
https://junkyardsnearme.com/junkyards/california/9997365-a-m-import-auto-dismantling-sales-sun-valley-ca,unknown,unknown,Yes
https://junkyardsnearme.com/junkyards=&p=92?%2Fjunkyards=&p=91,unknown,unknown,Yes
https://junkyardsnearme.com/junkyards/colorado/9998942-elliotts-complete-auto-services-dacono-co,unknown,unknown,Yes
https://junkyardsnearme.com/junkyards/california/9998947-empire-auto-dismantling-fontana-ca,unknown,unknown,Yes
https://junkyardsnearme.com/junkyards/south-carolina/3643011-ackermans-used-parts-prosperity-sc,unknown,unknown,Yes
https://junkyardsnearme.com/junkyards/illinois/10001565-scottys-auto-parts-virginia-il,unknown,unknown,Yes
https://junkyardsnearme.com/junkyards/maine/10000693-national-auto-core-recycling-millinocket-me,unknown,unknown,Yes
https://junkyardsnearme.com/junkyards/new-york/9997236-a-p-auto-parts-rochester-inc-palmyra-ny,unknown,unknown,Yes
https://junkyardsnearme.com/junkyards/ontario/10001166-port-perry-auto-wreckers-blackstock-on,unknown,unknown,Yes
https://junkyardsnearme.com/junkyards/texas/9997979-big-four-auto-parts-austin-tx,unknown,unknown,Yes
https://junkyardsnearme.com/junkyards/tennessee/10001191-pro-part-works-athens-tn,unknown,unknown,Yes
https://junkyardsnearme.com/junkyards=&p=442?%2Fjunkyards=&p=443,unknown,unknown,Yes
https://junkyardsnearme.com/junkyards/new-jersey/10001795-cosmoss-ocean-county-auto-wreckers-inc-bayville-nj,unknown,unknown,Yes
https://junkyardsnearme.com/junkyards=&p=233,unknown,unknown,Yes
https://junkyardsnearme.com/junkyards/california/9998184-california-sports-auto-wrecking-chula-vista-ca,unknown,unknown,Yes
https://junkyardsnearme.com/junkyards/california/9998632-daves-auto-wrecking-san-diego-ca,unknown,unknown,Yes
https://junkyardsnearme.com/junkyards/south-carolina/9720007-carolina-recycling-association-greenville-sc,unknown,unknown,Yes
https://junkyardsnearme.com/junkyards/pennsylvania=&p=10?%2Fjunkyards%2Fpennsylvania=&p=11,unknown,unknown,Yes
https://junkyardsnearme.com/junkyards=&p=380?%2Fjunkyards=&p=379,unknown,unknown,Yes
https://junkyardsnearme.com/junkyards=&p=345,unknown,unknown,Yes
https://junkyardsnearme.com/junkyards/connecticut/9999956-newington-used-auto-parts-newington-ct,unknown,unknown,Yes
https://junkyardsnearme.com/junkyards/maine/9998114-brunswick-auto-recycling-llc-brunswick-me,unknown,unknown,Yes
https://junkyardsnearme.com/junkyards/michigan/2491100-dynamic-corvettes-saginaw-mi,unknown,unknown,Yes
https://junkyardsnearme.com/junkyards/oklahoma/2343141-budget-used-auto-parts-recycling-tulsa-ok,unknown,unknown,Yes
https://junkyardsnearme.com/junkyards/massachusetts/10000487-pain-in-the-trash-roslindale-ma,unknown,unknown,Yes
https://junkyardsnearme.com/junkyards/connecticut/9997085-connecticut-scrap-uncasville-ct,unknown,unknown,Yes
https://junkyardsnearme.com/junkyards/oklahoma/9997561-all-american-auto-parts-oklahoma-city-ok,unknown,unknown,Yes
https://junkyardsnearme.com/junkyards/utah/9722283-gvi-autoworx-llc-west-valley-city-ut,unknown,unknown,Yes
https://junkyardsnearme.com/junkyards/arkansas/10001675-sonnys-auto-salvage-jacksonville-ar,unknown,unknown,Yes
https://junkyardsnearme.com/junkyards/michigan/10000761-mutual-auto-parts-inc-grand-rapids-mi,unknown,unknown,Yes
https://junkyardsnearme.com/junkyards/illinois/10001760-state-line-auto-parts-rockford-il,unknown,unknown,Yes
https://junkyardsnearme.com/junkyards/colorado/9998115-brush-auto-salvage-llc-brush-co,unknown,unknown,Yes
https://junkyardsnearme.com/junkyards/georgia/9997766-austins-used-truck-auto-parts-douglasville-ga,unknown,unknown,Yes
https://junkyardsnearme.com/junkyards/maine/9998550-cumberland-salvage-cumberland-center-me,unknown,unknown,Yes
https://junkyardsnearme.com/junkyards/arizona/9997953-best-auto-wrecking-phoenix-az,unknown,unknown,Yes
https://junkyardsnearme.com/junkyards/alabama/10000979-palmer-brothers-auto-parts-birmingham-al,unknown,unknown,Yes
https://junkyardsnearme.com/junkyards/california/9999417-hat-auto-recycling-rancho-cordova-ca,unknown,unknown,Yes
https://junkyardsnearme.com/junkyards/massachusetts/10000054-e-t-cote-auto-parts-leominster-ma,unknown,unknown,Yes
https://junkyardsnearme.com/junkyards/new-york/5352883-jaynes-auto-parts-reading-center-ny,unknown,unknown,Yes
https://junkyardsnearme.com/junkyards/pennsylvania/9999116-forsheys-garage-altoona-pa,unknown,unknown,Yes
https://junkyardsnearme.com/junkyards/california=&p=22?%2Fjunkyards%2Fcalifornia=&p=21,unknown,unknown,Yes
https://junkyardsnearme.com/junkyards/michigan=&p=18,unknown,unknown,Yes
https://junkyardsnearme.com/junkyards=&p=110,unknown,unknown,Yes
https://junkyardsnearme.com/junkyards=&p=170,unknown,unknown,Yes
https://junkyardsnearme.com/junkyards=&p=251,unknown,unknown,Yes
https://junkyardsnearme.com/junkyards/minnesota=&p=3?%2Fjunkyards%2Fminnesota=&p=4,unknown,unknown,Yes
https://junkyardsnearme.com/junkyards/california/10001206-quality-auto-dismantling-sun-valley-ca,unknown,unknown,Yes
https://junkyardsnearme.com/junkyards/california/6618242-hard-rock-4x4-san-diego-ca,unknown,unknown,Yes
https://junkyardsnearme.com/junkyards/florida=&p=20,unknown,unknown,Yes
https://junkyardsnearme.com/junkyards/saskatchewan,unknown,unknown,Yes
https://junkyardsnearme.com/junkyards/california/9998546-crystal-auto-dismantler-stockton-ca,unknown,unknown,Yes
https://junkyardsnearme.com/junkyards/louisiana/10001536-schriever-auto-parts-gray-la,unknown,unknown,Yes
https://junkyardsnearme.com/junkyards=&p=191,unknown,unknown,Yes
https://junkyardsnearme.com/junkyards/new-york/9998697-gershow-recycling-center-valley-stream-ny,unknown,unknown,Yes
https://junkyardsnearme.com/junkyards/washington/4039800-campbell-nelson-auto-recycling-arlington-wa,unknown,unknown,Yes
https://junkyardsnearme.com/junkyards/illinois/5270524-rebuiltcars-naperville-il,unknown,unknown,Yes
https://junkyardsnearme.com/junkyards/maine/10000686-sun-auto-salvage-norridgewock-me,unknown,unknown,Yes
https://junkyardsnearme.com/junkyards/ohio/10001243-r-d-auto-parts-crushing-middletown-oh,unknown,unknown,Yes
https://junkyardsnearme.com/junkyards/new-jersey/9998660-dublin-scrap-metal-newark-nj,unknown,unknown,Yes
https://junkyardsnearme.com/junkyards/british-columbia/9998926-elcam-auto-recyclers-burnaby-bc,unknown,unknown,Yes
https://junkyardsnearme.com/junkyards/ohio/10001321-republic-a-1-auto-parts-cleveland-oh,unknown,unknown,Yes
https://junkyardsnearme.com/junkyards/mississippi/9999879-k-a-r-s-dba-keith-auto-recyclers-pontotoc-ms,unknown,unknown,Yes
https://junkyardsnearme.com/junkyards/alabama/9999204-garrett-auto-parts-sales-talladega-al,unknown,unknown,Yes
https://junkyardsnearme.com/junkyards/california=&p=15?%2Fjunkyards%2Fcalifornia=&p=14,unknown,unknown,Yes
https://junkyardsnearme.com/junkyards/michigan=&p=22,unknown,unknown,Yes
https://junkyardsnearme.com/junkyards/maine/9997997-bills-auto-salvage-fairfield-me,unknown,unknown,Yes
https://junkyardsnearme.com/junkyards/minnesota/7214442-brook-park-auto-recycling-llc-brook-park-mn,unknown,unknown,Yes
https://junkyardsnearme.com/junkyards/tennessee=&p=7?%2Fjunkyards%2Ftennessee=&p=8,unknown,unknown,Yes
https://junkyardsnearme.com/junkyards/pennsylvania=&p=14,unknown,unknown,Yes
https://junkyardsnearme.com/junkyards/illinois/9999913-kertow-auto-salvage-taylorville-il,unknown,unknown,Yes
https://junkyardsnearme.com/junkyards=&p=366?%2Fjunkyards=&p=365,unknown,unknown,Yes
https://junkyardsnearme.com/junkyards=&p=514?%2Fjunkyards=&p=513,unknown,unknown,Yes
https://junkyardsnearme.com/junkyards/ohio/9997279-a-1-auto-cycle-salvage-crestline-oh,unknown,unknown,Yes
https://junkyardsnearme.com/junkyards/california/9998976-european-parts-depot-rancho-cordova-ca,unknown,unknown,Yes
https://junkyardsnearme.com/junkyards/quebec/6671833-yasmine-auto-laval-qc,unknown,unknown,Yes
https://junkyardsnearme.com/junkyards=&p=400?%2Fjunkyards=&p=401,unknown,unknown,Yes
https://junkyardsnearme.com/junkyards=&p=117?%2Fjunkyards=&p=116,unknown,unknown,Yes
https://junkyardsnearme.com/junkyards/ontario/10000233-lkq-shaw-auto-recyclers-london-on,unknown,unknown,Yes
https://junkyardsnearme.com/junkyards/south-carolina/9999822-johnsons-used-auto-parts-summerville-sc,unknown,unknown,Yes
https://junkyardsnearme.com/junkyards/minnesota=&p=2,unknown,unknown,Yes
https://junkyardsnearme.com/junkyards/arizona/10001207-quality-auto-parts-llc-phoenix-az,unknown,unknown,Yes
https://junkyardsnearme.com/junkyards/illinois/9998068-brickler-used-parts-springfield-il,unknown,unknown,Yes
https://junkyardsnearme.com/junkyards/washington=&p=6?%2Fjunkyards%2Fwashington=&p=5,unknown,unknown,Yes
https://junkyardsnearme.com/junkyards/michigan/9492475-g-t-1-800-used-parts-chesterfield-mi,unknown,unknown,Yes
https://junkyardsnearme.com/junkyards/alabama/9997343-411-used-parts-autos-centre-al,unknown,unknown,Yes
https://junkyardsnearme.com/junkyards/new-york/9997081-cash-auto-salvage-rochester-ny,unknown,unknown,Yes
https://junkyardsnearme.com/junkyards/kentucky/10000197-lkq-lexington-lexington-ky,unknown,unknown,Yes
https://junkyardsnearme.com/junkyards/nova-scotia,unknown,unknown,Yes
https://junkyardsnearme.com/junkyards/texas/10000256-lone-star-auto-salvage-san-antonio-tx,unknown,unknown,Yes
https://junkyardsnearme.com/junkyards/connecticut/10000871-f-s-auto-parts-inc-roxbury-ct,unknown,unknown,Yes
https://junkyardsnearme.com/junkyards/new-jersey/9997173-1st-class-auto-salvage-trenton-nj,unknown,unknown,Yes
https://junkyardsnearme.com/junkyards/pennsylvania/10000957-oscars-auto-parts-philadelphia-pa,unknown,unknown,Yes
https://junkyardsnearme.com/junkyards/washington/10000216-lkq-of-washington-renton-wa,unknown,unknown,Yes
https://junkyardsnearme.com/junkyards/new-brunswick=&p=1,unknown,unknown,Yes
https://junkyardsnearme.com/junkyards/california/9998182-california-car-parts-west-sacramento-ca,unknown,unknown,Yes
https://junkyardsnearme.com/junkyards/north-carolina/10001778-strawberry-motor-co-dallas-nc,unknown,unknown,Yes
https://junkyardsnearme.com/junkyards=&p=351?%2Fjunkyards=&p=350,unknown,unknown,Yes
https://junkyardsnearme.com/junkyards=&p=136,unknown,unknown,Yes
https://junkyardsnearme.com/junkyards/new-york/10000734-northern-car-crushers-keeseville-ny,unknown,unknown,Yes
https://junkyardsnearme.com/junkyards/california/8590025-acura-honda-dismantling-rancho-cordova-ca,unknown,unknown,Yes
https://junkyardsnearme.com/junkyards/texas/10000370-m-v-autoparts-dallas-tx,unknown,unknown,Yes
https://junkyardsnearme.com/junkyards/oregon=&p=6?%2Fjunkyards%2Foregon=&p=5,unknown,unknown,Yes
https://junkyardsnearme.com/junkyards/colorado/9998711-denver-affordable-parts-denver-co,unknown,unknown,Yes
https://junkyardsnearme.com/junkyards/florida/5826383-auto-truck-electronics-west-palm-beach-fl,unknown,unknown,Yes
https://junkyardsnearme.com/junkyards/ohio/9997940-belmont-auto-wrecking-lima-oh,unknown,unknown,Yes
https://junkyardsnearme.com/junkyards/new-jersey/10001617-cash-for-junk-cars-in-nj-paterson-nj,unknown,unknown,Yes
https://junkyardsnearme.com/junkyards/ontario/9999800-jlm-recycling-waterford-on,unknown,unknown,Yes
https://junkyardsnearme.com/junkyards/rhode-island/9998923-el-mono-auto-llc-johnston-ri,unknown,unknown,Yes
https://junkyardsnearme.com/junkyards/illinois/9998620-dans-used-auto-parts-carterville-il,unknown,unknown,Yes
https://junkyardsnearme.com/junkyards/california/9997387-a-1-auto-wreckers-san-jose-ca,unknown,unknown,Yes
https://junkyardsnearme.com/junkyards/texas/9997738-atkinson-auto-parts-uvalde-tx,unknown,unknown,Yes
https://junkyardsnearme.com/junkyards/new-hampshire/9999597-schnitzer-northeast-manchester-nh,unknown,unknown,Yes
https://junkyardsnearme.com/junkyards/new-jersey/9997357-a-a-auto-wreckers-whippany-nj,unknown,unknown,Yes
https://junkyardsnearme.com/junkyards/connecticut/10002090-auto-shop-llc-bridgeport-ct,unknown,unknown,Yes
https://junkyardsnearme.com/junkyards=&p=344,unknown,unknown,Yes
https://junkyardsnearme.com/junkyards/massachusetts/10000374-m-l-norwood-auto-recycling-north-grafton-ma,unknown,unknown,Yes
https://junkyardsnearme.com/junkyards/new-york/9997247-a-m-auto-wreckers-inc-bronx-ny,unknown,unknown,Yes
https://junkyardsnearme.com/junkyards=&p=34?%2Fjunkyards=&p=35,unknown,unknown,Yes
https://junkyardsnearme.com/junkyards=&p=427,unknown,unknown,Yes
https://junkyardsnearme.com/junkyards/massachusetts/10000424-mass-auto-recycling-worcester-ma,unknown,unknown,Yes
https://junkyardsnearme.com/junkyards=&p=268?%2Fjunkyards=&p=269,unknown,unknown,Yes
https://junkyardsnearme.com/junkyards/florida=&p=28?%2Fjunkyards%2Fflorida=&p=29,unknown,unknown,Yes
https://junkyardsnearme.com/junkyards=&p=441,unknown,unknown,Yes
https://junkyardsnearme.com/junkyards/new-jersey/10001251-gxr-auto-body-corporation-jersey-city-nj,unknown,unknown,Yes
https://junkyardsnearme.com/junkyards=&p=340?%2Fjunkyards=&p=339,unknown,unknown,Yes
https://junkyardsnearme.com/junkyards/pennsylvania/1213196-junkyard-barbie-pic-a-part-morrisville-pa,unknown,unknown,Yes
https://junkyardsnearme.com/junkyards/oklahoma/10000249-logan-county-auto-salvage-guthrie-ok,unknown,unknown,Yes
https://junkyardsnearme.com/junkyards/illinois/10001722-speedway-auto-parts-joliet-il,unknown,unknown,Yes
https://junkyardsnearme.com/junkyards=&p=168?%2Fjunkyards=&p=167,unknown,unknown,Yes
https://junkyardsnearme.com/junkyards/alabama/3877281-hearns-salvage-inc-arley-al,unknown,unknown,Yes
https://junkyardsnearme.com/junkyards/michigan/9997502-advanced-auto-recyclers-southfield-mi,unknown,unknown,Yes
https://junkyardsnearme.com/junkyards/georgia=&p=1?%2Fjunkyards%2Fgeorgia=&p=2,unknown,unknown,Yes
https://junkyardsnearme.com/junkyards/mississippi/7328090-s-s-auto-salvage-morton-ms,unknown,unknown,Yes
https://junkyardsnearme.com/junkyards/north-carolina/9998668-deals-on-wheels-zebulon-nc,unknown,unknown,Yes
https://junkyardsnearme.com/junkyards/pennsylvania/6353203-bollmans-auto-salvage-saxton-pa,unknown,unknown,Yes
https://junkyardsnearme.com/junkyards/florida/10000007-lago-international-used-auto-parts-opa-locka-fl,unknown,unknown,Yes
https://junkyardsnearme.com/junkyards/connecticut/9999925-bishops-used-auto-parts-middletown-ct,unknown,unknown,Yes
https://junkyardsnearme.com/junkyards/idaho/9998104-brown-brothers-auto-recyclers-burley-id,unknown,unknown,Yes
https://junkyardsnearme.com/junkyards=&p=359?%2Fjunkyards=&p=358,unknown,unknown,Yes
https://junkyardsnearme.com/junkyards/vermont,unknown,unknown,Yes
https://junkyardsnearme.com/junkyards/new-jersey=&p=12?%2Fjunkyards%2Fnew-jersey=&p=13,unknown,unknown,Yes
https://junkyardsnearme.com/junkyards/indiana/3420841-adkins-auto-parts-martinsville-in,unknown,unknown,Yes
https://junkyardsnearme.com/junkyards/kentucky/9999305-grade-a-allstate-auto-parts-louisville-ky,unknown,unknown,Yes
https://junkyardsnearme.com/junkyards/pennsylvania/9999868-junkyard-mundial-philadelphia-pa,unknown,unknown,Yes
https://junkyardsnearme.com/junkyards/nebraska/2280053-kosiski-auto-parts-omaha-ne,unknown,unknown,Yes
https://junkyardsnearme.com/junkyards/texas/9999069-fast-parts-inc-hutto-tx,unknown,unknown,Yes
https://junkyardsnearme.com/junkyards=&p=80,unknown,unknown,Yes
https://junkyardsnearme.com/junkyards/massachusetts/3827128-b-b-enterprises-springfield-ma,unknown,unknown,Yes
https://junkyardsnearme.com/junkyards/massachusetts/10001108-pick-n-pull-freetown-east-freetown-ma,unknown,unknown,Yes
https://junkyardsnearme.com/junkyards/virginia/9997351-81-auto-parts-recycling-salem-va,unknown,unknown,Yes
https://junkyardsnearme.com/junkyards/new-jersey/9998063-brass-castle-import-salvage-oxford-nj,unknown,unknown,Yes
https://junkyardsnearme.com/junkyards/ontario/10000636-mikes-auto-parts-stoney-creek-on,unknown,unknown,Yes
https://junkyardsnearme.com/junkyards/texas/9997700-apache-auto-parts-houston-tx,unknown,unknown,Yes
https://junkyardsnearme.com/junkyards/alabama/9997888-baileys-used-parts-rogersville-al,unknown,unknown,Yes
https://junkyardsnearme.com/junkyards/ohio=&p=17?%2Fjunkyards%2Fohio=&p=18,unknown,unknown,Yes
https://junkyardsnearme.com/junkyards/ohio/5940923-car-connection-ohio-middletown-oh,unknown,unknown,Yes
https://junkyardsnearme.com/junkyards/maine/10000601-connells-auto-harrison-me,unknown,unknown,Yes
https://junkyardsnearme.com/junkyards/north-carolina/2972107-miracle-auto-parts-lawndale-nc,unknown,unknown,Yes
https://junkyardsnearme.com/junkyards/connecticut/10000868-dells-auto-wrecking-danbury-ct,unknown,unknown,Yes
https://junkyardsnearme.com/junkyards/texas/4552125-action-auto-parts-greenville-tx,unknown,unknown,Yes
https://junkyardsnearme.com/junkyards/colorado/9998297-cheap-part-colorado-denver-co,unknown,unknown,Yes
https://junkyardsnearme.com/junkyards/illinois/9998951-englewood-used-auto-parts-chicago-il,unknown,unknown,Yes
https://junkyardsnearme.com/junkyards/california/9997727-arreolas-auto-wrecking-arroyo-grande-ca,unknown,unknown,Yes
https://junkyardsnearme.com/junkyards/kentucky/10000360-m-m-import-salvage-alexandria-ky,unknown,unknown,Yes
https://junkyardsnearme.com/junkyards/alabama/4237560-lkq-birmingham-ardmore-ardmore-al,unknown,unknown,Yes
https://junkyardsnearme.com/junkyards/kansas,unknown,unknown,Yes
https://junkyardsnearme.com/junkyards/north-carolina/10001849-tarheel-auto-parts-kinston-nc,unknown,unknown,Yes
https://junkyardsnearme.com/junkyards/new-hampshire/9998291-chases-auto-salvage-enfield-center-nh,unknown,unknown,Yes
https://junkyardsnearme.com/junkyards/virginia/4374747-tow-junk-cars-for-cash-northern-virginia-fredericksburg-va,unknown,unknown,Yes
https://junkyardsnearme.com/junkyards/louisiana=&p=3,unknown,unknown,Yes
https://junkyardsnearme.com/junkyards/california/9999764-japanese-auto-dismantlers-los-angeles-ca,unknown,unknown,Yes
https://junkyardsnearme.com/junkyards/new-hampshire/9999623-the-metal-farm-farmington-nh,unknown,unknown,Yes
https://junkyardsnearme.com/junkyards=&p=395,unknown,unknown,Yes
https://junkyardsnearme.com/junkyards/new-jersey=&p=6?%2Fjunkyards%2Fnew-jersey=&p=7,unknown,unknown,Yes
https://junkyardsnearme.com/junkyards/oklahoma/5835168-economy-auto-parts-tulsa-ok,unknown,unknown,Yes
https://junkyardsnearme.com/junkyards/maryland/9998776-dougs-auto-recycling-middle-river-md,unknown,unknown,Yes
https://junkyardsnearme.com/junkyards/north-carolina/9997976-big-dog-auto-salvage-mount-airy-nc,unknown,unknown,Yes
https://junkyardsnearme.com/junkyards/arizona/10001016-payless-salvage-auto-parts-phoenix-az,unknown,unknown,Yes
https://junkyardsnearme.com/junkyards=&p=200,unknown,unknown,Yes
https://junkyardsnearme.com/junkyards/michigan/5450544-jbr-disposal-inc-clinton-township-mi,unknown,unknown,Yes
https://junkyardsnearme.com/junkyards/ontario/9999714-j-b-auto-wreckers-windsor-on,unknown,unknown,Yes
https://junkyardsnearme.com/junkyards/ontario/9997445-accel-auto-recyclers-brampton-on,unknown,unknown,Yes
https://junkyardsnearme.com/junkyards/california/9999565-honda-club-auto-recyclers-chula-vista-ca,unknown,unknown,Yes
https://junkyardsnearme.com/junkyards/virginia/9997656-american-auto-salvage-culpeper-va,unknown,unknown,Yes
https://junkyardsnearme.com/junkyards/florida/9999042-express-auto-parts-services-hialeah-fl,unknown,unknown,Yes
https://junkyardsnearme.com/junkyards/tennessee/9483456-southside-auto-parts-memphis-tn,unknown,unknown,Yes
https://junkyardsnearme.com/junkyards/oregon/10001049-pick-a-part-albany-albany-or,unknown,unknown,Yes
https://junkyardsnearme.com/junkyards/north-carolina/9771430-dc-automotive-rocky-mount-nc,unknown,unknown,Yes
https://junkyardsnearme.com/junkyards/florida/10000376-m-l-auto-wrecking-parts-fort-lauderdale-fl,unknown,unknown,Yes
https://junkyardsnearme.com/junkyards/iowa/10000677-moon-river-auto-doon-ia,unknown,unknown,Yes
https://junkyardsnearme.com/junkyards/florida/10002056-verns-d-d-auto-salvage-tarpon-springs-fl,unknown,unknown,Yes
https://junkyardsnearme.com/junkyards/minnesota/8934450-4x4-truck-auto-parts-winnebago-mn,unknown,unknown,Yes
https://junkyardsnearme.com/junkyards/california=&p=13?%2Fjunkyards%2Fcalifornia=&p=14,unknown,unknown,Yes
https://junkyardsnearme.com/junkyards/massachusetts=&p=2,unknown,unknown,Yes
https://junkyardsnearme.com/junkyards/kentucky=&p=4?%2Fjunkyards%2Fkentucky=&p=5,unknown,unknown,Yes
https://junkyardsnearme.com/junkyards=&p=330?%2Fjunkyards=&p=331,unknown,unknown,Yes
https://junkyardsnearme.com/junkyards/nebraska/9997184-4-brothers-auto-salvage-lincoln-ne,unknown,unknown,Yes
https://junkyardsnearme.com/junkyards/illinois/10000252-lombard-auto-wreckers-lombard-il,unknown,unknown,Yes
https://junkyardsnearme.com/junkyards/florida/9999793-jims-auto-salvage-sebring-fl,unknown,unknown,Yes
https://junkyardsnearme.com/junkyards/maryland/9998913-eden-auto-parts-eden-md,unknown,unknown,Yes
https://junkyardsnearme.com/junkyards=&p=503,unknown,unknown,Yes
https://junkyardsnearme.com/junkyards/florida/9997266-a-to-z-auto-parts-apopka-fl,unknown,unknown,Yes
https://junkyardsnearme.com/junkyards/ontario=&p=6?%2Fjunkyards%2Fontario=&p=5,unknown,unknown,Yes
https://junkyardsnearme.com/junkyards/texas/9231698-peyton-performance-automotive-inc-waxahachie-tx,unknown,unknown,Yes
https://junkyardsnearme.com/junkyards/illinois=&p=12?%2Fjunkyards%2Fillinois=&p=11,unknown,unknown,Yes
https://junkyardsnearme.com/junkyards/new-jersey/10001391-best-metal-used-auto-parts-newark-nj,unknown,unknown,Yes
https://junkyardsnearme.com/junkyards/missouri/10000059-late-model-auto-parts-kansas-city-mo,unknown,unknown,Yes
https://junkyardsnearme.com/junkyards/north-dakota/9998823-east-end-auto-parts-dickinson-nd,unknown,unknown,Yes
https://junkyardsnearme.com/junkyards/tennessee/3973944-jasper-jones-auto-parts-dandridge-tn,unknown,unknown,Yes
https://junkyardsnearme.com/junkyards=&p=140?%2Fjunkyards=&p=141,unknown,unknown,Yes
https://junkyardsnearme.com/junkyards/oregon=&p=4?%2Fjunkyards%2Foregon=&p=5,unknown,unknown,Yes
https://junkyardsnearme.com/junkyards=&p=290?%2Fjunkyards=&p=289,unknown,unknown,Yes
https://junkyardsnearme.com/junkyards/california/9999775-jc-auto-wrecking-san-diego-ca,unknown,unknown,Yes
https://junkyardsnearme.com/junkyards/ohio/9999149-franks-used-auto-parts-junction-city-oh,unknown,unknown,Yes
https://junkyardsnearme.com/junkyards/oklahoma/9999054-fairview-auto-salvage-fairview-ok,unknown,unknown,Yes
https://junkyardsnearme.com/junkyards/florida/7387832-all-the-time-auto-inc-jacksonville-fl,unknown,unknown,Yes
https://junkyardsnearme.com/junkyards/illinois=&p=10,unknown,unknown,Yes
https://junkyardsnearme.com/junkyards=&p=124?%2Fjunkyards=&p=123,unknown,unknown,Yes
https://junkyardsnearme.com/junkyards=&p=37?%2Fjunkyards=&p=36,unknown,unknown,Yes
https://junkyardsnearme.com/junkyards/tennessee/9999103-floyds-auto-parts-sevierville-tn,unknown,unknown,Yes
https://junkyardsnearme.com/junkyards/iowa/10001574-sells-used-parts-towing-muscatine-ia,unknown,unknown,Yes
https://junkyardsnearme.com/junkyards/california/9997936-bells-auto-parts-prp-west-sun-valley-ca,unknown,unknown,Yes
https://junkyardsnearme.com/junkyards=&p=210,unknown,unknown,Yes
https://junkyardsnearme.com/junkyards/massachusetts/9999431-naumkeag-used-auto-parts-salem-ma,unknown,unknown,Yes
https://junkyardsnearme.com/junkyards=&p=93,unknown,unknown,Yes
https://junkyardsnearme.com/junkyards/california/3377264-truck-parts-company-baldwin-park-ca,unknown,unknown,Yes
https://junkyardsnearme.com/junkyards/california/9997418-aacon-auto-parts-los-angeles-ca,unknown,unknown,Yes
https://junkyardsnearme.com/junkyards/utah/9998786-duanes-auto-wrecking-orem-ut,unknown,unknown,Yes
https://junkyardsnearme.com/junkyards/michigan/10001259-rammes-auto-salvage-bessemer-mi,unknown,unknown,Yes
https://junkyardsnearme.com/junkyards=&p=323,unknown,unknown,Yes
https://junkyardsnearme.com/junkyards=&p=164,unknown,unknown,Yes
https://junkyardsnearme.com/junkyards/massachusetts=&p=1?%2Fjunkyards%2Fmassachusetts=&p=2,unknown,unknown,Yes
https://junkyardsnearme.com/junkyards/british-columbia/9998437-comox-valley-auto-recyclers-courtenay-bc,unknown,unknown,Yes
https://junkyardsnearme.com/junkyards/wisconsin/9998453-conrads-auto-salvage-mondovi-wi,unknown,unknown,Yes
https://junkyardsnearme.com/junkyards=&p=332,unknown,unknown,Yes
https://junkyardsnearme.com/junkyards/florida=&p=27?%2Fjunkyards%2Fflorida=&p=26,unknown,unknown,Yes
https://junkyardsnearme.com/junkyards/pennsylvania/9999175-furlows-north-east-auto-north-east-pa,unknown,unknown,Yes
https://junkyardsnearme.com/junkyards/new-hampshire=&p=9?%2Fjunkyards%2Fnew-hampshire=&p=10,unknown,unknown,Yes
https://junkyardsnearme.com/junkyards/illinois/10001880-three-bs-used-auto-parts-davis-junction-il,unknown,unknown,Yes
https://junkyardsnearme.com/junkyards/north-carolina/9997326-aa-auto-parts-lincolnton-nc,unknown,unknown,Yes
https://junkyardsnearme.com/junkyards/north-carolina=&p=15,unknown,unknown,Yes
https://junkyardsnearme.com/junkyards/mississippi=&p=3?%2Fjunkyards%2Fmississippi=&p=2,unknown,unknown,Yes
https://junkyardsnearme.com/junkyards=&p=438,unknown,unknown,Yes
https://junkyardsnearme.com/junkyards/california/9997600-all-star-auto-parts-sun-valley-ca,unknown,unknown,Yes
https://junkyardsnearme.com/junkyards/florida/9999086-first-global-import-export-parts-jacksonville-fl,unknown,unknown,Yes
https://junkyardsnearme.com/junkyards/virginia=&p=12?%2Fjunkyards%2Fvirginia=&p=11,unknown,unknown,Yes
https://junkyardsnearme.com/junkyards/new-jersey/9998694-barons-auto-wrecking-inc-morganville-nj,unknown,unknown,Yes
https://junkyardsnearme.com/junkyards/kansas/9997624-allied-auto-recyclers-mokan-auto-parts-kansas-city-ks,unknown,unknown,Yes
https://junkyardsnearme.com/junkyards/california/8904745-coastal-auto-parts-salvage-pacoima-ca,unknown,unknown,Yes
https://junkyardsnearme.com/junkyards/california/9999287-globe-used-auto-parts-pacoima-ca,unknown,unknown,Yes
https://junkyardsnearme.com/junkyards/texas/10001316-reliable-salvage-auto-repair-wichita-falls-tx,unknown,unknown,Yes
https://junkyardsnearme.com/junkyards/florida/6367130-cocoa-auto-salvage-inc-cocoa-fl,unknown,unknown,Yes
https://junkyardsnearme.com/junkyards/ontario/4694800-simplycars-oakville-on,unknown,unknown,Yes
https://junkyardsnearme.com/junkyards/new-jersey=&p=1?%2Fjunkyards%2Fnew-jersey=&p=2,unknown,unknown,Yes
https://junkyardsnearme.com/junkyards/rhode-island/9999939-kingstown-auto-recycling-north-kingstown-ri,unknown,unknown,Yes
https://junkyardsnearme.com/junkyards/iowa/10001160-poells-enterprises-de-witt-ia,unknown,unknown,Yes
https://junkyardsnearme.com/junkyards/ohio/9997515-affordable-auto-parts-salvage-painesville-oh,unknown,unknown,Yes
https://junkyardsnearme.com/junkyards/tennessee/10001611-shrum-auto-parts-ridgetop-tn,unknown,unknown,Yes
https://junkyardsnearme.com/junkyards/utah/10001763-state-street-auto-wrecking-provo-ut,unknown,unknown,Yes
https://junkyardsnearme.com/junkyards/manitoba/2227799-gills-auto-parts-winnipeg-mb,unknown,unknown,Yes
https://junkyardsnearme.com/junkyards/california/9478198-metropolitan-auto-warehouse-san-bernardino-ca,unknown,unknown,Yes
https://junkyardsnearme.com/junkyards/north-carolina/10000414-marsh-auto-parts-siler-city-nc,unknown,unknown,Yes
https://junkyardsnearme.com/junkyards/iowa/10001212-quams-auto-salvage-lime-springs-ia,unknown,unknown,Yes
https://junkyardsnearme.com/junkyards/new-mexico?%2Fjunkyards%2Fnew-mexico=&p=2,unknown,unknown,Yes
https://junkyardsnearme.com/junkyards/arkansas/9458880-ronnies-late-model-used-auto-parts-north-little-rock-ar,unknown,unknown,Yes
https://junkyardsnearme.com/junkyards/minnesota/10001743-st-james-auto-salvage-inc-saint-james-mn,unknown,unknown,Yes
https://junkyardsnearme.com/junkyards/ohio/10000126-liberty-wholesale-auto-parts-toledo-oh,unknown,unknown,Yes
https://junkyardsnearme.com/junkyards=&p=167?%2Fjunkyards=&p=166,unknown,unknown,Yes
https://junkyardsnearme.com/junkyards/california/2042277-cash-for-cars-studio-city-ca,unknown,unknown,Yes
https://junkyardsnearme.com/junkyards/alberta/10001488-saddle-ridge-payless-auto-parts-calgary-ab,unknown,unknown,Yes
https://junkyardsnearme.com/junkyards/michigan/9560971-daves-auto-truck-salvage-smiths-creek-mi,unknown,unknown,Yes
https://junkyardsnearme.com/junkyards/california=&p=9?%2Fjunkyards%2Fcalifornia=&p=10,unknown,unknown,Yes
https://junkyardsnearme.com/junkyards/california/10000369-m-s-auto-salvage-whittier-ca,unknown,unknown,Yes
https://junkyardsnearme.com/junkyards/oklahoma=&p=6,unknown,unknown,Yes
https://junkyardsnearme.com/junkyards/ohio/10000454-mckee-auto-parts-new-marshfield-oh,unknown,unknown,Yes
https://junkyardsnearme.com/junkyards/colorado/10000940-old-yeller-auto-denver-co,unknown,unknown,Yes
https://junkyardsnearme.com/junkyards=&p=518?%2Fjunkyards=&p=517,unknown,unknown,Yes
https://junkyardsnearme.com/junkyards/utah/9997896-ballard-auto-wrecking-hurricane-ut,unknown,unknown,Yes
https://junkyardsnearme.com/junkyards/ohio,unknown,unknown,Yes
https://junkyardsnearme.com/junkyards=&p=59?%2Fjunkyards=&p=58,unknown,unknown,Yes
https://junkyardsnearme.com/junkyards/new-york/10001548-gershow-recycling-corporation-brooklyn-ny,unknown,unknown,Yes
https://junkyardsnearme.com/junkyards/south-carolina/9997628-allstate-used-auto-parts-belton-sc,unknown,unknown,Yes
https://junkyardsnearme.com/junkyards/north-carolina/9998887-eastside-auto-salvage-midway-park-nc,unknown,unknown,Yes
https://junkyardsnearme.com/junkyards=&p=39?%2Fjunkyards=&p=38,unknown,unknown,Yes
https://junkyardsnearme.com/junkyards/arizona?%2Fjunkyards%2Farizona=&p=2,unknown,unknown,Yes
https://junkyardsnearme.com/junkyards/pennsylvania/9999015-european-used-parts-philadelphia-pa,unknown,unknown,Yes
https://junkyardsnearme.com/junkyards=&p=22?%2Fjunkyards=&p=21,unknown,unknown,Yes
https://junkyardsnearme.com/junkyards/new-york/9998462-j-c-auto-salvage-lindenhurst-ny,unknown,unknown,Yes
https://junkyardsnearme.com/junkyards=&p=344?%2Fjunkyards=&p=345,unknown,unknown,Yes
https://junkyardsnearme.com/junkyards=&p=427?%2Fjunkyards=&p=426,unknown,unknown,Yes
https://junkyardsnearme.com/junkyards/massachusetts/10000943-ollies-inc-athol-ma,unknown,unknown,Yes
https://junkyardsnearme.com/junkyards/british-columbia/9997757-aurora-truck-centre-houston-bc,unknown,unknown,Yes
https://junkyardsnearme.com/junkyards/california/9999388-harbor-used-auto-parts-long-beach-ca,unknown,unknown,Yes
https://junkyardsnearme.com/junkyards=&p=429?%2Fjunkyards=&p=430,unknown,unknown,Yes
https://junkyardsnearme.com/junkyards/montana/9999385-hansers-automotive-wrecking-company-billings-mt,unknown,unknown,Yes
https://junkyardsnearme.com/junkyards/kentucky/9998969-euro-parts-plus-millwood-ky,unknown,unknown,Yes
https://junkyardsnearme.com/junkyards/wisconsin/9998302-chets-auto-wrecking-marinette-wi,unknown,unknown,Yes
https://junkyardsnearme.com/junkyards/pennsylvania/10001890-tioga-used-parts-philadelphia-pa,unknown,unknown,Yes
https://junkyardsnearme.com/junkyards/tennessee/7252203-roan-mountain-auto-salvage-inc-roan-mountain-tn,unknown,unknown,Yes
https://junkyardsnearme.com/junkyards/colorado/9999058-falcon-auto-recycle-denver-co,unknown,unknown,Yes
https://junkyardsnearme.com/junkyards/georgia/9997275-a-v-auto-llc-tifton-ga,unknown,unknown,Yes
https://junkyardsnearme.com/junkyards/arkansas/9999090-five-star-jacksonville-ar,unknown,unknown,Yes
https://junkyardsnearme.com/junkyards/texas/10001282-rcs-auto-recyclers-tyler-tx,unknown,unknown,Yes
https://junkyardsnearme.com/junkyards/kentucky/9999915-key-auto-parts-murray-ky,unknown,unknown,Yes
https://junkyardsnearme.com/junkyards/georgia=&p=3,unknown,unknown,Yes
https://junkyardsnearme.com/junkyards/new-jersey/9998699-central-jersey-recycling-inc-edison-nj,unknown,unknown,Yes
https://junkyardsnearme.com/junkyards/indiana=&p=8?%2Fjunkyards%2Findiana=&p=9,unknown,unknown,Yes
https://junkyardsnearme.com/junkyards/ohio/10000927-oem-auto-recyclers-bluffton-oh,unknown,unknown,Yes
https://junkyardsnearme.com/junkyards/illinois/9998422-collins-truck-parts-tamaroa-il,unknown,unknown,Yes
https://junkyardsnearme.com/junkyards/washington/8479191-roy-y-auto-wrecking-inc-spanaway-wa,unknown,unknown,Yes
https://junkyardsnearme.com/junkyards/indiana=&p=2,unknown,unknown,Yes
https://junkyardsnearme.com/junkyards/california/9998309-chore-auto-wrecking-san-diego-ca,unknown,unknown,Yes
https://junkyardsnearme.com/junkyards/british-columbia/9998160-by-pass-auto-truck-recyclers-gibsons-bc,unknown,unknown,Yes
https://junkyardsnearme.com/junkyards/florida/9997169-1-stop-parts-labelle-fl,unknown,unknown,Yes
https://junkyardsnearme.com/junkyards/alabama/9997845-b-d-auto-birmingham-al,unknown,unknown,Yes
https://junkyardsnearme.com/junkyards/ohio/10000652-milliron-auto-parts-inc-mansfield-oh,unknown,unknown,Yes
https://junkyardsnearme.com/junkyards/california/9997425-aatlas-auto-recyling-1-chula-vista-ca,unknown,unknown,Yes
https://junkyardsnearme.com/junkyards/ohio/9999327-green-auto-parts-columbus-oh,unknown,unknown,Yes
https://junkyardsnearme.com/junkyards=&p=127,unknown,unknown,Yes
https://junkyardsnearme.com/junkyards/texas/10000265-low-price-auto-glass-san-antonio-tx,unknown,unknown,Yes
https://junkyardsnearme.com/junkyards/california/10001021-pearsons-auto-wrecking-ridgecrest-ca,unknown,unknown,Yes
https://junkyardsnearme.com/junkyards/ohio/9999754-edison-automotive-columbus-oh,unknown,unknown,Yes
https://junkyardsnearme.com/junkyards=&p=289,unknown,unknown,Yes
https://junkyardsnearme.com/junkyards/new-jersey/10001102-k-j-scrap-metal-co-union-city-nj,unknown,unknown,Yes
https://junkyardsnearme.com/junkyards/british-columbia=&p=5?%2Fjunkyards%2Fbritish-columbia=&p=6,unknown,unknown,Yes
https://junkyardsnearme.com/junkyards/tennessee/10001668-snow-hill-auto-recyclers-dowelltown-tn,unknown,unknown,Yes
https://junkyardsnearme.com/junkyards/new-york/8257318-gds-auto-parts-buffalo-ny,unknown,unknown,Yes
https://junkyardsnearme.com/junkyards=&p=271?%2Fjunkyards=&p=270,unknown,unknown,Yes
https://junkyardsnearme.com/junkyards/illinois/3893247-bilderbacks-auto-parts-sales-south-beloit-il,unknown,unknown,Yes
https://junkyardsnearme.com/junkyards/new-jersey/9997759-auto-truck-recyclers-sewell-nj,unknown,unknown,Yes
https://junkyardsnearme.com/junkyards/montana/9998280-cf-auto-parts-missoula-mt,unknown,unknown,Yes
https://junkyardsnearme.com/junkyards/texas/9997814-autocomp-technologies-houston-tx,unknown,unknown,Yes
https://junkyardsnearme.com/junkyards/texas/9997510-affiliated-auto-parts-grand-prairie-tx,unknown,unknown,Yes
https://junkyardsnearme.com/junkyards/california/10000348-lynwood-auto-lynwood-ca,unknown,unknown,Yes
https://junkyardsnearme.com/junkyards/california/9999767-japanese-unique-auto-parts-dismantling-montclair-ca,unknown,unknown,Yes
https://junkyardsnearme.com/junkyards/michigan/9998738-discount-auto-parts-sales-mount-pleasant-mi,unknown,unknown,Yes
https://junkyardsnearme.com/junkyards/maine=&p=9?%2Fjunkyards%2Fmaine=&p=8,unknown,unknown,Yes
https://junkyardsnearme.com/error-feedback,unknown,unknown,Yes
https://junkyardsnearme.com/junkyards=&p=432?%2Fjunkyards=&p=431,unknown,unknown,Yes
https://junkyardsnearme.com/junkyards/florida/9998636-davidson-used-auto-parts-tampa-fl,unknown,unknown,Yes
https://junkyardsnearme.com/junkyards/quebec/10001129-pieces-dautos-pilon-saint-lin-laurentides-qc,unknown,unknown,Yes
https://junkyardsnearme.com/junkyards/new-york/9999574-horners-automotive-phoenix-ny,unknown,unknown,Yes
https://junkyardsnearme.com/junkyards/minnesota/3771138-rpm-motorsports-albert-lea-mn,unknown,unknown,Yes
https://junkyardsnearme.com/junkyards/south-dakota/3387041-barneys-parts-repairable-and-used-cars-sioux-falls-sd,unknown,unknown,Yes
https://junkyardsnearme.com/junkyards=&p=320?%2Fjunkyards=&p=319,unknown,unknown,Yes
https://junkyardsnearme.com/junkyards/california/9999902-kennedy-auto-co-inc-stockton-ca,unknown,unknown,Yes
https://junkyardsnearme.com/junkyards/new-york/9998702-j-w-towing-inc-yonkers-ny,unknown,unknown,Yes
https://junkyardsnearme.com/junkyards/tennessee/9997290-a-1-auto-salvage-johnson-city-tn,unknown,unknown,Yes
https://junkyardsnearme.com/junkyards/tennessee/10001976-ttg-enterprises-knoxville-tn,unknown,unknown,Yes
https://junkyardsnearme.com/junkyards/louisiana/9997307-a-ok-salvage-eunice-la,unknown,unknown,Yes
https://junkyardsnearme.com/junkyards/colorado=&p=2?%2Fjunkyards%2Fcolorado=&p=3,unknown,unknown,Yes
https://junkyardsnearme.com/junkyards/texas/9998634-davids-auto-salvage-abilene-tx,unknown,unknown,Yes
https://junkyardsnearme.com/junkyards/california=&p=3?%2Fjunkyards%2Fcalifornia=&p=2,unknown,unknown,Yes
https://junkyardsnearme.com/junkyards/north-carolina/9999819-johnson-auto-recycling-asheville-nc,unknown,unknown,Yes
https://junkyardsnearme.com/junkyards=&p=116?%2Fjunkyards=&p=117,unknown,unknown,Yes
https://junkyardsnearme.com/junkyards/colorado/9998136-budget-import-auto-englewood-co,unknown,unknown,Yes
https://junkyardsnearme.com/junkyards/california/2383545-a-1-metals-auto-salvage-paso-robles-ca,unknown,unknown,Yes
https://junkyardsnearme.com/junkyards/new-york/9998322-bronx-junk-car-depot-bronx-ny,unknown,unknown,Yes
https://junkyardsnearme.com/junkyards/virginia/5714374-1-tow-junk-cars-for-cash-manassas-va,unknown,unknown,Yes
https://junkyardsnearme.com/junkyards/california/9998172-c-hughes-auto-wrecking-towing-lemoore-ca,unknown,unknown,Yes
https://junkyardsnearme.com/junkyards/minnesota/4346944-jellisons-auto-parts-ham-lake-mn,unknown,unknown,Yes
https://junkyardsnearme.com/junkyards/new-hampshire=&p=5,unknown,unknown,Yes
https://junkyardsnearme.com/junkyards/florida=&p=15?%2Fjunkyards%2Fflorida=&p=16,unknown,unknown,Yes
https://junkyardsnearme.com/junkyards/california=&p=19?%2Fjunkyards%2Fcalifornia=&p=20,unknown,unknown,Yes
https://junkyardsnearme.com/junkyards/minnesota/10001704-southside-auto-salvage-new-ulm-mn,unknown,unknown,Yes
https://junkyardsnearme.com/junkyards/virginia/9998952-english-motors-ltd-red-house-va,unknown,unknown,Yes
https://junkyardsnearme.com/junkyards/oklahoma/10001407-roberts-salvage-moffett-ok,unknown,unknown,Yes
https://junkyardsnearme.com/junkyards=&p=319,unknown,unknown,Yes
https://junkyardsnearme.com/junkyards=&p=468?%2Fjunkyards=&p=469,unknown,unknown,Yes
https://junkyardsnearme.com/junkyards/kansas?%2Fjunkyards%2Fkansas=&p=2,unknown,unknown,Yes
https://junkyardsnearme.com/junkyards/missouri/9999315-grant-iron-motors-saint-louis-mo,unknown,unknown,Yes
https://junkyardsnearme.com/junkyards/new-mexico/10000359-m-m-body-albuquerque-nm,unknown,unknown,Yes
https://junkyardsnearme.com/junkyards/michigan/9998006-bishop-auto-wrecking-inkster-mi,unknown,unknown,Yes
https://junkyardsnearme.com/junkyards/california=&p=11?%2Fjunkyards%2Fcalifornia=&p=12,unknown,unknown,Yes
https://junkyardsnearme.com/junkyards/rhode-island/10000291-charles-scrap-metal-providence-ri,unknown,unknown,Yes
https://junkyardsnearme.com/junkyards/colorado/10000357-m-m-auto-steamboat-springs-co,unknown,unknown,Yes
https://junkyardsnearme.com/junkyards/california/9999890-kc-auto-dismantling-sun-valley-ca,unknown,unknown,Yes
https://junkyardsnearme.com/junkyards/minnesota/10001481-s-s-auto-salvage-repair-hayfield-mn,unknown,unknown,Yes
https://junkyardsnearme.com/junkyards/north-carolina/7315600-goldsboro-scrap-metal-recycling-goldsboro-nc,unknown,unknown,Yes
https://junkyardsnearme.com/junkyards/iowa/10001663-smiths-auto-parts-sales-fairfield-ia,unknown,unknown,Yes
https://junkyardsnearme.com/junkyards/michigan/10001280-rays-auto-sales-berrien-springs-mi,unknown,unknown,Yes
https://junkyardsnearme.com/junkyards/mississippi/9998732-dillard-automotive-technology-ecru-ms,unknown,unknown,Yes
https://junkyardsnearme.com/junkyards/texas/9997481-action-auto-recycling-fort-worth-tx,unknown,unknown,Yes
https://junkyardsnearme.com/junkyards/california/9997590-all-japanese-auto-recycling-chula-vista-ca,unknown,unknown,Yes
https://junkyardsnearme.com/junkyards/british-columbia=&p=6,unknown,unknown,Yes
https://junkyardsnearme.com/junkyards/ohio/9998671-deer-creek-auto-parts-circleville-oh,unknown,unknown,Yes
https://junkyardsnearme.com/junkyards=&p=351?%2Fjunkyards=&p=352,unknown,unknown,Yes
https://junkyardsnearme.com/junkyards/louisiana/10001595-shed-road-auto-parts-bossier-city-la,unknown,unknown,Yes
https://junkyardsnearme.com/junkyards/ontario/8338314-cumberland-auto-parts-cumberland-on,unknown,unknown,Yes
https://junkyardsnearme.com/junkyards/pennsylvania/5337711-manton-auto-truck-parts-philadelphia-pa,unknown,unknown,Yes
https://junkyardsnearme.com/junkyards/new-york/9998471-action-auto-wreckers-massapequa-ny,unknown,unknown,Yes
https://junkyardsnearme.com/junkyards=&p=78?%2Fjunkyards=&p=77,unknown,unknown,Yes
https://junkyardsnearme.com/junkyards/idaho/9997579-all-foreign-imports-nampa-id,unknown,unknown,Yes
https://junkyardsnearme.com/junkyards/ontario=&p=10,unknown,unknown,Yes
https://junkyardsnearme.com/junkyards/florida/10001467-rusty-acres-automotive-jacksonville-fl,unknown,unknown,Yes
https://junkyardsnearme.com/junkyards/new-mexico=&p=1?%2Fjunkyards%2Fnew-mexico=&p=2,unknown,unknown,Yes
https://junkyardsnearme.com/junkyards/minnesota/9997707-aps-automotive-parts-solutions-rockville-mn,unknown,unknown,Yes
https://junkyardsnearme.com/junkyards/pennsylvania/9997685-andrews-auto-salvage-eldred-pa,unknown,unknown,Yes
https://junkyardsnearme.com/junkyards/florida=&p=23,unknown,unknown,Yes
https://junkyardsnearme.com/junkyards/quebec/10001114-pieces-d-autos-st-anne-sainte-anne-des-plaines-qc,unknown,unknown,Yes
https://junkyardsnearme.com/junkyards/oregon/10000133-lindell-auto-truck-parts-pendleton-or,unknown,unknown,Yes
https://junkyardsnearme.com/junkyards/michigan=&p=15,unknown,unknown,Yes
https://junkyardsnearme.com/junkyards/illinois=&p=3?%2Fjunkyards%2Fillinois=&p=4,unknown,unknown,Yes
https://junkyardsnearme.com/junkyards/colorado/9997540-als-auto-parts-denver-co,unknown,unknown,Yes
https://junkyardsnearme.com/junkyards/new-jersey/10001932-callan-salvage-apparisal-co-great-meadows-nj,unknown,unknown,Yes
https://junkyardsnearme.com/junkyards/wisconsin,unknown,unknown,Yes
https://junkyardsnearme.com/junkyards=&p=107?%2Fjunkyards=&p=106,unknown,unknown,Yes
https://junkyardsnearme.com/junkyards/new-jersey/10000638-mikes-auto-wrecking-orange-nj,unknown,unknown,Yes
https://junkyardsnearme.com/junkyards/california=&p=8,unknown,unknown,Yes
https://junkyardsnearme.com/junkyards=&p=501?%2Fjunkyards=&p=500,unknown,unknown,Yes
https://junkyardsnearme.com/junkyards=&p=49?%2Fjunkyards=&p=50,unknown,unknown,Yes
https://junkyardsnearme.com/junkyards/indiana/4849780-happy-import-auto-salvage-indianapolis-in,unknown,unknown,Yes
https://junkyardsnearme.com/junkyards/california=&p=6?%2Fjunkyards%2Fcalifornia=&p=7,unknown,unknown,Yes
https://junkyardsnearme.com/junkyards=&p=69?%2Fjunkyards=&p=70,unknown,unknown,Yes
https://junkyardsnearme.com/junkyards/indiana/7581130-dads-truck-auto-cicero-in,unknown,unknown,Yes
https://junkyardsnearme.com/junkyards/rhode-island/10000292-a-m-international-auto-salvage-providence-ri,unknown,unknown,Yes
https://junkyardsnearme.com/junkyards=&p=163,unknown,unknown,Yes
https://junkyardsnearme.com/junkyards/arizona=&p=2?%2Fjunkyards%2Farizona=&p=3,unknown,unknown,Yes
https://junkyardsnearme.com/junkyards/florida/9998055-bradford-auto-parts-salvage-starke-fl,unknown,unknown,Yes
https://junkyardsnearme.com/junkyards/ohio/4437451-parsons-auto-parts-columbus-oh,unknown,unknown,Yes
https://junkyardsnearme.com/junkyards/illinois/10000138-lkq-a-reliable-auto-parts-blue-island-il,unknown,unknown,Yes
https://junkyardsnearme.com/junkyards/california/9999166-fresno-foreign-wrecking-fresno-ca,unknown,unknown,Yes
https://junkyardsnearme.com/junkyards/georgia/9999320-gray-white-auto-parts-atlanta-ga,unknown,unknown,Yes
https://junkyardsnearme.com/junkyards=&p=154?%2Fjunkyards=&p=155,unknown,unknown,Yes
https://junkyardsnearme.com/junkyards/pennsylvania/10001730-spook-hollow-auto-wreckers-linden-pa,unknown,unknown,Yes
https://junkyardsnearme.com/junkyards/quebec/10001118-pieces-dautos-007-st-valerien-qc,unknown,unknown,Yes
https://junkyardsnearme.com/junkyards/new-york/9998399-cash-for-junk-cars-junkyard-direct-freeport-ny,unknown,unknown,Yes
https://junkyardsnearme.com/junkyards/indiana/10001869-the-new-country-auto-parts-indianapolis-in,unknown,unknown,Yes
https://junkyardsnearme.com/junkyards/north-carolina/9999047-exum-auto-salvage-marble-nc,unknown,unknown,Yes
https://junkyardsnearme.com/junkyards=&p=161?%2Fjunkyards=&p=160,unknown,unknown,Yes
https://junkyardsnearme.com/junkyards/south-carolina/9997347-52-auto-salvage-llc-salters-sc,unknown,unknown,Yes
https://junkyardsnearme.com/junkyards/ontario/10001153-plazek-auto-recyclers-caistor-centre-on,unknown,unknown,Yes
https://junkyardsnearme.com/junkyards/new-york/4951774-big-apple-auto-inc-brooklyn-ny,unknown,unknown,Yes
https://junkyardsnearme.com/junkyards/west-virginia/7392776-rasco-used-truck-parts-flemington-wv,unknown,unknown,Yes
https://junkyardsnearme.com/junkyards/alabama/9999436-hearns-salvage-company-arley-al,unknown,unknown,Yes
https://junkyardsnearme.com/junkyards/california/9998547-crystal-auto-wrecking-sun-valley-ca,unknown,unknown,Yes
https://junkyardsnearme.com/junkyards/new-hampshire/10001410-roccos-used-auto-parts-salem-nh,unknown,unknown,Yes
https://junkyardsnearme.com/junkyards/ohio/9998036-bobst-auto-salvage-beaver-oh,unknown,unknown,Yes
https://junkyardsnearme.com/junkyards/california/10000239-lkq-stockton-stockton-ca,unknown,unknown,Yes
https://junkyardsnearme.com/junkyards/colorado/9998075-brighton-truck-parts-brighton-co,unknown,unknown,Yes
https://junkyardsnearme.com/junkyards/pennsylvania/3688831-john-wagner-sons-foreign-auto-harmony-pa,unknown,unknown,Yes
https://junkyardsnearme.com/junkyards/california/9999154-freddys-auto-wrecking-san-diego-ca,unknown,unknown,Yes
https://junkyardsnearme.com/junkyards/georgia/7553595-c-l-used-auto-parts-atlanta-ga,unknown,unknown,Yes
https://junkyardsnearme.com/junkyards/texas/9997264-a-plus-auto-salvage-fort-worth-tx,unknown,unknown,Yes
https://junkyardsnearme.com/junkyards/ohio/9998508-countyline-auto-wrecking-geneva-oh,unknown,unknown,Yes
https://junkyardsnearme.com/junkyards/california/9997776-auto-imports-usa-rancho-cordova-ca,unknown,unknown,Yes
https://junkyardsnearme.com/junkyards/virginia=&p=3,unknown,unknown,Yes
https://junkyardsnearme.com/junkyards/michigan=&p=10?%2Fjunkyards%2Fmichigan=&p=9,unknown,unknown,Yes
https://junkyardsnearme.com/junkyards/north-carolina/9999119-foss-auto-recycling-la-grange-nc,unknown,unknown,Yes
https://junkyardsnearme.com/junkyards=&p=456?%2Fjunkyards=&p=455,unknown,unknown,Yes
https://junkyardsnearme.com/junkyards/florida/10000787-neese-auto-salvage-cantonment-fl,unknown,unknown,Yes
https://junkyardsnearme.com/junkyards/ohio?%2Fjunkyards%2Fohio=&p=2,unknown,unknown,Yes
https://junkyardsnearme.com/junkyards/connecticut/10000306-rpm-enterprises-inc-thompson-ct,unknown,unknown,Yes
https://junkyardsnearme.com/junkyards/alabama/9997999-billys-auto-salvage-cullman-al,unknown,unknown,Yes
https://junkyardsnearme.com/junkyards/ontario/10000811-nicklin-auto-parts-recyclers-guelph-on,unknown,unknown,Yes
https://junkyardsnearme.com/junkyards=&p=32?%2Fjunkyards=&p=33,unknown,unknown,Yes
https://junkyardsnearme.com/junkyards/iowa/2680041-king-automotive-salvage-center-cedar-falls-ia,unknown,unknown,Yes
https://junkyardsnearme.com/junkyards/georgia/9998001-bimmer-motor-world-winder-ga,unknown,unknown,Yes
https://junkyardsnearme.com/junkyards/ohio/9999874-k-g-automotive-delta-oh,unknown,unknown,Yes
https://junkyardsnearme.com/junkyards/florida/9997299-a-1-used-auto-truck-saint-augustine-fl,unknown,unknown,Yes
https://junkyardsnearme.com/junkyards=&p=240?%2Fjunkyards=&p=239,unknown,unknown,Yes
https://junkyardsnearme.com/junkyards/california/8886481-u-i-auto-parts-san-bernardino-ca,unknown,unknown,Yes
https://junkyardsnearme.com/junkyards/nevada/6442027-all-japanese-auto-las-vegas-nv,unknown,unknown,Yes
https://junkyardsnearme.com/junkyards/ohio/9998147-bumper-to-bumper-auto-recyclers-akron-oh,unknown,unknown,Yes
https://junkyardsnearme.com/junkyards/new-jersey/9998883-gator-towing-toms-river-nj,unknown,unknown,Yes
https://junkyardsnearme.com/junkyards=&p=217,unknown,unknown,Yes
https://junkyardsnearme.com/junkyards/florida=&p=4,unknown,unknown,Yes
https://junkyardsnearme.com/junkyards/tennessee/10001276-rawls-sons-auto-salvage-springfield-tn,unknown,unknown,Yes
https://junkyardsnearme.com/junkyards/north-dakota/8450171-gille-auto-valley-city-nd,unknown,unknown,Yes
https://junkyardsnearme.com/junkyards/ontario/10000668-modern-auto-parts-limited-scotland-on,unknown,unknown,Yes
https://junkyardsnearme.com/junkyards/florida/9997487-ad-used-auto-truck-parts-miami-fl,unknown,unknown,Yes
https://junkyardsnearme.com/junkyards/west-virginia/9999152-fred-jacks-auto-salvage-princeton-wv,unknown,unknown,Yes
https://junkyardsnearme.com/junkyards=&p=188?%2Fjunkyards=&p=189,unknown,unknown,Yes
https://junkyardsnearme.com/junkyards/texas/9997399-aaa-auto-recyclers-dallas-tx,unknown,unknown,Yes
https://junkyardsnearme.com/junkyards/arkansas/10001782-strops-auto-sales-salvage-osceola-ar,unknown,unknown,Yes
https://junkyardsnearme.com/junkyards=&p=438?%2Fjunkyards=&p=437,unknown,unknown,Yes
https://junkyardsnearme.com/junkyards/new-jersey/10001012-patriot-automotive-camden-nj,unknown,unknown,Yes
https://junkyardsnearme.com/junkyards/south-carolina/10001476-s-m-auto-parts-llc-belton-sc,unknown,unknown,Yes
https://junkyardsnearme.com/junkyards/iowa/8246686-a-l-auto-parts-holland-ia,unknown,unknown,Yes
https://junkyardsnearme.com/junkyards/arizona/10001027-pennington-auto-parts-phoenix-az,unknown,unknown,Yes
https://junkyardsnearme.com/junkyards/north-carolina=&p=13?%2Fjunkyards%2Fnorth-carolina=&p=12,unknown,unknown,Yes
https://junkyardsnearme.com/junkyards/florida/6889401-corvette-hangout-opa-locka-fl,unknown,unknown,Yes
https://junkyardsnearme.com/junkyards/texas/3807487-wholesale-parts-direct-austin-tx,unknown,unknown,Yes
https://junkyardsnearme.com/junkyards/north-carolina/9999298-good-used-auto-parts-burlington-nc,unknown,unknown,Yes
https://junkyardsnearme.com/junkyards/minnesota/9999390-harleys-auto-salvage-faribault-mn,unknown,unknown,Yes
https://junkyardsnearme.com/junkyards/missouri/10001284-reaves-auto-salvage-hillsboro-mo,unknown,unknown,Yes
https://junkyardsnearme.com/junkyards=&p=413?%2Fjunkyards=&p=414,unknown,unknown,Yes
https://junkyardsnearme.com/junkyards/oregon=&p=8,unknown,unknown,Yes
https://junkyardsnearme.com/junkyards=&p=202?%2Fjunkyards=&p=201,unknown,unknown,Yes
https://junkyardsnearme.com/junkyards/nova-scotia/9998512-coveys-auto-recycler-hubbards-ns,unknown,unknown,Yes
https://junkyardsnearme.com/junkyards/arkansas/10000187-lkq-jonesboro-jonesboro-ar,unknown,unknown,Yes
https://junkyardsnearme.com/junkyards=&p=315?%2Fjunkyards=&p=316,unknown,unknown,Yes
https://junkyardsnearme.com/junkyards/new-hampshire/9999749-jack-mansurs-auto-llc-pelham-nh,unknown,unknown,Yes
https://junkyardsnearme.com/junkyards/ohio/9998371-cleveland-power-performance-columbia-station-oh,unknown,unknown,Yes
https://junkyardsnearme.com/junkyards/arizona/8403263-all-arizona-auto-recycling-phoenix-az,unknown,unknown,Yes
https://junkyardsnearme.com/junkyards/oklahoma/10000777-nations-parts-llc-oklahoma-city-ok,unknown,unknown,Yes
https://junkyardsnearme.com/junkyards/mississippi/8386060-county-line-auto-salvage-byhalia-ms,unknown,unknown,Yes
https://junkyardsnearme.com/junkyards=&p=228?%2Fjunkyards=&p=227,unknown,unknown,Yes
https://junkyardsnearme.com/junkyards/california/4362436-astro-auto-wrecking-wilmington-ca,unknown,unknown,Yes
https://junkyardsnearme.com/junkyards/washington/8471922-meridian-auto-wrecking-graham-wa,unknown,unknown,Yes
https://junkyardsnearme.com/junkyards/kansas=&p=3?%2Fjunkyards%2Fkansas=&p=2,unknown,unknown,Yes
https://junkyardsnearme.com/junkyards=&p=406,unknown,unknown,Yes
https://junkyardsnearme.com/junkyards/new-hampshire/9999608-general-auto-salvage-co-claremont-nh,unknown,unknown,Yes
https://junkyardsnearme.com/junkyards/florida/10000153-lkq-bonifay-bonifay-fl,unknown,unknown,Yes
https://junkyardsnearme.com/junkyards/new-hampshire/5856601-car-guyz-auto-recyclers-fitzwilliam-nh,unknown,unknown,Yes
https://junkyardsnearme.com/junkyards=&p=108,unknown,unknown,Yes
https://junkyardsnearme.com/junkyards=&p=475,unknown,unknown,Yes
https://junkyardsnearme.com/junkyards/pennsylvania/9997726-arpol-auto-parts-philadelphia-pa,unknown,unknown,Yes
https://junkyardsnearme.com/junkyards=&p=194?%2Fjunkyards=&p=193,unknown,unknown,Yes
https://junkyardsnearme.com/junkyards/michigan/9998081-broadway-auto-parts-hamtramck-mi,unknown,unknown,Yes
https://junkyardsnearme.com/junkyards/rhode-island=&p=2?%2Fjunkyards%2Frhode-island=&p=3,unknown,unknown,Yes
https://junkyardsnearme.com/junkyards=&p=388,unknown,unknown,Yes
https://junkyardsnearme.com/junkyards/illinois=&p=11,unknown,unknown,Yes
https://junkyardsnearme.com/junkyards/ontario/8814832-green-car-inc-ajax-on,unknown,unknown,Yes
https://junkyardsnearme.com/junkyards/california=&p=24?%2Fjunkyards%2Fcalifornia=&p=23,unknown,unknown,Yes
https://junkyardsnearme.com/junkyards/virginia=&p=13,unknown,unknown,Yes
https://junkyardsnearme.com/junkyards/north-carolina=&p=10?%2Fjunkyards%2Fnorth-carolina=&p=9,unknown,unknown,Yes
https://junkyardsnearme.com/junkyards=&p=76,unknown,unknown,Yes
https://junkyardsnearme.com/junkyards=&p=33?%2Fjunkyards=&p=34,unknown,unknown,Yes
https://junkyardsnearme.com/junkyards/illinois/9997996-billie-jos-parts-towing-peoria-il,unknown,unknown,Yes
https://junkyardsnearme.com/junkyards/texas/6728542-abilene-auto-wrecking-abilene-tx,unknown,unknown,Yes
https://junkyardsnearme.com/junkyards/pennsylvania/10000218-lkq-penn-mar-york-haven-pa,unknown,unknown,Yes
https://junkyardsnearme.com/junkyards/rhode-island/10000421-martin-son-used-auto-parts-scrap-westerly-ri,unknown,unknown,Yes
https://junkyardsnearme.com/junkyards/new-jersey/10001624-cash-for-junk-cars-elizabeth-nj,unknown,unknown,Yes
https://junkyardsnearme.com/junkyards/massachusetts/9999026-car-heaven-junk-car-removal-berlin-ma,unknown,unknown,Yes
https://junkyardsnearme.com/junkyards/new-york/2861616-d-d-truck-parts-bellport-ny,unknown,unknown,Yes
https://junkyardsnearme.com/junkyards=&p=490,unknown,unknown,Yes
https://junkyardsnearme.com/junkyards/arizona/9375899-amc-4x4-salvage-inc-glendale-az,unknown,unknown,Yes
https://junkyardsnearme.com/junkyards/new-york/10001589-a-part-auto-salvage-maspeth-ny,unknown,unknown,Yes
https://junkyardsnearme.com/junkyards/texas/9997560-all-imports-auto-salvage-el-paso-tx,unknown,unknown,Yes
https://junkyardsnearme.com/junkyards=&p=231?%2Fjunkyards=&p=230,unknown,unknown,Yes
https://junkyardsnearme.com/junkyards/new-york/10000156-lkq-buffalo-buffalo-ny,unknown,unknown,Yes
https://junkyardsnearme.com/junkyards/new-jersey/3475800-north-jersey-auto-wreckers-andover-nj,unknown,unknown,Yes
https://junkyardsnearme.com/junkyards/california/7835216-auto-gator-roseville-roseville-ca,unknown,unknown,Yes
https://junkyardsnearme.com/junkyards/new-york/9998382-flushing-auto-salvage-inc-corona-ny,unknown,unknown,Yes
https://junkyardsnearme.com/junkyards=&p=500?%2Fjunkyards=&p=501,unknown,unknown,Yes
https://junkyardsnearme.com/junkyards/california/3799693-junk-a-car-oakland-ca,unknown,unknown,Yes
https://junkyardsnearme.com/junkyards/north-carolina/9999234-german-motor-werks-inc-spindale-nc,unknown,unknown,Yes
https://junkyardsnearme.com/junkyards/new-jersey/9998456-getjunked-com-newark-nj,unknown,unknown,Yes
https://junkyardsnearme.com/junkyards/florida/1357908-bowtie-classic-parts-tavares-fl,unknown,unknown,Yes
https://junkyardsnearme.com/junkyards/british-columbia/9997484-action-truck-parts-surrey-bc,unknown,unknown,Yes
https://junkyardsnearme.com/junkyards=&p=123?%2Fjunkyards=&p=124,unknown,unknown,Yes
https://junkyardsnearme.com/junkyards=&p=423?%2Fjunkyards=&p=424,unknown,unknown,Yes
https://junkyardsnearme.com/junkyards=&p=237?%2Fjunkyards=&p=238,unknown,unknown,Yes
https://junkyardsnearme.com/junkyards/louisiana=&p=2?%2Fjunkyards%2Flouisiana=&p=1,unknown,unknown,Yes
https://junkyardsnearme.com/junkyards=&p=269?%2Fjunkyards=&p=270,unknown,unknown,Yes
https://junkyardsnearme.com/junkyards/north-carolina/10000116-lewis-auto-sales-inc-supply-nc,unknown,unknown,Yes
https://junkyardsnearme.com/junkyards/new-jersey/9998406-clyde-auto-recycling-inc-south-amboy-nj,unknown,unknown,Yes
https://junkyardsnearme.com/junkyards/ontario/9997687-andys-auto-wreckers-london-on,unknown,unknown,Yes
https://junkyardsnearme.com/junkyards/california/7780853-west-coast-auto-parts-los-angeles-ca,unknown,unknown,Yes
https://junkyardsnearme.com/junkyards/texas/10000210-lkq-north-texas-hutchins-tx,unknown,unknown,Yes
https://junkyardsnearme.com/junkyards/new-jersey=&p=10?%2Fjunkyards%2Fnew-jersey=&p=9,unknown,unknown,Yes
https://junkyardsnearme.com/junkyards/virginia/10001601-shenandoah-auto-salvage-stuarts-draft-va,unknown,unknown,Yes
https://junkyardsnearme.com/junkyards/georgia/9997935-bells-motors-towing-carrollton-ga,unknown,unknown,Yes
https://junkyardsnearme.com/junkyards=&p=128?%2Fjunkyards=&p=127,unknown,unknown,Yes
https://junkyardsnearme.com/junkyards/virginia/9999821-johnsons-mustang-truck-parts-chesapeake-va,unknown,unknown,Yes
https://junkyardsnearme.com/junkyards/ohio/9997436-abes-auto-parts-toledo-oh,unknown,unknown,Yes
https://junkyardsnearme.com/junkyards/texas/9997490-adams-auto-sales-parts-houston-tx,unknown,unknown,Yes
https://junkyardsnearme.com/junkyards=&p=106,unknown,unknown,Yes
https://junkyardsnearme.com/junkyards/arizona,unknown,unknown,Yes
https://junkyardsnearme.com/junkyards/british-columbia/9998409-coast-import-auto-supply-richmond-bc,unknown,unknown,Yes
https://junkyardsnearme.com/junkyards/new-jersey/10001931-kucharskis-salvage-hackettstown-nj,unknown,unknown,Yes
https://junkyardsnearme.com/junkyards/louisiana=&p=4?%2Fjunkyards%2Flouisiana=&p=3,unknown,unknown,Yes
https://junkyardsnearme.com/junkyards/virginia/9998439-complete-auto-parts-suffolk-va,unknown,unknown,Yes
https://junkyardsnearme.com/junkyards/michigan/2413600-sottiles-auto-parts-inc-frenchtown-mi,unknown,unknown,Yes
https://junkyardsnearme.com/junkyards/massachusetts/9999236-kiser-automotive-needham-heights-ma,unknown,unknown,Yes
https://junkyardsnearme.com/junkyards/north-carolina/3331007-salvage-auto-supplies-charlotte-nc,unknown,unknown,Yes
https://junkyardsnearme.com/junkyards/florida/9998176-cairo-lane-used-auto-parts-opa-locka-fl,unknown,unknown,Yes
https://junkyardsnearme.com/junkyards/new-york/9997944-bennys-auto-salvage-nunda-ny,unknown,unknown,Yes
https://junkyardsnearme.com/junkyards/massachusetts/10000495-murphys-auto-salvage-inc-west-wareham-ma,unknown,unknown,Yes
https://junkyardsnearme.com/junkyards/ohio/9999904-kennys-auto-wrecking-lima-oh,unknown,unknown,Yes
https://junkyardsnearme.com/junkyards=&p=437?%2Fjunkyards=&p=436,unknown,unknown,Yes
https://junkyardsnearme.com/junkyards/virginia/10000241-lkq-north-virginia-dumfries-va,unknown,unknown,Yes
https://junkyardsnearme.com/junkyards=&p=84,unknown,unknown,Yes
https://junkyardsnearme.com/junkyards=&p=369?%2Fjunkyards=&p=370,unknown,unknown,Yes
https://junkyardsnearme.com/junkyards=&p=27,unknown,unknown,Yes
https://junkyardsnearme.com/junkyards/south-dakota/10000825-nordstroms-automotive-garretson-sd,unknown,unknown,Yes
https://junkyardsnearme.com/junkyards/indiana/10001137-pierce-auto-parts-cicero-in,unknown,unknown,Yes
https://junkyardsnearme.com/junkyards=&p=476?%2Fjunkyards=&p=477,unknown,unknown,Yes
https://junkyardsnearme.com/junkyards=&p=85,unknown,unknown,Yes
https://junkyardsnearme.com/junkyards/new-jersey=&p=4?%2Fjunkyards%2Fnew-jersey=&p=5,unknown,unknown,Yes
https://junkyardsnearme.com/junkyards/california/7687604-california-auto-wrecking-sun-valley-ca,unknown,unknown,Yes
https://junkyardsnearme.com/junkyards/virginia/3821682-agees-auto-parts-christiansburg-va,unknown,unknown,Yes
https://junkyardsnearme.com/junkyards=&p=129,unknown,unknown,Yes
https://junkyardsnearme.com/junkyards=&p=216,unknown,unknown,Yes
https://junkyardsnearme.com/junkyards=&p=173,unknown,unknown,Yes
https://junkyardsnearme.com/junkyards/alberta/9997295-a-1-parts-for-less-calgary-ab,unknown,unknown,Yes
https://junkyardsnearme.com/junkyards/florida/9378348-teddy-bears-auto-salvage-holiday-fl,unknown,unknown,Yes
https://junkyardsnearme.com/junkyards/north-carolina=&p=19,unknown,unknown,Yes
https://junkyardsnearme.com/junkyards=&p=34,unknown,unknown,Yes
https://junkyardsnearme.com/junkyards/british-columbia=&p=4?%2Fjunkyards%2Fbritish-columbia=&p=5,unknown,unknown,Yes
https://junkyardsnearme.com/junkyards/new-york/9999411-brewster-auto-wrecking-parts-brewster-ny,unknown,unknown,Yes
https://junkyardsnearme.com/junkyards/new-hampshire/10000578-dans-service-center-lancaster-nh,unknown,unknown,Yes
https://junkyardsnearme.com/junkyards/quebec/10000219-lkq-pintendre-autos-inc-pintendre-qc,unknown,unknown,Yes
https://junkyardsnearme.com/junkyards/new-jersey/9998463-colantuono-klurman-associates-inc-newark-nj,unknown,unknown,Yes
https://junkyardsnearme.com/junkyards/massachusetts/10000322-center-repair-machine-co-kingston-ma,unknown,unknown,Yes
https://junkyardsnearme.com/junkyards/texas/9997634-alpha-omega-imports-kennedale-tx,unknown,unknown,Yes
https://junkyardsnearme.com/junkyards=&p=135?%2Fjunkyards=&p=134,unknown,unknown,Yes
https://junkyardsnearme.com/junkyards/ohio/9997537-akron-auto-wrecking-akron-oh,unknown,unknown,Yes
https://junkyardsnearme.com/junkyards/tennessee/9999669-imports-of-lavergne-auto-salvage-la-vergne-tn,unknown,unknown,Yes
https://junkyardsnearme.com/junkyards=&p=97,unknown,unknown,Yes
https://junkyardsnearme.com/junkyards/california/7272316-carols-automotive-corvette-dismantler-santa-clara-ca,unknown,unknown,Yes
https://junkyardsnearme.com/junkyards/tennessee/9997249-a-r-auto-salvage-used-cars-atoka-tn,unknown,unknown,Yes
https://junkyardsnearme.com/junkyards/new-york/9999835-julianos-auto-parts-sodus-ny,unknown,unknown,Yes
https://junkyardsnearme.com/junkyards/florida/7837003-redline-performance-pompano-beach-fl,unknown,unknown,Yes
https://junkyardsnearme.com/junkyards/new-jersey/9999861-peak-kaars-inc-trenton-nj,unknown,unknown,Yes
https://junkyardsnearme.com/junkyards=&p=314,unknown,unknown,Yes
https://junkyardsnearme.com/junkyards/kentucky/9997438-abr-auto-recyclers-richmond-ky,unknown,unknown,Yes
https://junkyardsnearme.com/junkyards=&p=255?%2Fjunkyards=&p=256,unknown,unknown,Yes
https://junkyardsnearme.com/junkyards/new-york/9997303-a-automotive-salvage-inc-mayville-ny,unknown,unknown,Yes
https://junkyardsnearme.com/junkyards/california/10000178-lkq-specialized-parts-fresno-fresno-ca,unknown,unknown,Yes
https://junkyardsnearme.com/junkyards/new-hampshire/9997680-anchor-used-auto-parts-plaistow-nh,unknown,unknown,Yes
https://junkyardsnearme.com/junkyards/new-jersey/10001331-big-a-auto-sales-spotswood-nj,unknown,unknown,Yes
https://junkyardsnearme.com/junkyards/nebraska=&p=3?%2Fjunkyards%2Fnebraska=&p=2,unknown,unknown,Yes
https://junkyardsnearme.com/junkyards/mississippi=&p=2?%2Fjunkyards%2Fmississippi=&p=3,unknown,unknown,Yes
https://junkyardsnearme.com/junkyards/california/10000192-lkq-pick-your-part-santa-fe-springs-santa-fe-springs-ca,unknown,unknown,Yes
https://junkyardsnearme.com/junkyards/new-jersey/9998388-hackensack-auto-wreckers-repair-hackensack-nj,unknown,unknown,Yes
https://junkyardsnearme.com/junkyards=&p=387?%2Fjunkyards=&p=386,unknown,unknown,Yes
https://junkyardsnearme.com/junkyards/florida/8964599-j-s-international-miami-fl,unknown,unknown,Yes
https://junkyardsnearme.com/junkyards/pennsylvania/9999410-hartlaub-sons-used-auto-parts-littlestown-pa,unknown,unknown,Yes
https://junkyardsnearme.com/junkyards/north-carolina/10001965-triangle-auto-recyclers-durham-nc,unknown,unknown,Yes
https://junkyardsnearme.com/junkyards/indiana/10001278-rays-auto-parts-amboy-in,unknown,unknown,Yes
https://junkyardsnearme.com/junkyards/kansas/9999476-hess-sons-salvage-junction-city-ks,unknown,unknown,Yes
https://junkyardsnearme.com/junkyards=&p=385?%2Fjunkyards=&p=386,unknown,unknown,Yes
https://junkyardsnearme.com/junkyards/ontario/9998489-cookstown-auto-center-cookstown-on,unknown,unknown,Yes
https://junkyardsnearme.com/junkyards/newfoundland-and-labrador/9997100-nll-recycling-ltd-st-johns-nl,unknown,unknown,Yes
https://junkyardsnearme.com/junkyards/arizona/10000429-matador-auto-wrecking-phoenix-az,unknown,unknown,Yes
https://junkyardsnearme.com/junkyards/illinois=&p=5,unknown,unknown,Yes
https://junkyardsnearme.com/junkyards/california=&p=23?%2Fjunkyards%2Fcalifornia=&p=24,unknown,unknown,Yes
https://junkyardsnearme.com/junkyards=&p=88?%2Fjunkyards=&p=87,unknown,unknown,Yes
https://junkyardsnearme.com/junkyards/kentucky/10000962-overland-rovers-llc-glasgow-ky,unknown,unknown,Yes
https://junkyardsnearme.com/junkyards/british-columbia/7241021-sherwoods-auto-parts-ltd-port-alberni-bc,unknown,unknown,Yes
https://junkyardsnearme.com/junkyards/florida=&p=7,unknown,unknown,Yes
https://junkyardsnearme.com/junkyards/new-jersey=&p=10,unknown,unknown,Yes
https://junkyardsnearme.com/junkyards/alabama/9997770-auto-city-anniston-al,unknown,unknown,Yes
https://junkyardsnearme.com/junkyards/georgia/9999319-gray-white-auto-parts-carrollton-ga,unknown,unknown,Yes
https://junkyardsnearme.com/junkyards/iowa/9999570-hook-er-towing-cedar-rapids-ia,unknown,unknown,Yes
https://junkyardsnearme.com/junkyards/pennsylvania=&p=17?%2Fjunkyards%2Fpennsylvania=&p=18,unknown,unknown,Yes
https://junkyardsnearme.com/junkyards/new-jersey/9998736-dirkes-used-auto-parts-mays-landing-nj,unknown,unknown,Yes
https://junkyardsnearme.com/junkyards/north-carolina/10000115-lewis-auto-parts-leland-nc,unknown,unknown,Yes
https://junkyardsnearme.com/junkyards/virginia/9998365-claytons-auto-parts-carrollton-va,unknown,unknown,Yes
https://junkyardsnearme.com/junkyards/massachusetts/9999254-lagasse-removal-llc-haverhill-ma,unknown,unknown,Yes
https://junkyardsnearme.com/junkyards/michigan=&p=1?%2Fjunkyards%2Fmichigan=&p=2,unknown,unknown,Yes
https://junkyardsnearme.com/junkyards=&p=381,unknown,unknown,Yes
https://junkyardsnearme.com/junkyards/new-hampshire/8763961-daves-automotive-enterprises-marlborough-nh,unknown,unknown,Yes
https://junkyardsnearme.com/junkyards=&p=159,unknown,unknown,Yes
https://junkyardsnearme.com/junkyards=&p=212,unknown,unknown,Yes
https://junkyardsnearme.com/junkyards/illinois/10002072-w-w-auto-parts-blue-island-il,unknown,unknown,Yes
https://junkyardsnearme.com/junkyards/california/6353800-rancho-jeep-recyclers-rancho-cordova-ca,unknown,unknown,Yes
https://junkyardsnearme.com/junkyards/new-york/9998391-junk-cars-nyc-new-hyde-park-ny,unknown,unknown,Yes
https://junkyardsnearme.com/junkyards/washington/10000470-mendozas-automotive-prosser-wa,unknown,unknown,Yes
https://junkyardsnearme.com/junkyards/texas/9999392-harolds-used-cars-parts-briggs-tx,unknown,unknown,Yes
https://junkyardsnearme.com/junkyards/florida/8790927-jerry-ulm-dodge-tampa-fl,unknown,unknown,Yes
https://junkyardsnearme.com/junkyards/idaho/9998251-cbass-payette-id,unknown,unknown,Yes
https://junkyardsnearme.com/junkyards/new-york/9998397-first-star-towing-inc-new-york-ny,unknown,unknown,Yes
https://junkyardsnearme.com/junkyards/alberta/9999107-foothills-mechanical-rocky-mountain-house-ab,unknown,unknown,Yes
https://junkyardsnearme.com/junkyards/new-jersey/9998862-central-jersey-auto-salvage-jackson-nj,unknown,unknown,Yes
https://junkyardsnearme.com/junkyards=&p=208?%2Fjunkyards=&p=207,unknown,unknown,Yes
https://junkyardsnearme.com/junkyards/colorado/10001418-rocky-mountain-roos-golden-co,unknown,unknown,Yes
https://junkyardsnearme.com/junkyards/indiana/10001783-stuckman-salvage-inc-syracuse-in,unknown,unknown,Yes
https://junkyardsnearme.com/junkyards/quebec=&p=5,unknown,unknown,Yes
https://junkyardsnearme.com/junkyards=&p=410?%2Fjunkyards=&p=411,unknown,unknown,Yes
https://junkyardsnearme.com/junkyards/oregon=&p=5,unknown,unknown,Yes
https://junkyardsnearme.com/junkyards/california/3437747-timos-auto-sales-arroyo-grande-ca,unknown,unknown,Yes
https://junkyardsnearme.com/junkyards/michigan/9999112-foreign-general-trading-warren-mi,unknown,unknown,Yes
https://junkyardsnearme.com/junkyards/north-carolina/9999776-jc-nizzan-thomasville-nc,unknown,unknown,Yes
https://junkyardsnearme.com/junkyards/new-hampshire/10000557-m-wool-recycling-exeter-nh,unknown,unknown,Yes
https://junkyardsnearme.com/junkyards/michigan/10001761-state-fair-auto-parts-highland-park-mi,unknown,unknown,Yes
https://junkyardsnearme.com/junkyards=&p=60?%2Fjunkyards=&p=61,unknown,unknown,Yes
https://junkyardsnearme.com/junkyards/indiana=&p=9?%2Fjunkyards%2Findiana=&p=10,unknown,unknown,Yes
https://junkyardsnearme.com/junkyards=&p=14?%2Fjunkyards=&p=15,unknown,unknown,Yes
https://junkyardsnearme.com/junkyards/new-hampshire/4832366-car-world-candia-nh,unknown,unknown,Yes
https://junkyardsnearme.com/junkyards/michigan/10001825-t-m-auto-salvage-canton-mi,unknown,unknown,Yes
https://junkyardsnearme.com/junkyards=&p=23?%2Fjunkyards=&p=22,unknown,unknown,Yes
https://junkyardsnearme.com/junkyards/minnesota=&p=8?%2Fjunkyards%2Fminnesota=&p=7,unknown,unknown,Yes
https://junkyardsnearme.com/junkyards/new-york/9998334-getjunked-com-llc-brooklyn-ny,unknown,unknown,Yes
https://junkyardsnearme.com/junkyards/north-carolina/10002079-wagners-auto-salvage-durham-nc,unknown,unknown,Yes
https://junkyardsnearme.com/junkyards/new-jersey/7012381-heavy-equipment-sales-florham-park-nj,unknown,unknown,Yes
https://junkyardsnearme.com/junkyards/new-york/9998340-luxury-auto-salvage-bronx-ny,unknown,unknown,Yes
https://junkyardsnearme.com/junkyards/idaho=&p=1,unknown,unknown,Yes
https://junkyardsnearme.com/junkyards/georgia/9997243-a-b-auto-salvage-inc-griffin-ga,unknown,unknown,Yes
https://junkyardsnearme.com/junkyards/nevada/9998737-dis-dat-auto-wrecking-las-vegas-nv,unknown,unknown,Yes
https://junkyardsnearme.com/junkyards/ontario/2425702-ontario-auto-salvage-oakville-on,unknown,unknown,Yes
https://junkyardsnearme.com/junkyards/virginia/10001600-shenandoah-auto-parts-roanoke-va,unknown,unknown,Yes
https://junkyardsnearme.com/junkyards/california/10000657-mission-auto-wrecking-goleta-ca,unknown,unknown,Yes
https://junkyardsnearme.com/junkyards/connecticut/9997939-belltown-recycling-center-east-hampton-ct,unknown,unknown,Yes
https://junkyardsnearme.com/junkyards/virginia/9997276-a-price-is-right-vinton-va,unknown,unknown,Yes
https://junkyardsnearme.com/junkyards/new-jersey/10001337-carlomagno-scrap-corporation-jersey-city-nj,unknown,unknown,Yes
https://junkyardsnearme.com/junkyards/minnesota=&p=8,unknown,unknown,Yes
https://junkyardsnearme.com/junkyards/washington=&p=2?%2Fjunkyards%2Fwashington=&p=3,unknown,unknown,Yes
https://junkyardsnearme.com/junkyards/idaho/7433546-forest-auto-parts-lewiston-id,unknown,unknown,Yes
https://junkyardsnearme.com/junkyards/alberta/10000321-lunds-auto-truck-parts-edmonton-ab,unknown,unknown,Yes
https://junkyardsnearme.com/junkyards=&p=194?%2Fjunkyards=&p=195,unknown,unknown,Yes
https://junkyardsnearme.com/junkyards/rhode-island=&p=2?%2Fjunkyards%2Frhode-island=&p=1,unknown,unknown,Yes
https://junkyardsnearme.com/junkyards/new-jersey=&p=8?%2Fjunkyards%2Fnew-jersey=&p=9,unknown,unknown,Yes
https://junkyardsnearme.com/junkyards/massachusetts=&p=1,unknown,unknown,Yes
https://junkyardsnearme.com/junkyards/washington/9999355-gundies-auto-recycling-battle-ground-wa,unknown,unknown,Yes
https://junkyardsnearme.com/junkyards/florida/6908762-4urparts-jacksonville-fl,unknown,unknown,Yes
https://junkyardsnearme.com/junkyards/florida/10002037-v-r-junkyard-used-auto-parts-miami-fl,unknown,unknown,Yes
https://junkyardsnearme.com/junkyards/ohio/4843100-keiffer-auto-recycling-canton-oh,unknown,unknown,Yes
https://junkyardsnearme.com/junkyards/florida/9998367-clearwater-auto-recycling-largo-fl,unknown,unknown,Yes
https://junkyardsnearme.com/junkyards=&p=52?%2Fjunkyards=&p=51,unknown,unknown,Yes
https://junkyardsnearme.com/junkyards/massachusetts/9999308-gradys-auto-truck-parts-seekonk-ma,unknown,unknown,Yes
https://junkyardsnearme.com/junkyards/minnesota/3526063-jacks-auto-parts-sauk-center-mn,unknown,unknown,Yes
https://junkyardsnearme.com/junkyards/connecticut/10000848-r-g-carting-and-recycling-llc-southington-ct,unknown,unknown,Yes
https://junkyardsnearme.com/junkyards/massachusetts/9999378-hank-zions-auto-salvage-middleboro-ma,unknown,unknown,Yes
https://junkyardsnearme.com/junkyards/virginia/4924772-taylor-motor-company-cumberland-va,unknown,unknown,Yes
https://junkyardsnearme.com/junkyards/new-jersey/9998386-gxr-auto-body-corporation-jersey-city-nj,unknown,unknown,Yes
https://junkyardsnearme.com/junkyards/colorado=&p=7?%2Fjunkyards%2Fcolorado=&p=8,unknown,unknown,Yes
https://junkyardsnearme.com/junkyards=&p=455,unknown,unknown,Yes
https://junkyardsnearme.com/junkyards/texas/2632633-luxury-mart-grand-prairie-tx,unknown,unknown,Yes
https://junkyardsnearme.com/junkyards/texas/9999201-garland-auto-recyclers-dallas-tx,unknown,unknown,Yes
https://junkyardsnearme.com/junkyards/british-columbia/10001141-pinedale-auto-wreckers-prince-george-bc,unknown,unknown,Yes
https://junkyardsnearme.com/junkyards/vermont/10000706-allen-auto-salvage-chelsea-vt,unknown,unknown,Yes
https://junkyardsnearme.com/junkyards/louisiana/10001143-pipes-auto-truck-parts-shreveport-la,unknown,unknown,Yes
https://junkyardsnearme.com/junkyards/michigan/10001788-subie-auto-sales-parts-llc-traverse-city-mi,unknown,unknown,Yes
https://junkyardsnearme.com/junkyards/ohio/9998730-dicks-auto-salvage-findlay-oh,unknown,unknown,Yes
https://junkyardsnearme.com/junkyards/alberta/9999898-kendale-truck-parts-edmonton-ab,unknown,unknown,Yes
https://junkyardsnearme.com/junkyards/florida/9420077-aunt-js-hubcaps-antiques-tallahassee-fl,unknown,unknown,Yes
https://junkyardsnearme.com/junkyards/new-york/10000725-b-b-salvage-chazy-ny,unknown,unknown,Yes
https://junkyardsnearme.com/junkyards/texas/9998892-eckert-sons-auto-parts-stonewall-tx,unknown,unknown,Yes
https://junkyardsnearme.com/junkyards/missouri/9999478-hi-tech-auto-truck-parts-llc-kaiser-mo,unknown,unknown,Yes
https://junkyardsnearme.com/junkyards/michigan/10000403-marek-auto-parts-ludington-mi,unknown,unknown,Yes
https://junkyardsnearme.com/junkyards/connecticut/10000843-marks-auto-parts-recyclers-inc-east-granby-ct,unknown,unknown,Yes
https://junkyardsnearme.com/junkyards/california/9997729-arrow-auto-salvage-fontana-ca,unknown,unknown,Yes
https://junkyardsnearme.com/junkyards/ontario/10000452-mcgregor-auto-parts-st-thomas-on,unknown,unknown,Yes
https://junkyardsnearme.com/junkyards=&p=252?%2Fjunkyards=&p=253,unknown,unknown,Yes
https://junkyardsnearme.com/junkyards=&p=5?%2Fjunkyards=&p=4,unknown,unknown,Yes
https://junkyardsnearme.com/junkyards/florida/9441137-bryants-auto-recyclers-pensacola-fl,unknown,unknown,Yes
https://junkyardsnearme.com/junkyards/saskatchewan/9997850-b-g-auto-wreckers-weyburn-sk,unknown,unknown,Yes
https://junkyardsnearme.com/junkyards/new-york/10001832-c-h-auto-salvage-campbell-hall-ny,unknown,unknown,Yes
https://junkyardsnearme.com/junkyards=&p=370?%2Fjunkyards=&p=369,unknown,unknown,Yes
https://junkyardsnearme.com/junkyards=&p=278,unknown,unknown,Yes
https://junkyardsnearme.com/junkyards=&p=396,unknown,unknown,Yes
https://junkyardsnearme.com/junkyards/florida=&p=27,unknown,unknown,Yes
https://junkyardsnearme.com/junkyards=&p=135?%2Fjunkyards=&p=136,unknown,unknown,Yes
https://junkyardsnearme.com/junkyards=&p=289?%2Fjunkyards=&p=288,unknown,unknown,Yes
https://junkyardsnearme.com/junkyards/ontario/9998261-central-auto-parts-service-thunder-bay-on,unknown,unknown,Yes
https://junkyardsnearme.com/junkyards/connecticut/9999922-copart-new-britain-ct,unknown,unknown,Yes
https://junkyardsnearme.com/junkyards/michigan/10001014-pay-less-4-parts-detroit-mi,unknown,unknown,Yes
https://junkyardsnearme.com/junkyards/california/9999093-five-stars-auto-dismantling-lancaster-ca,unknown,unknown,Yes
https://junkyardsnearme.com/junkyards/virginia/10001829-t-s-used-auto-parts-hampton-va,unknown,unknown,Yes
https://junkyardsnearme.com/junkyards=&p=105?%2Fjunkyards=&p=106,unknown,unknown,Yes
https://junkyardsnearme.com/junkyards/texas/9997322-a2z-auto-body-parts-dallas-tx,unknown,unknown,Yes
https://junkyardsnearme.com/junkyards/nebraska/10001446-roys-auto-stuart-ne,unknown,unknown,Yes
https://junkyardsnearme.com/junkyards/oklahoma=&p=6?%2Fjunkyards%2Foklahoma=&p=7,unknown,unknown,Yes
https://junkyardsnearme.com/junkyards/new-hampshire/10000294-epping-auto-sales-and-salvage-epping-nh,unknown,unknown,Yes
https://junkyardsnearme.com/junkyards/new-york/10001550-big-joe-rubbish-removal-bronx-ny,unknown,unknown,Yes
https://junkyardsnearme.com/junkyards/south-carolina/9998223-carguts-blacksburg-sc,unknown,unknown,Yes
https://junkyardsnearme.com/junkyards/arizona/2522122-hidden-valley-auto-parts-maricopa-az,unknown,unknown,Yes
https://junkyardsnearme.com/junkyards/california/7686608-import-parts-only-sun-valley-ca,unknown,unknown,Yes
https://junkyardsnearme.com/junkyards/iowa/10000112-leon-recycling-auto-parts-leon-ia,unknown,unknown,Yes
https://junkyardsnearme.com/junkyards/minnesota/9997752-atv-salvage-sales-north-branch-mn,unknown,unknown,Yes
https://junkyardsnearme.com/junkyards/alberta/3494691-eds-auto-salvage-westlock-ab,unknown,unknown,Yes
https://junkyardsnearme.com/junkyards/british-columbia/8548777-import-auto-recyclers-abbotsford-bc,unknown,unknown,Yes
https://junkyardsnearme.com/junkyards/tennessee/10000425-masseys-auto-parts-millington-tn,unknown,unknown,Yes
https://junkyardsnearme.com/junkyards/new-jersey/6563825-unique-scrap-auto-usa-jackson-nj,unknown,unknown,Yes
https://junkyardsnearme.com/junkyards/new-mexico/10000929-off-again-auto-farmington-nm,unknown,unknown,Yes
https://junkyardsnearme.com/junkyards/massachusetts/2493900-charlies-auto-parts-orange-ma,unknown,unknown,Yes
https://junkyardsnearme.com/junkyards=&p=45?%2Fjunkyards=&p=44,unknown,unknown,Yes
https://junkyardsnearme.com/junkyards=&p=16?%2Fjunkyards=&p=17,unknown,unknown,Yes
https://junkyardsnearme.com/junkyards/north-carolina/10001696-southern-imports-used-auto-parts-grover-nc,unknown,unknown,Yes
https://junkyardsnearme.com/junkyards/florida/3056344-specialists-parts-new-and-used-auto-parts-for-honda-and-acura-miami-fl,unknown,unknown,Yes
https://junkyardsnearme.com/junkyards=&p=101,unknown,unknown,Yes
https://junkyardsnearme.com/junkyards/rhode-island/9999374-halls-garage-north-scituate-ri,unknown,unknown,Yes
https://junkyardsnearme.com/junkyards/north-carolina/9999737-j-t-auto-parts-marion-nc,unknown,unknown,Yes
https://junkyardsnearme.com/junkyards/ontario/9997890-baker-auto-wreckers-london-on,unknown,unknown,Yes
https://junkyardsnearme.com/junkyards/ohio/10000275-adkins-auto-salvage-miamisburg-oh,unknown,unknown,Yes
https://junkyardsnearme.com/junkyards/maryland/10000422-maryland-used-auto-parts-joppa-md,unknown,unknown,Yes
https://junkyardsnearme.com/junkyards=&p=122,unknown,unknown,Yes
https://junkyardsnearme.com/junkyards/maine/10000683-pauls-pick-a-part-augusta-me,unknown,unknown,Yes
https://junkyardsnearme.com/junkyards/massachusetts/1309199-junk-car-removal-now-malden-ma,unknown,unknown,Yes
https://junkyardsnearme.com/junkyards/virginia/10000778-nationwide-auto-parts-mc-gaheysville-va,unknown,unknown,Yes
https://junkyardsnearme.com/junkyards=&p=274?%2Fjunkyards=&p=273,unknown,unknown,Yes
https://junkyardsnearme.com/junkyards/new-mexico/9997456-ace-auto-parts-albuquerque-nm,unknown,unknown,Yes
https://junkyardsnearme.com/junkyards/florida=&p=31?%2Fjunkyards%2Fflorida=&p=30,unknown,unknown,Yes
https://junkyardsnearme.com/junkyards=&p=77?%2Fjunkyards=&p=76,unknown,unknown,Yes
https://junkyardsnearme.com/junkyards/illinois/3954489-pick-n-pull-wadsworth-il,unknown,unknown,Yes
https://junkyardsnearme.com/junkyards/north-carolina/9999633-huffmans-garage-connelly-springs-nc,unknown,unknown,Yes
https://junkyardsnearme.com/junkyards=&p=236?%2Fjunkyards=&p=235,unknown,unknown,Yes
https://junkyardsnearme.com/junkyards/prince-edward-island/8822001-one-stop-auto-salvage-saint-louis-pe,unknown,unknown,Yes
https://junkyardsnearme.com/junkyards/texas/9998275-central-texas-auto-recyclers-brownwood-tx,unknown,unknown,Yes
https://junkyardsnearme.com/junkyards/florida/5923103-la-victoria-auto-parts-inc-miami-fl,unknown,unknown,Yes
https://junkyardsnearme.com/junkyards/illinois=&p=8?%2Fjunkyards%2Fillinois=&p=7,unknown,unknown,Yes
https://junkyardsnearme.com/junkyards=&p=371,unknown,unknown,Yes
https://junkyardsnearme.com/junkyards=&p=213,unknown,unknown,Yes
https://junkyardsnearme.com/junkyards/virginia/3525371-smiths-foreign-used-auto-parts-spout-spring-va,unknown,unknown,Yes
https://junkyardsnearme.com/junkyards/california/9997547-alameda-imports-los-angeles-ca,unknown,unknown,Yes
https://junkyardsnearme.com/junkyards/arizona/9997267-a-to-z-auto-phoenix-az,unknown,unknown,Yes
https://junkyardsnearme.com/junkyards=&p=443,unknown,unknown,Yes
https://junkyardsnearme.com/junkyards/ohio/10000932-ohio-steel-recycling-reynoldsburg-oh,unknown,unknown,Yes
https://junkyardsnearme.com/junkyards/wisconsin/3344653-daves-auto-recycling-west-bend-wi,unknown,unknown,Yes
https://junkyardsnearme.com/junkyards/ohio/4242733-arts-parts-middletown-oh,unknown,unknown,Yes
https://junkyardsnearme.com/junkyards/new-jersey/9998481-g-i-auto-salvage-co-inc-pine-brook-nj,unknown,unknown,Yes
https://junkyardsnearme.com/junkyards=&p=297,unknown,unknown,Yes
https://junkyardsnearme.com/junkyards/massachusetts/9999525-cody-tobin-inc-new-bedford-ma,unknown,unknown,Yes
https://junkyardsnearme.com/junkyards/michigan/10000792-neuners-automotive-recyclers-warren-mi,unknown,unknown,Yes
https://junkyardsnearme.com/junkyards/new-jersey/10001339-klein-junk-cars-hillsborough-nj,unknown,unknown,Yes
https://junkyardsnearme.com/junkyards=&p=98?%2Fjunkyards=&p=99,unknown,unknown,Yes
https://junkyardsnearme.com/junkyards/michigan/10001771-steves-auto-parts-midland-mi,unknown,unknown,Yes
https://junkyardsnearme.com/junkyards/british-columbia/10001281-rb-auto-parts-limited-maple-ridge-bc,unknown,unknown,Yes
https://junkyardsnearme.com/junkyards/texas/9997422-aarons-auto-parts-austin-tx,unknown,unknown,Yes
https://junkyardsnearme.com/junkyards/texas/9998146-bumper-mart-avalon-auto-parts-grand-prairie-tx,unknown,unknown,Yes
https://junkyardsnearme.com/junkyards/south-carolina/9997844-b-d-auto-parts-charleston-sc,unknown,unknown,Yes
https://junkyardsnearme.com/junkyards=&p=346?%2Fjunkyards=&p=347,unknown,unknown,Yes
https://junkyardsnearme.com/junkyards/alberta/2368116-affordable-auto-wrecking-calgary-ab,unknown,unknown,Yes
https://junkyardsnearme.com/junkyards/new-york/8765432-jim-coopers-used-auto-parts-averill-park-ny,unknown,unknown,Yes
https://junkyardsnearme.com/junkyards=&p=58,unknown,unknown,Yes
https://junkyardsnearme.com/junkyards/texas/6272900-southside-auto-parts-san-antonio-tx,unknown,unknown,Yes
https://junkyardsnearme.com/junkyards=&p=8,unknown,unknown,Yes
https://junkyardsnearme.com/junkyards/california/3797222-a-z-auto-body-parts-westminster-ca,unknown,unknown,Yes
https://junkyardsnearme.com/junkyards/california/9999893-kd-auto-dismantling-sun-valley-ca,unknown,unknown,Yes
https://junkyardsnearme.com/junkyards/oklahoma/9998579-d-v-salvage-ada-ok,unknown,unknown,Yes
https://junkyardsnearme.com/junkyards=&p=61?%2Fjunkyards=&p=60,unknown,unknown,Yes
https://junkyardsnearme.com/junkyards/illinois=&p=8,unknown,unknown,Yes
https://junkyardsnearme.com/junkyards/new-jersey/10001910-mazza-scrap-metal-llc-neptune-nj,unknown,unknown,Yes
https://junkyardsnearme.com/junkyards/indiana/9997466-ace-of-laporte-la-porte-in,unknown,unknown,Yes
https://junkyardsnearme.com/junkyards/florida=&p=12?%2Fjunkyards%2Fflorida=&p=11,unknown,unknown,Yes
https://junkyardsnearme.com/junkyards/alberta/10001163-popows-auto-wreckers-lacombe-ab,unknown,unknown,Yes
https://junkyardsnearme.com/junkyards/vermont/9998611-d-richard-automotive-colchester-vt,unknown,unknown,Yes
https://junkyardsnearme.com/junkyards/kentucky=&p=6?%2Fjunkyards%2Fkentucky=&p=7,unknown,unknown,Yes
https://junkyardsnearme.com/junkyards=&p=412?%2Fjunkyards=&p=411,unknown,unknown,Yes
https://junkyardsnearme.com/junkyards/kentucky=&p=3?%2Fjunkyards%2Fkentucky=&p=4,unknown,unknown,Yes
https://junkyardsnearme.com/junkyards/maine=&p=7?%2Fjunkyards%2Fmaine=&p=8,unknown,unknown,Yes
https://junkyardsnearme.com/junkyards=&p=1,unknown,unknown,Yes
https://junkyardsnearme.com/junkyards/new-jersey/10001839-bbc-scrap-metal-removal-paterson-nj,unknown,unknown,Yes
https://junkyardsnearme.com/junkyards/missouri/10000237-lkq-heavy-truck-marshfield-marshfield-mo,unknown,unknown,Yes
https://junkyardsnearme.com/junkyards/tennessee/9999895-keith-bowers-auto-sales-salvage-elizabethton-tn,unknown,unknown,Yes
https://junkyardsnearme.com/junkyards/illinois/10001456-route-14-auto-parts-woodstock-il,unknown,unknown,Yes
https://junkyardsnearme.com/junkyards=&p=106?%2Fjunkyards=&p=107,unknown,unknown,Yes
https://junkyardsnearme.com/junkyards/idaho/5366607-l-l-classic-auto-wendell-id,unknown,unknown,Yes
https://junkyardsnearme.com/junkyards/california/8467427-able-auto-wrecking-san-diego-ca,unknown,unknown,Yes
https://junkyardsnearme.com/junkyards/north-carolina=&p=1,unknown,unknown,Yes
https://junkyardsnearme.com/junkyards/british-columbia?%2Fjunkyards%2Fbritish-columbia=&p=2,unknown,unknown,Yes
https://junkyardsnearme.com/junkyards/wisconsin/10000273-lund-truck-auto-salvage-eleva-wi,unknown,unknown,Yes
https://junkyardsnearme.com/junkyards/california/10000226-lkq-rancho-cordova-rancho-cordova-ca,unknown,unknown,Yes
https://junkyardsnearme.com/junkyards/maryland/6205051-paradise-auto-parts-elkton-md,unknown,unknown,Yes
https://junkyardsnearme.com/junkyards/california/9999818-johns-used-cars-wreckers-eureka-ca,unknown,unknown,Yes
https://junkyardsnearme.com/junkyards/virginia/10000004-lacy-auto-parts-charles-city-va,unknown,unknown,Yes
https://junkyardsnearme.com/junkyards/newfoundland-and-labrador,unknown,unknown,Yes
https://junkyardsnearme.com/junkyards/alberta/9997736-astroid-auto-recyclers-calgary-ab,unknown,unknown,Yes
https://junkyardsnearme.com/junkyards/kansas/10000272-lumberts-auto-salvage-winfield-ks,unknown,unknown,Yes
https://junkyardsnearme.com/junkyards/kentucky=&p=7?%2Fjunkyards%2Fkentucky=&p=6,unknown,unknown,Yes
https://junkyardsnearme.com/junkyards=&p=354?%2Fjunkyards=&p=353,unknown,unknown,Yes
https://junkyardsnearme.com/junkyards/rhode-island/9997803-auto-recyclers-association-of-ri-cumberland-ri,unknown,unknown,Yes
https://junkyardsnearme.com/junkyards/massachusetts/10001026-penneys-auto-tewksbury-ma,unknown,unknown,Yes
https://junkyardsnearme.com/junkyards/texas/9997576-all-discount-auto-salvage-grand-prairie-tx,unknown,unknown,Yes
https://junkyardsnearme.com/junkyards/saskatchewan/10001583-sgi-salvage-saskatoon-saskatoon-sk,unknown,unknown,Yes
https://junkyardsnearme.com/junkyards/north-carolina/10001537-schronce-used-parts-cars-conover-nc,unknown,unknown,Yes
https://junkyardsnearme.com/junkyards/ontario/9998490-cooksville-auto-recyclers-mississauga-on,unknown,unknown,Yes
https://junkyardsnearme.com/junkyards/new-jersey/9998691-cash-4-junk-net-irvington-nj,unknown,unknown,Yes
https://junkyardsnearme.com/junkyards/florida/10000941-ole-south-auto-salvage-venus-fl,unknown,unknown,Yes
https://junkyardsnearme.com/junkyards/mississippi/9998190-calvins-auto-sales-mantee-ms,unknown,unknown,Yes
https://junkyardsnearme.com/junkyards/new-jersey/10001812-allstate-metals-inc-belleville-nj,unknown,unknown,Yes
https://junkyardsnearme.com/junkyards/massachusetts/10000280-liberty-impex-inc-ashland-ma,unknown,unknown,Yes
https://junkyardsnearme.com/junkyards/florida/9997900-barely-used-auto-parts-valrico-fl,unknown,unknown,Yes
https://junkyardsnearme.com/junkyards/pennsylvania/10001728-spitz-auto-parts-pittsburgh-pa,unknown,unknown,Yes
https://junkyardsnearme.com/junkyards=&p=78?%2Fjunkyards=&p=79,unknown,unknown,Yes
https://junkyardsnearme.com/junkyards=&p=66,unknown,unknown,Yes
https://junkyardsnearme.com/junkyards/ontario/10001532-schneiders-auto-wrecking-rostock-on,unknown,unknown,Yes
https://junkyardsnearme.com/junkyards/florida=&p=25?%2Fjunkyards%2Fflorida=&p=26,unknown,unknown,Yes
https://junkyardsnearme.com/junkyards/new-jersey=&p=4?%2Fjunkyards%2Fnew-jersey=&p=3,unknown,unknown,Yes
https://junkyardsnearme.com/junkyards/saskatchewan/9997196-5-mile-auto-wrecking-prince-albert-sk,unknown,unknown,Yes
https://junkyardsnearme.com/junkyards/iowa=&p=8,unknown,unknown,Yes
https://junkyardsnearme.com/junkyards/connecticut/10000875-m-jacobs-sons-inc-derby-ct,unknown,unknown,Yes
https://junkyardsnearme.com/junkyards/new-hampshire/10000577-dans-service-center-lancaster-nh,unknown,unknown,Yes
https://junkyardsnearme.com/junkyards/massachusetts/9999469-haverhill-steel-and-salvage-haverhill-ma,unknown,unknown,Yes
https://junkyardsnearme.com/junkyards=&p=472?%2Fjunkyards=&p=471,unknown,unknown,Yes
https://junkyardsnearme.com/junkyards/quebec=&p=1,unknown,unknown,Yes
https://junkyardsnearme.com/junkyards/arkansas/9997199-64-40-auto-salvage-russellville-ar,unknown,unknown,Yes
https://junkyardsnearme.com/junkyards/colorado=&p=9?%2Fjunkyards%2Fcolorado=&p=8,unknown,unknown,Yes
https://junkyardsnearme.com/junkyards/missouri/2746946-john-d-conner-auto-salvage-west-plains-mo,unknown,unknown,Yes
https://junkyardsnearme.com/junkyards=&p=512?%2Fjunkyards=&p=513,unknown,unknown,Yes
https://junkyardsnearme.com/junkyards/rhode-island/10000497-charles-scrap-metal-providence-ri,unknown,unknown,Yes
https://junkyardsnearme.com/junkyards=&p=170?%2Fjunkyards=&p=169,unknown,unknown,Yes
https://junkyardsnearme.com/junkyards/virginia=&p=10?%2Fjunkyards%2Fvirginia=&p=9,unknown,unknown,Yes
https://junkyardsnearme.com/junkyards/maine/9999710-silvers-auto-parts-inc-orono-me,unknown,unknown,Yes
https://junkyardsnearme.com/junkyards/california=&p=22,unknown,unknown,Yes
https://junkyardsnearme.com/junkyards/georgia=&p=8?%2Fjunkyards%2Fgeorgia=&p=9,unknown,unknown,Yes
https://junkyardsnearme.com/junkyards/nebraska/9997639-alter-metal-recycling-sidney-ne,unknown,unknown,Yes
https://junkyardsnearme.com/junkyards/north-carolina/6381232-tuscarora-auto-salvage-new-bern-nc,unknown,unknown,Yes
https://junkyardsnearme.com/junkyards/indiana=&p=5?%2Fjunkyards%2Findiana=&p=6,unknown,unknown,Yes
https://junkyardsnearme.com/junkyards=&p=339?%2Fjunkyards=&p=338,unknown,unknown,Yes
https://junkyardsnearme.com/junkyards/missouri/6385422-macks-auto-parts-inc-st-louis-mo,unknown,unknown,Yes
https://junkyardsnearme.com/junkyards=&p=214?%2Fjunkyards=&p=215,unknown,unknown,Yes
https://junkyardsnearme.com/junkyards/california/10001398-riverside-truck-parts-salvage-riverbank-ca,unknown,unknown,Yes
https://junkyardsnearme.com/junkyards/kentucky,unknown,unknown,Yes
https://junkyardsnearme.com/junkyards/washington/10001648-simpsons-used-parts-port-angeles-wa,unknown,unknown,Yes
https://junkyardsnearme.com/junkyards/virginia=&p=11?%2Fjunkyards%2Fvirginia=&p=10,unknown,unknown,Yes
https://junkyardsnearme.com/junkyards/ohio/9997335-306-auto-parts-wrecking-novelty-oh,unknown,unknown,Yes
https://junkyardsnearme.com/junkyards=&p=8?%2Fjunkyards=&p=7,unknown,unknown,Yes
https://junkyardsnearme.com/junkyards/louisiana=&p=3?%2Fjunkyards%2Flouisiana=&p=4,unknown,unknown,Yes
https://junkyardsnearme.com/junkyards/vermont/9999846-all-metals-recycling-hardwick-vt,unknown,unknown,Yes
https://junkyardsnearme.com/junkyards=&p=459,unknown,unknown,Yes
https://junkyardsnearme.com/junkyards/pennsylvania/9998486-contemporary-performance-alverton-pa,unknown,unknown,Yes
https://junkyardsnearme.com/junkyards=&p=431?%2Fjunkyards=&p=432,unknown,unknown,Yes
https://junkyardsnearme.com/junkyards=&p=335?%2Fjunkyards=&p=334,unknown,unknown,Yes
https://junkyardsnearme.com/junkyards=&p=133,unknown,unknown,Yes
https://junkyardsnearme.com/junkyards=&p=20,unknown,unknown,Yes
https://junkyardsnearme.com/junkyards/ontario/10000954-orillia-auto-truck-recyclers-corp-orillia-on,unknown,unknown,Yes
https://junkyardsnearme.com/junkyards=&p=169,unknown,unknown,Yes
https://junkyardsnearme.com/junkyards=&p=202,unknown,unknown,Yes
https://junkyardsnearme.com/junkyards/new-jersey/9998703-d-t-r-towing-closter-nj,unknown,unknown,Yes
https://junkyardsnearme.com/junkyards/ontario/7223223-metro-wide-auto-recyclers-baldwin-on,unknown,unknown,Yes
https://junkyardsnearme.com/junkyards/ohio=&p=12,unknown,unknown,Yes
https://junkyardsnearme.com/junkyards/tennessee/6238781-evans-automotive-newport-tn,unknown,unknown,Yes
https://junkyardsnearme.com/junkyards=&p=367?%2Fjunkyards=&p=366,unknown,unknown,Yes
https://junkyardsnearme.com/junkyards/florida,unknown,unknown,Yes
https://junkyardsnearme.com/junkyards/new-york/10001104-john-francesco-scrap-inc-staten-island-ny,unknown,unknown,Yes
https://junkyardsnearme.com/junkyards/north-carolina/10001503-sams-auto-salvage-charlotte-nc,unknown,unknown,Yes
https://junkyardsnearme.com/junkyards/tennessee=&p=6?%2Fjunkyards%2Ftennessee=&p=5,unknown,unknown,Yes
https://junkyardsnearme.com/junkyards/minnesota=&p=6,unknown,unknown,Yes
https://junkyardsnearme.com/junkyards/missouri/8620731-bayless-auto-parts-salvage-springfield-mo,unknown,unknown,Yes
https://junkyardsnearme.com/junkyards/connecticut=&p=4?%2Fjunkyards%2Fconnecticut=&p=3,unknown,unknown,Yes
https://junkyardsnearme.com/junkyards/wisconsin/9998713-dependable-auto-parts-fort-atkinson-wi,unknown,unknown,Yes
https://junkyardsnearme.com/junkyards/minnesota/2468956-northern-recycling-deer-river-mn,unknown,unknown,Yes
https://junkyardsnearme.com/junkyards/pennsylvania/9997914-battaglia-auto-recycling-pittsburgh-pa,unknown,unknown,Yes
https://junkyardsnearme.com/junkyards/new-jersey=&p=4,unknown,unknown,Yes
https://junkyardsnearme.com/junkyards/pennsylvania=&p=25,unknown,unknown,Yes
https://junkyardsnearme.com/junkyards/mississippi/10001036-petal-auto-parts-petal-ms,unknown,unknown,Yes
https://junkyardsnearme.com/junkyards/louisiana/9998622-danny-cook-used-cars-florien-la,unknown,unknown,Yes
https://junkyardsnearme.com/junkyards/michigan/3642318-parts-4-less-marysville-mi,unknown,unknown,Yes
https://junkyardsnearme.com/junkyards=&p=296,unknown,unknown,Yes
https://junkyardsnearme.com/junkyards=&p=46?%2Fjunkyards=&p=45,unknown,unknown,Yes
https://junkyardsnearme.com/junkyards=&p=340?%2Fjunkyards=&p=341,unknown,unknown,Yes
https://junkyardsnearme.com/junkyards/colorado/10001885-timbukthree-4wd-automotive-englewood-co,unknown,unknown,Yes
https://junkyardsnearme.com/junkyards/new-mexico/3251994-a-1-auto-salvage-kirtland-nm,unknown,unknown,Yes
https://junkyardsnearme.com/junkyards/new-york/9998653-j-jays-junk-car-removal-ozone-park-ny,unknown,unknown,Yes
https://junkyardsnearme.com/junkyards/pennsylvania/10001607-shortys-auto-parts-1-king-of-prussia-pa,unknown,unknown,Yes
https://junkyardsnearme.com/junkyards/california/9999162-freeway-auto-wrecking-chula-vista-ca,unknown,unknown,Yes
https://junkyardsnearme.com/junkyards/idaho/9997901-barger-mattson-twin-falls-twin-falls-id,unknown,unknown,Yes
https://junkyardsnearme.com/junkyards/ontario/9998772-dougs-auto-parts-joyceville-on,unknown,unknown,Yes
https://junkyardsnearme.com/junkyards/missouri/9997920-bear-creek-auto-recyclers-hannibal-mo,unknown,unknown,Yes
https://junkyardsnearme.com/junkyards/michigan=&p=6?%2Fjunkyards%2Fmichigan=&p=7,unknown,unknown,Yes
https://junkyardsnearme.com/junkyards/ontario/9999575-hotchs-auto-parts-ameliasburg-on,unknown,unknown,Yes
https://junkyardsnearme.com/junkyards=&p=3?%2Fjunkyards=&p=2,unknown,unknown,Yes
https://junkyardsnearme.com/junkyards/california/4211350-calumet-auto-wrecking-inc-chula-vista-ca,unknown,unknown,Yes
https://junkyardsnearme.com/junkyards=&p=71?%2Fjunkyards=&p=70,unknown,unknown,Yes
https://junkyardsnearme.com/junkyards=&p=89,unknown,unknown,Yes
https://junkyardsnearme.com/junkyards/michigan/10001455-rpm-wholesale-auto-parts-saginaw-mi,unknown,unknown,Yes
https://junkyardsnearme.com/junkyards/iowa/9999831-jp-salvage-core-des-moines-ia,unknown,unknown,Yes
https://junkyardsnearme.com/junkyards/rhode-island/9999121-foster-auto-parts-foster-ri,unknown,unknown,Yes
https://junkyardsnearme.com/junkyards/nebraska/2373163-andersen-wrecking-co-kearney-ne,unknown,unknown,Yes
https://junkyardsnearme.com/junkyards/kentucky/9999394-harper-auto-salvage-fredonia-ky,unknown,unknown,Yes
https://junkyardsnearme.com/junkyards/new-york/9997671-american-wrecking-staten-island-ny,unknown,unknown,Yes
https://junkyardsnearme.com/junkyards/virginia/10000889-northern-neck-auto-parts-warsaw-va,unknown,unknown,Yes
https://junkyardsnearme.com/junkyards/ohio/9997228-a-h-auto-salvage-inc-garfield-heights-oh,unknown,unknown,Yes
https://junkyardsnearme.com/junkyards/california=&p=26,unknown,unknown,Yes
https://junkyardsnearme.com/junkyards/montana=&p=1?%2Fjunkyards%2Fmontana=&p=2,unknown,unknown,Yes
https://junkyardsnearme.com/junkyards/pennsylvania/2838580-joes-transmission-differential-service-saxonburg-pa,unknown,unknown,Yes
https://junkyardsnearme.com/junkyards/new-york/10000349-m-i-auto-sales-corona-ny,unknown,unknown,Yes
https://junkyardsnearme.com/junkyards=&p=248?%2Fjunkyards=&p=249,unknown,unknown,Yes
https://junkyardsnearme.com/junkyards=&p=77,unknown,unknown,Yes
https://junkyardsnearme.com/junkyards=&p=87,unknown,unknown,Yes
https://junkyardsnearme.com/junkyards/indiana/4534902-b-and-j-auto-salvage-leesburg-in,unknown,unknown,Yes
https://junkyardsnearme.com/junkyards,unknown,unknown,Yes
https://junkyardsnearme.com/junkyards/north-carolina/9998941-elliotts-auto-salvage-durham-nc,unknown,unknown,Yes
https://junkyardsnearme.com/junkyards/west-virginia=&p=1,unknown,unknown,Yes
https://junkyardsnearme.com/junkyards=&p=272?%2Fjunkyards=&p=273,unknown,unknown,Yes
https://junkyardsnearme.com/junkyards=&p=351,unknown,unknown,Yes
https://junkyardsnearme.com/junkyards/new-jersey/10001449-royal-used-auto-parts-rahway-nj,unknown,unknown,Yes
https://junkyardsnearme.com/junkyards/florida/9998270-central-florida-auto-yard-auburndale-fl,unknown,unknown,Yes
https://junkyardsnearme.com/junkyards/oklahoma=&p=4,unknown,unknown,Yes
https://junkyardsnearme.com/junkyards/california/8556488-jim-smith-enterprise-towing-san-marcos-ca,unknown,unknown,Yes
https://junkyardsnearme.com/junkyards/pennsylvania/8888889-modern-capri-parts-glenmoore-pa,unknown,unknown,Yes
https://junkyardsnearme.com/junkyards/ontario/9998347-cindy-lous-auto-rekker-timmins-on,unknown,unknown,Yes
https://junkyardsnearme.com/junkyards=&p=138?%2Fjunkyards=&p=139,unknown,unknown,Yes
https://junkyardsnearme.com/junkyards/ohio/2769617-central-city-auto-parts-columbus-oh,unknown,unknown,Yes
https://junkyardsnearme.com/junkyards=&p=275?%2Fjunkyards=&p=276,unknown,unknown,Yes
https://junkyardsnearme.com/junkyards/california/6383311-h-a-p-recycling-rancho-cordova-ca,unknown,unknown,Yes
https://junkyardsnearme.com/junkyards/texas/10000351-industrial-surplus-world-houston-tx,unknown,unknown,Yes
https://junkyardsnearme.com/junkyards/indiana/2538466-crushers-auto-recycling-llc-francesville-in,unknown,unknown,Yes
https://junkyardsnearme.com/junkyards/iowa/10001155-plums-auto-waterloo-ia,unknown,unknown,Yes
https://junkyardsnearme.com/junkyards/nebraska=&p=1,unknown,unknown,Yes
https://junkyardsnearme.com/junkyards=&p=153?%2Fjunkyards=&p=154,unknown,unknown,Yes
https://junkyardsnearme.com/junkyards/nebraska/9999360-h-h-auto-parts-cozad-ne,unknown,unknown,Yes
https://junkyardsnearme.com/junkyards/oregon/2864405-a-b-auto-wrecking-portland-or,unknown,unknown,Yes
https://junkyardsnearme.com/junkyards/florida/9998048-born-again-auto-parts-groveland-fl,unknown,unknown,Yes
https://junkyardsnearme.com/junkyards/quebec/6680090-northstar-recycling-laval-qc,unknown,unknown,Yes
https://junkyardsnearme.com/junkyards/florida/9999834-js-benz-miami-fl,unknown,unknown,Yes
https://junkyardsnearme.com/junkyards/maine/9999726-littlefields-garage-corinna-me,unknown,unknown,Yes
https://junkyardsnearme.com/junkyards=&p=281?%2Fjunkyards=&p=282,unknown,unknown,Yes
https://junkyardsnearme.com/junkyards/new-york/10001578-autotron-towing-services-staten-island-ny,unknown,unknown,Yes
https://junkyardsnearme.com/junkyards/florida/9999777-jdm-kings-opa-locka-fl,unknown,unknown,Yes
https://junkyardsnearme.com/junkyards/washington=&p=1?%2Fjunkyards%2Fwashington=&p=2,unknown,unknown,Yes
https://junkyardsnearme.com/junkyards/california=&p=3,unknown,unknown,Yes
https://junkyardsnearme.com/junkyards/nevada/9997864-b-r-auto-wrecking-las-vegas-nv,unknown,unknown,Yes
https://junkyardsnearme.com/junkyards/massachusetts/10000333-old-man-kells-pick-n-pull-scituate-ma,unknown,unknown,Yes
https://junkyardsnearme.com/junkyards/kansas/9997308-a-one-auto-salvage-haysville-ks,unknown,unknown,Yes
https://junkyardsnearme.com/junkyards/new-jersey/9999362-h-h-auto-wreckers-morganville-nj,unknown,unknown,Yes
https://junkyardsnearme.com/junkyards/pennsylvania/8479181-franks-auto-inc-beaver-falls-pa,unknown,unknown,Yes
https://junkyardsnearme.com/junkyards/virginia/9999488-hiatts-used-auto-parts-danville-va,unknown,unknown,Yes
https://junkyardsnearme.com/junkyards/michigan/9997469-acme-auto-parts-pontiac-mi,unknown,unknown,Yes
https://junkyardsnearme.com/junkyards/florida/10001152-plant-city-auto-salvage-ii-plant-city-fl,unknown,unknown,Yes
https://junkyardsnearme.com/junkyards/maine=&p=8?%2Fjunkyards%2Fmaine=&p=7,unknown,unknown,Yes
https://junkyardsnearme.com/junkyards/british-columbia/10000828-north-central-truck-parts-prince-george-bc,unknown,unknown,Yes
https://junkyardsnearme.com/junkyards/ontario=&p=8?%2Fjunkyards%2Fontario=&p=7,unknown,unknown,Yes
https://junkyardsnearme.com/junkyards=&p=286,unknown,unknown,Yes
https://junkyardsnearme.com/junkyards/new-hampshire/9999618-stockley-trucking-lisbon-nh,unknown,unknown,Yes
https://junkyardsnearme.com/junkyards/ontario/9998955-erin-auto-recyclers-erin-on,unknown,unknown,Yes
https://junkyardsnearme.com/junkyards/washington/9999966-kitsap-truck-auto-port-orchard-wa,unknown,unknown,Yes
https://junkyardsnearme.com/junkyards/california=&p=25,unknown,unknown,Yes
https://junkyardsnearme.com/junkyards/pennsylvania=&p=18?%2Fjunkyards%2Fpennsylvania=&p=19,unknown,unknown,Yes
https://junkyardsnearme.com/junkyards=&p=19?%2Fjunkyards=&p=18,unknown,unknown,Yes
https://junkyardsnearme.com/junkyards/new-york/9998361-class-a-cars-n-parts-brooklyn-ny,unknown,unknown,Yes
https://junkyardsnearme.com/junkyards/massachusetts/9997800-auto-recyclers-assocation-of-ma-southbridge-ma,unknown,unknown,Yes
https://junkyardsnearme.com/junkyards/ohio/10000774-national-auto-truck-salvage-wapakoneta-oh,unknown,unknown,Yes
https://junkyardsnearme.com/junkyards/west-virginia/9998038-boggs-used-parts-caldwell-wv,unknown,unknown,Yes
https://junkyardsnearme.com/junkyards/massachusetts/9998977-junk-cars-for-cash-ma-springfield-ma,unknown,unknown,Yes
https://junkyardsnearme.com/junkyards/new-jersey/10001087-a-a-auto-wreckers-whippany-nj,unknown,unknown,Yes
https://junkyardsnearme.com/junkyards/alberta/10001028-penny-metal-recycling-edmonton-ab,unknown,unknown,Yes
https://junkyardsnearme.com/junkyards=&p=250,unknown,unknown,Yes
https://junkyardsnearme.com/junkyards/illinois=&p=2?%2Fjunkyards%2Fillinois=&p=1,unknown,unknown,Yes
https://junkyardsnearme.com/junkyards/california=&p=29,unknown,unknown,Yes
https://junkyardsnearme.com/junkyards/saskatchewan/9997954-best-buy-auto-parts-regina-sk,unknown,unknown,Yes
https://junkyardsnearme.com/junkyards=&p=467,unknown,unknown,Yes
https://junkyardsnearme.com/junkyards/tennessee/10000993-part-finders-maryville-tn,unknown,unknown,Yes
https://junkyardsnearme.com/junkyards/florida/9998024-blount-automotive-clewiston-fl,unknown,unknown,Yes
https://junkyardsnearme.com/junkyards/missouri/9999341-griffins-auto-salvage-grovespring-mo,unknown,unknown,Yes
https://junkyardsnearme.com/junkyards/pennsylvania/9998448-connellsville-auto-salvage-connellsville-pa,unknown,unknown,Yes
https://junkyardsnearme.com/junkyards/virginia/9999179-g-g-auto-recycling-winchester-va,unknown,unknown,Yes
https://junkyardsnearme.com/junkyards/california/6354700-m-s-recycling-rancho-cordova-ca,unknown,unknown,Yes
https://junkyardsnearme.com/junkyards/ontario/8941450-parkway-auto-wreckers-kitchner-on,unknown,unknown,Yes
https://junkyardsnearme.com/junkyards/pennsylvania/9998305-chissys-truck-salvage-brave-pa,unknown,unknown,Yes
https://junkyardsnearme.com/junkyards/ohio=&p=15?%2Fjunkyards%2Fohio=&p=16,unknown,unknown,Yes
https://junkyardsnearme.com/junkyards/colorado=&p=3,unknown,unknown,Yes
https://junkyardsnearme.com/junkyards/new-york/3436724-orange-auto-salvage-middletown-ny,unknown,unknown,Yes
https://junkyardsnearme.com/junkyards/ohio/3130042-r-d-auto-parts-crushing-middletown-oh,unknown,unknown,Yes
https://junkyardsnearme.com/junkyards/california/10000912-number-one-auto-dismantling-san-bernardino-ca,unknown,unknown,Yes
https://junkyardsnearme.com/junkyards/new-york/3632240-garys-auto-parts-oneida-ny,unknown,unknown,Yes
https://junkyardsnearme.com/junkyards/connecticut=&p=6,unknown,unknown,Yes
https://junkyardsnearme.com/junkyards/michigan/9998937-elite-motors-inc-clinton-township-mi,unknown,unknown,Yes
https://junkyardsnearme.com/junkyards/new-york/9997698-ap-ii-auto-parts-elite-lindenhurst-ny,unknown,unknown,Yes
https://junkyardsnearme.com/junkyards=&p=55?%2Fjunkyards=&p=54,unknown,unknown,Yes
https://junkyardsnearme.com/junkyards/new-hampshire/10000588-daneys-auto-salvage-farmington-nh,unknown,unknown,Yes
https://junkyardsnearme.com/junkyards/iowa/2335780-american-radiator-service-inc-des-moines-ia,unknown,unknown,Yes
https://junkyardsnearme.com/junkyards/oregon/9999277-glenwood-foreign-auto-parts-creswell-or,unknown,unknown,Yes
https://junkyardsnearme.com/junkyards/oklahoma/9998237-cars-plus-auto-salvage-oklahoma-city-ok,unknown,unknown,Yes
https://junkyardsnearme.com/junkyards/north-carolina=&p=13?%2Fjunkyards%2Fnorth-carolina=&p=14,unknown,unknown,Yes
https://junkyardsnearme.com/junkyards=&p=256,unknown,unknown,Yes
https://junkyardsnearme.com/junkyards/new-hampshire/9999594-roccos-used-auto-parts-salem-nh,unknown,unknown,Yes
https://junkyardsnearme.com/junkyards/ontario/10000208-lkq-niagara-port-robinson-on,unknown,unknown,Yes
https://junkyardsnearme.com/junkyards/kentucky/2022197-amp-auto-bowling-green-ky,unknown,unknown,Yes
https://junkyardsnearme.com/junkyards/iowa=&p=5?%2Fjunkyards%2Fiowa=&p=4,unknown,unknown,Yes
https://junkyardsnearme.com/junkyards/south-carolina/10000371-m-w-auto-parts-clover-sc,unknown,unknown,Yes
https://junkyardsnearme.com/junkyards/ohio=&p=6,unknown,unknown,Yes
https://junkyardsnearme.com/junkyards/tennessee/5257278-lane-auto-parts-llc-memphis-tn,unknown,unknown,Yes
https://junkyardsnearme.com/junkyards/indiana/9999377-hamilton-county-auto-parts-cicero-in,unknown,unknown,Yes
https://junkyardsnearme.com/junkyards/tennessee/8550110-highway-54-salvage-trenton-tn,unknown,unknown,Yes
https://junkyardsnearme.com/junkyards/pennsylvania/10002029-used-auto-parts-of-southampton-southampton-pa,unknown,unknown,Yes
https://junkyardsnearme.com/junkyards/california/9997763-auto-alex-sun-valley-ca,unknown,unknown,Yes
https://junkyardsnearme.com/junkyards/new-hampshire/9999610-allied-auto-wrecking-weare-nh,unknown,unknown,Yes
https://junkyardsnearme.com/junkyards/florida/10001657-smart-used-auto-parts-miami-fl,unknown,unknown,Yes
https://junkyardsnearme.com/junkyards/florida/9729407-gardner-foreign-auto-parts-pompano-beach-fl,unknown,unknown,Yes
https://junkyardsnearme.com/junkyards/tennessee/7626611-all-star-auto-salvage-all-star-auto-lights-south-lawrenceburg-tn,unknown,unknown,Yes
https://junkyardsnearme.com/junkyards/kentucky/9997108-reitman-auto-parts-sales-inc-melbourne-ky,unknown,unknown,Yes
https://junkyardsnearme.com/junkyards/florida=&p=25,unknown,unknown,Yes
https://junkyardsnearme.com/junkyards/california/9997653-american-auto-salvage-hayward-ca,unknown,unknown,Yes
https://junkyardsnearme.com/junkyards/ohio/10000680-morad-parts-company-cleveland-oh,unknown,unknown,Yes
https://junkyardsnearme.com/junkyards/michigan/9998906-economy-auto-parts-recycling-llc-muskegon-mi,unknown,unknown,Yes
https://junkyardsnearme.com/junkyards/north-carolina/10001246-r-strouds-inc-youngsville-nc,unknown,unknown,Yes
https://junkyardsnearme.com/junkyards/new-jersey/9998111-bruces-auto-wreckers-rahway-nj,unknown,unknown,Yes
https://junkyardsnearme.com/junkyards/ontario=&p=9?%2Fjunkyards%2Fontario=&p=8,unknown,unknown,Yes
https://junkyardsnearme.com/junkyards=&p=193,unknown,unknown,Yes
https://junkyardsnearme.com/junkyards/oklahoma/9998564-d-d-salvage-clinton-ok,unknown,unknown,Yes
https://junkyardsnearme.com/junkyards/massachusetts/7912323-exhausted-inc-worcester-ma,unknown,unknown,Yes
https://junkyardsnearme.com/junkyards/north-carolina/6681538-cash4junk-nc-charlotte-nc,unknown,unknown,Yes
https://junkyardsnearme.com/junkyards/ohio/10000648-miller-auto-truck-salvage-findlay-oh,unknown,unknown,Yes
https://junkyardsnearme.com/junkyards/rhode-island/9998615-dagostinos-auto-providence-ri,unknown,unknown,Yes
https://junkyardsnearme.com/junkyards/texas/10001183-primary-auto-recycling-towing-service-san-antonio-tx,unknown,unknown,Yes
https://junkyardsnearme.com/junkyards/florida/10000383-macs-auto-parts-casselberry-fl,unknown,unknown,Yes
https://junkyardsnearme.com/junkyards/new-york/9998378-central-iron-metal-co-inc-new-york-ny,unknown,unknown,Yes
https://junkyardsnearme.com/junkyards/massachusetts/9997895-balicki-auto-ware-ma,unknown,unknown,Yes
https://junkyardsnearme.com/junkyards=&p=259,unknown,unknown,Yes
https://junkyardsnearme.com/junkyards/oklahoma/9998577-d-r-auto-recyclers-lawton-ok,unknown,unknown,Yes
https://junkyardsnearme.com/junkyards/massachusetts/9998824-east-freetown-auto-salvage-east-freetown-ma,unknown,unknown,Yes
https://junkyardsnearme.com/junkyards/illinois=&p=10?%2Fjunkyards%2Fillinois=&p=11,unknown,unknown,Yes
https://junkyardsnearme.com/junkyards=&p=428,unknown,unknown,Yes
https://junkyardsnearme.com/junkyards/illinois/10000748-mullins-auto-mount-olive-il,unknown,unknown,Yes
https://junkyardsnearme.com/junkyards/georgia/9998410-cobb-auto-salvage-powder-springs-ga,unknown,unknown,Yes
https://junkyardsnearme.com/junkyards/texas/9998815-eagle-pass-auto-inc-eagle-pass-tx,unknown,unknown,Yes
https://junkyardsnearme.com/junkyards/ohio=&p=18,unknown,unknown,Yes
https://junkyardsnearme.com/junkyards/missouri/8663549-all-parts-auto-truck-salvage-springfield-mo,unknown,unknown,Yes
https://junkyardsnearme.com/junkyards/california/9997609-all-truck-foreign-rancho-cordova-ca,unknown,unknown,Yes
https://junkyardsnearme.com/junkyards/new-york/10001368-cash-for-junk-cars-brooklyn-ny,unknown,unknown,Yes
https://junkyardsnearme.com/junkyards/south-carolina/7883582-godfreys-auto-salvage-columbia-sc,unknown,unknown,Yes
https://junkyardsnearme.com/junkyards/california=&p=21?%2Fjunkyards%2Fcalifornia=&p=20,unknown,unknown,Yes
https://junkyardsnearme.com/junkyards/california/9997084-riverside-truck-parts-riverbank-ca,unknown,unknown,Yes
https://junkyardsnearme.com/junkyards=&p=389,unknown,unknown,Yes
https://junkyardsnearme.com/junkyards/alberta/4647392-kar-basher-of-alberta-sherwood-park-ab,unknown,unknown,Yes
https://junkyardsnearme.com/junkyards/mississippi/9998618-dales-auto-salvage-magnolia-ms,unknown,unknown,Yes
https://junkyardsnearme.com/junkyards/california/9999276-glenoaks-auto-wrecking-sun-valley-ca,unknown,unknown,Yes
https://junkyardsnearme.com/junkyards=&p=360?%2Fjunkyards=&p=359,unknown,unknown,Yes
https://junkyardsnearme.com/junkyards/kentucky/3568552-dl-webster-auto-parts-walton-ky,unknown,unknown,Yes
https://junkyardsnearme.com/junkyards/oklahoma/9997216-a-a-auto-parts-and-salvage-oklahoma-city-ok,unknown,unknown,Yes
https://junkyardsnearme.com/junkyards/new-york/9998663-fortune-metal-inc-brooklyn-ny,unknown,unknown,Yes
https://junkyardsnearme.com/junkyards/quebec/9997880-b-o-auto-montreal-nord-qc,unknown,unknown,Yes
https://junkyardsnearme.com/junkyards/michigan/9997883-b-o-s-auto-parts-michigan-corunna-mi,unknown,unknown,Yes
https://junkyardsnearme.com/junkyards/florida/10000997-parts-express-inc-used-auto-truck-parts-opa-locka-fl,unknown,unknown,Yes
https://junkyardsnearme.com/junkyards/illinois/10000629-midwestern-auto-parts-elgin-il,unknown,unknown,Yes
https://junkyardsnearme.com/junkyards/new-jersey/2614095-j-and-t-automotive-services-llc-mt-holly-nj,unknown,unknown,Yes
https://junkyardsnearme.com/junkyards/california/10000670-modesto-auto-wreckers-modesto-ca,unknown,unknown,Yes
https://junkyardsnearme.com/junkyards/arizona/7545865-hot-rod-farm-bull-head-city-az,unknown,unknown,Yes
https://junkyardsnearme.com/junkyards/north-carolina/10000783-nc-auto-salvage-hendersonville-nc,unknown,unknown,Yes
https://junkyardsnearme.com/junkyards/california/9999675-infiniti-nissan-auto-dismantler-fontana-ca,unknown,unknown,Yes
https://junkyardsnearme.com/junkyards/pennsylvania/2246060-the-metal-giant-damascus-pa,unknown,unknown,Yes
https://junkyardsnearme.com/junkyards/california/9999078-fic-autoparts-fontana-ca,unknown,unknown,Yes
https://junkyardsnearme.com/junkyards=&p=321?%2Fjunkyards=&p=322,unknown,unknown,Yes
https://junkyardsnearme.com/junkyards=&p=33?%2Fjunkyards=&p=32,unknown,unknown,Yes
https://junkyardsnearme.com/junkyards/british-columbia=&p=5?%2Fjunkyards%2Fbritish-columbia=&p=4,unknown,unknown,Yes
https://junkyardsnearme.com/junkyards/michigan/10000951-one-stop-auto-parts-lansing-mi,unknown,unknown,Yes
https://junkyardsnearme.com/junkyards/alabama/9997882-b-s-used-auto-parts-inc-selma-al,unknown,unknown,Yes
https://junkyardsnearme.com/junkyards/pennsylvania/10001237-r-r-auto-recycling-west-newton-pa,unknown,unknown,Yes
https://junkyardsnearme.com/junkyards/texas/9428444-d-c-bumper-company-dallas-tx,unknown,unknown,Yes
https://junkyardsnearme.com/junkyards=&p=381?%2Fjunkyards=&p=380,unknown,unknown,Yes
https://junkyardsnearme.com/junkyards/wisconsin/9998113-brunos-auto-salvage-llc-franksville-wi,unknown,unknown,Yes
https://junkyardsnearme.com/junkyards/massachusetts/9997300-a-1-used-auto-parts-inc-framingham-ma,unknown,unknown,Yes
https://junkyardsnearme.com/junkyards/massachusetts/10000319-jamesons-auto-salvage-bridgewater-ma,unknown,unknown,Yes
https://junkyardsnearme.com/junkyards/florida/9997572-all-cars-trucks-auto-parts-inc-orlando-fl,unknown,unknown,Yes
https://junkyardsnearme.com/junkyards/new-york/10001072-jyd-towing-springfield-gardens-ny,unknown,unknown,Yes
https://junkyardsnearme.com/junkyards/virginia/8218821-bruce-auto-parts-mechanicsvlle-va,unknown,unknown,Yes
https://junkyardsnearme.com/junkyards/ohio=&p=4,unknown,unknown,Yes
https://junkyardsnearme.com/junkyards/british-columbia/9545676-pennys-used-auto-parts-coombs-bc,unknown,unknown,Yes
https://junkyardsnearme.com/junkyards/pennsylvania/9998163-c-c-auto-parts-ii-llc-philadelphia-pa,unknown,unknown,Yes
https://junkyardsnearme.com/junkyards/michigan=&p=23,unknown,unknown,Yes
https://junkyardsnearme.com/junkyards/california=&p=9?%2Fjunkyards%2Fcalifornia=&p=8,unknown,unknown,Yes
https://junkyardsnearme.com/junkyards/maine/10000610-randys-auto-parts-auburn-me,unknown,unknown,Yes
https://junkyardsnearme.com/junkyards/oregon/9999190-g-r-auto-wreckers-foreign-salem-or,unknown,unknown,Yes
https://junkyardsnearme.com/junkyards/ontario/10001751-standard-auto-wreckers-port-hope-on,unknown,unknown,Yes
https://junkyardsnearme.com/junkyards/washington/9998003-binford-auto-wrecking-kent-wa,unknown,unknown,Yes
https://junkyardsnearme.com/junkyards/missouri/9997972-big-3-auto-salvage-house-springs-mo,unknown,unknown,Yes
https://junkyardsnearme.com/junkyards/missouri/10001350-rich-industries-import-auto-parts-kansas-city-mo,unknown,unknown,Yes
https://junkyardsnearme.com/junkyards/tennessee/9999324-grays-recycling-la-vergne-tn,unknown,unknown,Yes
https://junkyardsnearme.com/junkyards/florida/9997832-b-b-auto-salvage-sanford-fl,unknown,unknown,Yes
https://junkyardsnearme.com/junkyards/texas/9998359-clarks-auto-parts-wrecker-service-san-angelo-tx,unknown,unknown,Yes
https://junkyardsnearme.com/junkyards=&p=189?%2Fjunkyards=&p=188,unknown,unknown,Yes
https://junkyardsnearme.com/junkyards/arizona/9997407-aaa-broadway-auto-parts-phoenix-az,unknown,unknown,Yes
https://junkyardsnearme.com/junkyards/utah/10001523-save-on-auto-parts-vernal-ut,unknown,unknown,Yes
https://junkyardsnearme.com/junkyards/michigan/9998818-east-bay-auto-parts-interlochen-mi,unknown,unknown,Yes
https://junkyardsnearme.com/junkyards/minnesota=&p=9?%2Fjunkyards%2Fminnesota=&p=10,unknown,unknown,Yes
https://junkyardsnearme.com/junkyards/new-jersey/10001544-dewland-auto-services-north-bergen-nj,unknown,unknown,Yes
https://junkyardsnearme.com/junkyards/georgia=&p=5,unknown,unknown,Yes
https://junkyardsnearme.com/junkyards/nova-scotia/10000405-maritime-auto-parts-debert-ns,unknown,unknown,Yes
https://junkyardsnearme.com/junkyards/alberta/10001419-rodway-auto-parts-edmonton-ab,unknown,unknown,Yes
https://junkyardsnearme.com/junkyards/michigan/9997847-b-d-used-auto-parts-detroit-mi,unknown,unknown,Yes
https://junkyardsnearme.com/junkyards=&p=266,unknown,unknown,Yes
https://junkyardsnearme.com/junkyards/montana/9999332-green-meadow-auto-salvage-helena-mt,unknown,unknown,Yes
https://junkyardsnearme.com/junkyards/alberta/10001792-sunlight-auto-parts-crossfield-ab,unknown,unknown,Yes
https://junkyardsnearme.com/junkyards/minnesota=&p=2?%2Fjunkyards%2Fminnesota=&p=1,unknown,unknown,Yes
https://junkyardsnearme.com/junkyards=&p=134?%2Fjunkyards=&p=133,unknown,unknown,Yes
https://junkyardsnearme.com/junkyards/colorado/5422716-mclaughlin-auto-pueblo-co,unknown,unknown,Yes
https://junkyardsnearme.com/junkyards/california=&p=1?%2Fjunkyards%2Fcalifornia=&p=2,unknown,unknown,Yes
https://junkyardsnearme.com/junkyards/florida/9999195-gagels-auto-parts-riverview-fl,unknown,unknown,Yes
https://junkyardsnearme.com/junkyards/south-carolina/10000198-lkq-mcallister-motors-cades-sc,unknown,unknown,Yes
https://junkyardsnearme.com/junkyards/washington/10000981-palominos-automotive-toppenish-wa,unknown,unknown,Yes
https://junkyardsnearme.com/junkyards/new-jersey/9998879-friendship-used-auto-parts-vincentown-nj,unknown,unknown,Yes
https://junkyardsnearme.com/junkyards=&p=409?%2Fjunkyards=&p=410,unknown,unknown,Yes
https://junkyardsnearme.com/junkyards/oklahoma/3533377-allgeier-auto-parts-cincinnati-ok,unknown,unknown,Yes
https://junkyardsnearme.com/junkyards=&p=210?%2Fjunkyards=&p=209,unknown,unknown,Yes
https://junkyardsnearme.com/junkyards/ontario/10000005-lads-auto-recyclers-pembroke-on,unknown,unknown,Yes
https://junkyardsnearme.com/junkyards/florida/9999744-j-c-motors-used-auto-parts-opa-locka-fl,unknown,unknown,Yes
https://junkyardsnearme.com/junkyards/new-brunswick/9997097-jrs-salvage-son-ltd-sussex-nb,unknown,unknown,Yes
https://junkyardsnearme.com/junkyards/massachusetts/9999545-perlman-recycling-llc-pittsfield-ma,unknown,unknown,Yes
https://junkyardsnearme.com/junkyards/florida/9998085-bronco-auto-salvage-wimauma-fl,unknown,unknown,Yes
https://junkyardsnearme.com/junkyards/texas/8540630-c-s-plating-corpus-christi-tx,unknown,unknown,Yes
https://junkyardsnearme.com/junkyards/michigan=&p=21?%2Fjunkyards%2Fmichigan=&p=22,unknown,unknown,Yes
https://junkyardsnearme.com/junkyards/new-jersey=&p=11,unknown,unknown,Yes
https://junkyardsnearme.com/junkyards/new-york/9999205-garrett-auto-salvage-copiague-ny,unknown,unknown,Yes
https://junkyardsnearme.com/junkyards/ontario/10000435-matthews-metal-auto-recycling-beaverton-on,unknown,unknown,Yes
https://junkyardsnearme.com/junkyards/virginia/9997180-250-east-auto-recycling-louisa-va,unknown,unknown,Yes
https://junkyardsnearme.com/junkyards/utah/10002032-utah-auto-wrecking-of-st-george-saint-george-ut,unknown,unknown,Yes
https://junkyardsnearme.com/junkyards/ontario/9998722-diamond-japanese-auto-parts-mississauga-on,unknown,unknown,Yes
https://junkyardsnearme.com/junkyards/missouri/7857650-berry-son-auto-salvage-poplar-bluff-mo,unknown,unknown,Yes
https://junkyardsnearme.com/junkyards/new-jersey/9997969-bibs-auto-parts-kearny-nj,unknown,unknown,Yes
https://junkyardsnearme.com/junkyards/indiana=&p=1,unknown,unknown,Yes
https://junkyardsnearme.com/junkyards/washington/7335036-gundies-inc-bellingham-wa,unknown,unknown,Yes
https://junkyardsnearme.com/junkyards/north-carolina/10000362-m-m-motor-company-randleman-nc,unknown,unknown,Yes
https://junkyardsnearme.com/junkyards/indiana/9325959-u-fix-it-auto-rushville-in,unknown,unknown,Yes
https://junkyardsnearme.com/junkyards/california=&p=5,unknown,unknown,Yes
https://junkyardsnearme.com/junkyards/maryland/10000086-legend-motorcars-baltimore-md,unknown,unknown,Yes
https://junkyardsnearme.com/junkyards=&p=38?%2Fjunkyards=&p=39,unknown,unknown,Yes
https://junkyardsnearme.com/junkyards/south-carolina/9999415-harveys-automotive-pauline-sc,unknown,unknown,Yes
https://junkyardsnearme.com/junkyards/massachusetts/4851414-post-road-used-auto-parts-marlboro-ma,unknown,unknown,Yes
https://junkyardsnearme.com/junkyards/michigan/10001177-prestige-auto-parts-detroit-mi,unknown,unknown,Yes
https://junkyardsnearme.com/junkyards/alaska/10001672-soldotna-auto-salvage-soldotna-ak,unknown,unknown,Yes
https://junkyardsnearme.com/junkyards/oklahoma=&p=3?%2Fjunkyards%2Foklahoma=&p=4,unknown,unknown,Yes
https://junkyardsnearme.com/junkyards/georgia/10000975-pacific-engine-company-atlanta-ga,unknown,unknown,Yes
https://junkyardsnearme.com/junkyards/tennessee/7710880-peltz-and-nolan-towing-clinton-tn,unknown,unknown,Yes
https://junkyardsnearme.com/junkyards/california=&p=24?%2Fjunkyards%2Fcalifornia=&p=25,unknown,unknown,Yes
https://junkyardsnearme.com/junkyards/pennsylvania/10000791-nesters-autoworks-recycling-bally-pa,unknown,unknown,Yes
https://junkyardsnearme.com/junkyards/iowa/9999782-jeff-smid-auto-davenport-ia,unknown,unknown,Yes
https://junkyardsnearme.com/junkyards/nebraska=&p=3?%2Fjunkyards%2Fnebraska=&p=4,unknown,unknown,Yes
https://junkyardsnearme.com/junkyards=&p=285,unknown,unknown,Yes
https://junkyardsnearme.com/junkyards/new-york/9998478-junk-your-car-today-farmingdale-ny,unknown,unknown,Yes
https://junkyardsnearme.com/junkyards/alabama/9997260-a-northside-auto-salvage-huntsville-al,unknown,unknown,Yes
https://junkyardsnearme.com/junkyards/california/9999013-european-recycling-rancho-cordova-ca,unknown,unknown,Yes
https://junkyardsnearme.com/junkyards/michigan/9998750-dix-automotive-recyclers-lincoln-park-mi,unknown,unknown,Yes
https://junkyardsnearme.com/junkyards/maine/3754475-toms-auto-parts-locating-service-sabattus-me,unknown,unknown,Yes
https://junkyardsnearme.com/junkyards/new-jersey/10000969-p-j-auto-parts-morganville-nj,unknown,unknown,Yes
https://junkyardsnearme.com/junkyards/pennsylvania/10001592-shaws-auto-philadelphia-pa,unknown,unknown,Yes
https://junkyardsnearme.com/junkyards/new-york/2786169-junk-a-car-buffalo-ny,unknown,unknown,Yes
https://junkyardsnearme.com/junkyards/new-jersey/10001907-junk-my-jalopy-lodi-nj,unknown,unknown,Yes
https://junkyardsnearme.com/junkyards=&p=327?%2Fjunkyards=&p=328,unknown,unknown,Yes
https://junkyardsnearme.com/junkyards/ontario/10001879-thorpe-auto-parts-wreckers-brantford-on,unknown,unknown,Yes
https://junkyardsnearme.com/junkyards/california=&p=10,unknown,unknown,Yes
https://junkyardsnearme.com/junkyards/tennessee/10001666-smittys-auto-parts-inc-nashville-tn,unknown,unknown,Yes
https://junkyardsnearme.com/junkyards=&p=385?%2Fjunkyards=&p=384,unknown,unknown,Yes
https://junkyardsnearme.com/junkyards/south-carolina/9997489-adams-auto-parts-greenville-sc,unknown,unknown,Yes
https://junkyardsnearme.com/junkyards/indiana/10000950-on-time-auto-llc-indianapolis-in,unknown,unknown,Yes
https://junkyardsnearme.com/junkyards/ohio=&p=12?%2Fjunkyards%2Fohio=&p=11,unknown,unknown,Yes
https://junkyardsnearme.com/junkyards/alberta/10001461-runzers-truck-parts-edmonton-ab,unknown,unknown,Yes
https://junkyardsnearme.com/junkyards/new-york/4585474-labarron-brothers-repair-parts-woodhull-ny,unknown,unknown,Yes
https://junkyardsnearme.com/junkyards/pennsylvania/9998076-brightyard-llc-philadelphia-pa,unknown,unknown,Yes
https://junkyardsnearme.com/junkyards=&p=5?%2Fjunkyards=&p=6,unknown,unknown,Yes
https://junkyardsnearme.com/junkyards/massachusetts/9999517-brockton-iron-steel-brockton-ma,unknown,unknown,Yes
https://junkyardsnearme.com/junkyards/north-carolina/5255026-runions-recycling-inc-roseboro-nc,unknown,unknown,Yes
https://junkyardsnearme.com/junkyards/florida/9997212-a-a-auto-truck-llc-orlando-fl,unknown,unknown,Yes
https://junkyardsnearme.com/junkyards=&p=228,unknown,unknown,Yes
https://junkyardsnearme.com/junkyards/new-jersey/9998662-alpo-group-inc-linden-nj,unknown,unknown,Yes
https://junkyardsnearme.com/junkyards/quebec/10000961-oto-eco-pieces-dauto-labbe-victoriaville-qc,unknown,unknown,Yes
https://junkyardsnearme.com/junkyards/british-columbia/4784751-malahat-auto-parts-victoria-bc,unknown,unknown,Yes
https://junkyardsnearme.com/junkyards/indiana=&p=2?%2Fjunkyards%2Findiana=&p=1,unknown,unknown,Yes
https://junkyardsnearme.com/junkyards/north-carolina/2837113-traywick-motor-company-monroe-nc,unknown,unknown,Yes
https://junkyardsnearme.com/junkyards/michigan/10001956-trenton-auto-parts-trenton-mi,unknown,unknown,Yes
https://junkyardsnearme.com/junkyards/tennessee=&p=6?%2Fjunkyards%2Ftennessee=&p=7,unknown,unknown,Yes
https://junkyardsnearme.com/junkyards/illinois/10001322-revive-or-retire-auto-parts-joliet-il,unknown,unknown,Yes
https://junkyardsnearme.com/junkyards/kentucky/9999260-gilbert-mitchell-auto-parts-louisville-ky,unknown,unknown,Yes
https://junkyardsnearme.com/junkyards/texas/6235044-giant-imports-used-auto-parts-san-antonio-tx,unknown,unknown,Yes
https://junkyardsnearme.com/junkyards/california=&p=7?%2Fjunkyards%2Fcalifornia=&p=6,unknown,unknown,Yes
https://junkyardsnearme.com/junkyards/tennessee/9997507-aenon-auto-recycling-cookeville-tn,unknown,unknown,Yes
https://junkyardsnearme.com/junkyards=&p=162?%2Fjunkyards=&p=163,unknown,unknown,Yes
https://junkyardsnearme.com/junkyards/alaska,unknown,unknown,Yes
https://junkyardsnearme.com/junkyards/rhode-island/6246687-general-auto-recyclers-inc-tiverton-ri,unknown,unknown,Yes
https://junkyardsnearme.com/junkyards/north-carolina/9999791-jim-west-sons-auto-recycling-asheville-nc,unknown,unknown,Yes
https://junkyardsnearme.com/junkyards/california/3381833-kronke-automotive-ventura-ca,unknown,unknown,Yes
https://junkyardsnearme.com/junkyards/pennsylvania/9999453-heidelberg-automotive-inc-canonsburg-pa,unknown,unknown,Yes
https://junkyardsnearme.com/junkyards/california/9997545-als-truck-dismantling-salida-ca,unknown,unknown,Yes
https://junkyardsnearme.com/junkyards/rhode-island/9999717-j-d-auto-salvage-west-warwick-ri,unknown,unknown,Yes
https://junkyardsnearme.com/junkyards/quebec/10000194-lkq-lecavalier-auto-parts-laval-sainte-sophie-qc,unknown,unknown,Yes
https://junkyardsnearme.com/junkyards/british-columbia/9997693-annex-auto-parts-1997-ltd-nanaimo-bc,unknown,unknown,Yes
https://junkyardsnearme.com/junkyards/louisiana/7374070-champion-auto-metairie-la,unknown,unknown,Yes
https://junkyardsnearme.com/junkyards/connecticut/10000914-nfg-recycling-ansonia-ct,unknown,unknown,Yes
https://junkyardsnearme.com/junkyards/minnesota/9997455-ace-auto-parts-saint-paul-mn,unknown,unknown,Yes
https://junkyardsnearme.com/junkyards/michigan/9997923-beasley-foreign-parts-holly-mi,unknown,unknown,Yes
https://junkyardsnearme.com/junkyards=&p=367,unknown,unknown,Yes
https://junkyardsnearme.com/junkyards/massachusetts/9997194-495-truck-auto-recyclers-lawrence-ma,unknown,unknown,Yes
https://junkyardsnearme.com/junkyards/pennsylvania=&p=8?%2Fjunkyards%2Fpennsylvania=&p=9,unknown,unknown,Yes
https://junkyardsnearme.com/junkyards/delaware/9997916-bauls-towing-wilmington-de,unknown,unknown,Yes
https://junkyardsnearme.com/junkyards/ohio/10001457-route-43-auto-parts-carrollton-oh,unknown,unknown,Yes
https://junkyardsnearme.com/junkyards/oklahoma/9998357-claremore-auto-salvage-claremore-ok,unknown,unknown,Yes
https://junkyardsnearme.com/junkyards/ontario/9997187-404-auto-recycling-sharon-on,unknown,unknown,Yes
https://junkyardsnearme.com/junkyards/arizona/9997719-arizona-auto-wrecking-tucson-az,unknown,unknown,Yes
https://junkyardsnearme.com/junkyards/missouri/9999732-j-s-auto-deepwater-mo,unknown,unknown,Yes
https://junkyardsnearme.com/junkyards/michigan/10001307-regal-auto-parts-howell-mi,unknown,unknown,Yes
https://junkyardsnearme.com/junkyards/california/6437626-specialized-german-recycling-rancho-cordova-ca,unknown,unknown,Yes
https://junkyardsnearme.com/junkyards/texas/9999642-hwy-195-used-auto-parts-killeen-tx,unknown,unknown,Yes
https://junkyardsnearme.com/junkyards=&p=204,unknown,unknown,Yes
https://junkyardsnearme.com/junkyards/texas/10000350-industrial-surplus-world-houston-tx,unknown,unknown,Yes
https://junkyardsnearme.com/junkyards/indiana/9998069-brickyard-imported-cars-brooklyn-in,unknown,unknown,Yes
https://junkyardsnearme.com/junkyards/new-york/9998395-olde-good-things-inc-new-york-ny,unknown,unknown,Yes
https://junkyardsnearme.com/junkyards/pennsylvania/9997886-bailey-auto-friedens-pa,unknown,unknown,Yes
https://junkyardsnearme.com/junkyards/texas/9998643-davis-used-cars-parts-eagle-pass-tx,unknown,unknown,Yes
https://junkyardsnearme.com/junkyards=&p=266?%2Fjunkyards=&p=265,unknown,unknown,Yes
https://junkyardsnearme.com/junkyards/california=&p=25?%2Fjunkyards%2Fcalifornia=&p=24,unknown,unknown,Yes
https://junkyardsnearme.com/junkyards=&p=460,unknown,unknown,Yes
https://junkyardsnearme.com/junkyards=&p=436,unknown,unknown,Yes
https://junkyardsnearme.com/junkyards/minnesota/10000539-metro-auto-salvage-lakeville-mn,unknown,unknown,Yes
https://junkyardsnearme.com/junkyards/washington=&p=2?%2Fjunkyards%2Fwashington=&p=1,unknown,unknown,Yes
https://junkyardsnearme.com/junkyards/arizona/9997476-action-auto-truck-tucson-az,unknown,unknown,Yes
https://junkyardsnearme.com/junkyards/ontario/10000658-mississauga-auto-wreckers-mississauga-on,unknown,unknown,Yes
https://junkyardsnearme.com/junkyards/new-hampshire/3534835-johnnys-used-parts-piermont-nh,unknown,unknown,Yes
https://junkyardsnearme.com/junkyards/mississippi=&p=4,unknown,unknown,Yes
https://junkyardsnearme.com/junkyards/massachusetts/9998072-bridgewater-auto-parts-bridgewater-ma,unknown,unknown,Yes
https://junkyardsnearme.com/junkyards=&p=349,unknown,unknown,Yes
https://junkyardsnearme.com/junkyards/pennsylvania/10002031-usma-vehicle-re-utilization-wyoming-pa,unknown,unknown,Yes
https://junkyardsnearme.com/junkyards/pennsylvania/10001144-pitt-mon-auto-monongahela-pa,unknown,unknown,Yes
https://junkyardsnearme.com/junkyards=&p=254,unknown,unknown,Yes
https://junkyardsnearme.com/junkyards/utah=&p=1?%2Fjunkyards%2Futah=&p=2,unknown,unknown,Yes
https://junkyardsnearme.com/junkyards/manitoba/9997621-allied-auto-parts-winnipeg-mb,unknown,unknown,Yes
https://junkyardsnearme.com/junkyards/ohio/9997529-airport-auto-parts-swanton-oh,unknown,unknown,Yes
https://junkyardsnearme.com/junkyards/tennessee=&p=3,unknown,unknown,Yes
https://junkyardsnearme.com/junkyards/north-carolina/10000404-marios-used-cars-parts-clinton-nc,unknown,unknown,Yes
https://junkyardsnearme.com/junkyards/arizona/8897700-american-auto-recycling-gilbert-az,unknown,unknown,Yes
https://junkyardsnearme.com/junkyards/michigan/5879946-extreme-automotive-llc-mancelona-mi,unknown,unknown,Yes
https://junkyardsnearme.com/junkyards/mississippi/9399195-southern-import-specialist-inc-pearl-ms,unknown,unknown,Yes
https://junkyardsnearme.com/junkyards/michigan/9998800-e-m-auto-parts-canton-mi,unknown,unknown,Yes
https://junkyardsnearme.com/junkyards/oregon/9999185-g-r-auto-wreckers-portland-portland-or,unknown,unknown,Yes
https://junkyardsnearme.com/junkyards/new-jersey/6558652-scrap-car-cash-nj-union-nj,unknown,unknown,Yes
https://junkyardsnearme.com/junkyards=&p=505?%2Fjunkyards=&p=504,unknown,unknown,Yes
https://junkyardsnearme.com/junkyards/nova-scotia/9998078-brintons-auto-salvage-smiths-cove-ns,unknown,unknown,Yes
https://junkyardsnearme.com/junkyards=&p=304?%2Fjunkyards=&p=305,unknown,unknown,Yes
https://junkyardsnearme.com/junkyards/california/9998179-california-auto-dismantlers-rancho-cordova-ca,unknown,unknown,Yes
https://junkyardsnearme.com/junkyards/pennsylvania/10001193-progress-auto-salvage-lewisberry-pa,unknown,unknown,Yes
https://junkyardsnearme.com/junkyards/pennsylvania/9999072-feezle-auto-wrecking-enon-valley-pa,unknown,unknown,Yes
https://junkyardsnearme.com/junkyards/new-york/9998343-cash-4-cars-ozone-park-ny,unknown,unknown,Yes
https://junkyardsnearme.com/junkyards/michigan=&p=4?%2Fjunkyards%2Fmichigan=&p=3,unknown,unknown,Yes
https://junkyardsnearme.com/junkyards=&p=505?%2Fjunkyards=&p=506,unknown,unknown,Yes
https://junkyardsnearme.com/junkyards/illinois=&p=4?%2Fjunkyards%2Fillinois=&p=5,unknown,unknown,Yes
https://junkyardsnearme.com/junkyards/new-york/10001073-aberdeen-recycling-richmond-hill-ny,unknown,unknown,Yes
https://junkyardsnearme.com/junkyards/rhode-island,unknown,unknown,Yes
https://junkyardsnearme.com/junkyards/pennsylvania=&p=21?%2Fjunkyards%2Fpennsylvania=&p=20,unknown,unknown,Yes
https://junkyardsnearme.com/junkyards/pennsylvania/10001438-rossi-auto-salvage-king-of-prussia-pa,unknown,unknown,Yes
https://junkyardsnearme.com/junkyards/oklahoma/9997638-alpine-foreign-auto-washington-ok,unknown,unknown,Yes
https://junkyardsnearme.com/junkyards=&p=481,unknown,unknown,Yes
https://junkyardsnearme.com/junkyards=&p=48,unknown,unknown,Yes
https://junkyardsnearme.com/junkyards/louisiana=&p=2?%2Fjunkyards%2Flouisiana=&p=3,unknown,unknown,Yes
https://junkyardsnearme.com/junkyards/nebraska=&p=1?%2Fjunkyards%2Fnebraska=&p=2,unknown,unknown,Yes
https://junkyardsnearme.com/junkyards=&p=156,unknown,unknown,Yes
https://junkyardsnearme.com/junkyards/massachusetts/10000040-p-f-auto-parts-monson-ma,unknown,unknown,Yes
https://junkyardsnearme.com/junkyards/idaho,unknown,unknown,Yes
https://junkyardsnearme.com/junkyards/kentucky/2238240-jims-auto-parts-hatton-ky,unknown,unknown,Yes
https://junkyardsnearme.com/junkyards/ohio=&p=11?%2Fjunkyards%2Fohio=&p=10,unknown,unknown,Yes
https://junkyardsnearme.com/junkyards/north-carolina/10000230-lkq-salisbury-salisbury-nc,unknown,unknown,Yes
https://junkyardsnearme.com/junkyards/indiana/9998098-brothers-auto-parts-indianapolis-in,unknown,unknown,Yes
https://junkyardsnearme.com/junkyards=&p=305,unknown,unknown,Yes
https://junkyardsnearme.com/junkyards/new-jersey/9998584-alon-towing-plainfield-nj,unknown,unknown,Yes
https://junkyardsnearme.com/junkyards/georgia/9997444-a-cs-truck-parts-stockbridge-ga,unknown,unknown,Yes
https://junkyardsnearme.com/junkyards/texas/10001324-reyes-auto-parts-2-dallas-tx,unknown,unknown,Yes
https://junkyardsnearme.com/junkyards/tennessee=&p=4?%2Fjunkyards%2Ftennessee=&p=3,unknown,unknown,Yes
https://junkyardsnearme.com/junkyards=&p=204?%2Fjunkyards=&p=203,unknown,unknown,Yes
https://junkyardsnearme.com/junkyards/florida/10002010-united-auto-sales-services-jacksonville-fl,unknown,unknown,Yes
https://junkyardsnearme.com/junkyards/oregon=&p=1?%2Fjunkyards%2Foregon=&p=2,unknown,unknown,Yes
https://junkyardsnearme.com/junkyards/new-jersey/9998698-bergen-recycling-inc-bergenfiel-nj,unknown,unknown,Yes
https://junkyardsnearme.com/junkyards/montana/9997509-af-t-salvage-belgrade-mt,unknown,unknown,Yes
https://junkyardsnearme.com/junkyards/illinois/9999082-fierge-auto-parts-quincy-il,unknown,unknown,Yes
https://junkyardsnearme.com/junkyards/virginia=&p=4,unknown,unknown,Yes
https://junkyardsnearme.com/junkyards/virginia=&p=7?%2Fjunkyards%2Fvirginia=&p=6,unknown,unknown,Yes
https://junkyardsnearme.com/junkyards=&p=121?%2Fjunkyards=&p=120,unknown,unknown,Yes
https://junkyardsnearme.com/junkyards/quebec/10000968-p-a-t-auto-parts-saint-hubert-qc,unknown,unknown,Yes
https://junkyardsnearme.com/junkyards/utah/10001175-premium-auto-parts-salt-lake-city-ut,unknown,unknown,Yes
https://junkyardsnearme.com/junkyards/texas/9998290-charlies-auto-truck-salvage-tomball-tx,unknown,unknown,Yes
https://junkyardsnearme.com/junkyards=&p=89?%2Fjunkyards=&p=90,unknown,unknown,Yes
https://junkyardsnearme.com/junkyards=&p=178?%2Fjunkyards=&p=177,unknown,unknown,Yes
https://junkyardsnearme.com/junkyards=&p=183?%2Fjunkyards=&p=184,unknown,unknown,Yes
https://junkyardsnearme.com/junkyards/wisconsin/9998020-blaines-auto-truck-parts-slinger-wi,unknown,unknown,Yes
https://junkyardsnearme.com/junkyards/new-jersey=&p=18,unknown,unknown,Yes
https://junkyardsnearme.com/junkyards=&p=353,unknown,unknown,Yes
https://junkyardsnearme.com/junkyards/michigan/9998919-eds-used-parts-houghton-mi,unknown,unknown,Yes
https://junkyardsnearme.com/junkyards/georgia/10000444-mccarty-auto-parts-hazlehurst-ga,unknown,unknown,Yes
https://junkyardsnearme.com/junkyards=&p=142?%2Fjunkyards=&p=141,unknown,unknown,Yes
https://junkyardsnearme.com/junkyards=&p=395?%2Fjunkyards=&p=396,unknown,unknown,Yes
https://junkyardsnearme.com/junkyards/nebraska/10000627-midwest-auto-used-parts-gering-ne,unknown,unknown,Yes
https://junkyardsnearme.com/junkyards/saskatchewan/10001580-sgi-salvage-north-battleford-north-battleford-sk,unknown,unknown,Yes
https://junkyardsnearme.com/junkyards/florida/10002027-usa-trucks-used-auto-parts-opa-locka-fl,unknown,unknown,Yes
https://junkyardsnearme.com/junkyards/mississippi=&p=1,unknown,unknown,Yes
https://junkyardsnearme.com/junkyards=&p=75,unknown,unknown,Yes
https://junkyardsnearme.com/junkyards=&p=171?%2Fjunkyards=&p=172,unknown,unknown,Yes
https://junkyardsnearme.com/junkyards/maine/9395908-jb-performance-portland-me,unknown,unknown,Yes
https://junkyardsnearme.com/junkyards/quebec/10001291-recyclage-st-lazare-saint-lazare-qc,unknown,unknown,Yes
https://junkyardsnearme.com/junkyards/texas/9997662-american-differential-lubbock-tx,unknown,unknown,Yes
https://junkyardsnearme.com/junkyards/new-york/10000893-northside-salvage-east-rochester-ny,unknown,unknown,Yes
https://junkyardsnearme.com/junkyards/connecticut/10000918-new-milford-auto-wrecking-westport-ct,unknown,unknown,Yes
https://junkyardsnearme.com/junkyards=&p=164?%2Fjunkyards=&p=163,unknown,unknown,Yes
https://junkyardsnearme.com/junkyards/massachusetts/10000524-freedmans-inc-middleboro-ma,unknown,unknown,Yes
https://junkyardsnearme.com/junkyards/massachusetts/9999018-center-street-auto-parts-inc-chicopee-ma,unknown,unknown,Yes
https://junkyardsnearme.com/junkyards/pennsylvania/9998281-chairman-mikes-truck-parts-philadelphia-pa,unknown,unknown,Yes
https://junkyardsnearme.com/junkyards=&p=405?%2Fjunkyards=&p=404,unknown,unknown,Yes
https://junkyardsnearme.com/junkyards/michigan/10000382-mabrito-garage-fruitport-mi,unknown,unknown,Yes
https://junkyardsnearme.com/junkyards/georgia=&p=4?%2Fjunkyards%2Fgeorgia=&p=3,unknown,unknown,Yes
https://junkyardsnearme.com/junkyards/california/9998609-a-1-budget-auto-repair-junk-yard-lancaster-ca,unknown,unknown,Yes
https://junkyardsnearme.com/junkyards=&p=513?%2Fjunkyards=&p=514,unknown,unknown,Yes
https://junkyardsnearme.com/junkyards/quebec/10001033-perreault-pieces-dautos-rouyn-noranda-qc,unknown,unknown,Yes
https://junkyardsnearme.com/junkyards=&p=299?%2Fjunkyards=&p=300,unknown,unknown,Yes
https://junkyardsnearme.com/junkyards/georgia/9999227-gentry-associates-inc-newnan-ga,unknown,unknown,Yes
https://junkyardsnearme.com/junkyards/georgia/9998062-brasingtons-motors-auto-parts-bremen-ga,unknown,unknown,Yes
https://junkyardsnearme.com/junkyards=&p=8?%2Fjunkyards=&p=9,unknown,unknown,Yes
https://junkyardsnearme.com/junkyards/colorado/9998424-colorado-auto-parts-englewood-co,unknown,unknown,Yes
https://junkyardsnearme.com/junkyards/virginia=&p=9,unknown,unknown,Yes
https://junkyardsnearme.com/junkyards/pennsylvania=&p=7,unknown,unknown,Yes
https://junkyardsnearme.com/junkyards/florida/10001686-south-florida-auto-recycling-opa-locka-fl,unknown,unknown,Yes
https://junkyardsnearme.com/junkyards=&p=267?%2Fjunkyards=&p=268,unknown,unknown,Yes
https://junkyardsnearme.com/junkyards/florida/9998505-county-auto-recycling-services-daytona-beach-fl,unknown,unknown,Yes
https://junkyardsnearme.com/junkyards/alabama/6680105-billys-toyota-lexus-parts-inc-calera-al,unknown,unknown,Yes
https://junkyardsnearme.com/junkyards/connecticut/10000304-connecticut-metal-exchange-ellington-ct,unknown,unknown,Yes
https://junkyardsnearme.com/junkyards/california/9999583-howdy-auto-dismantler-wilmington-ca,unknown,unknown,Yes
https://junkyardsnearme.com/junkyards=&p=437?%2Fjunkyards=&p=438,unknown,unknown,Yes
https://junkyardsnearme.com/junkyards/maine/9999620-berwick-iron-metal-recycling-berwick-me,unknown,unknown,Yes
https://junkyardsnearme.com/junkyards/new-york/9998498-cornells-used-auto-parts-greenfield-center-ny,unknown,unknown,Yes
https://junkyardsnearme.com/junkyards/ohio/9998645-dayton-xenia-auto-xenia-oh,unknown,unknown,Yes
https://junkyardsnearme.com/junkyards/washington/6892292-shulls-auto-wrecking-brewster-wa,unknown,unknown,Yes
https://junkyardsnearme.com/junkyards/florida/9998754-dixie-salvage-llc-old-town-fl,unknown,unknown,Yes
https://junkyardsnearme.com/junkyards/mississippi?%2Fjunkyards%2Fmississippi=&p=2,unknown,unknown,Yes
https://junkyardsnearme.com/junkyards/british-columbia/9999209-garys-auto-wrecking-maple-ridge-bc,unknown,unknown,Yes
https://junkyardsnearme.com/junkyards/ohio/10000930-ohio-auto-truck-recyclers-association-columbus-oh,unknown,unknown,Yes
https://junkyardsnearme.com/junkyards/texas/10000445-mcclurg-auto-parts-snyder-tx,unknown,unknown,Yes
https://junkyardsnearme.com/junkyards/new-mexico/10000270-luchinis-truck-auto-salvage-las-cruces-nm,unknown,unknown,Yes
https://junkyardsnearme.com/junkyards/california/6357602-all-dodge-truck-parts-rancho-cordova-ca,unknown,unknown,Yes
https://junkyardsnearme.com/junkyards=&p=335?%2Fjunkyards=&p=336,unknown,unknown,Yes
https://junkyardsnearme.com/junkyards/new-york/9998268-central-city-auto-parts-central-square-ny,unknown,unknown,Yes
https://junkyardsnearme.com/junkyards/michigan/9999036-exceptional-auto-parts-grandville-mi,unknown,unknown,Yes
https://junkyardsnearme.com/junkyards/tennessee/4264371-a-1-auto-lake-city-tn,unknown,unknown,Yes
https://junkyardsnearme.com/junkyards/ohio/9999891-kc-auto-parts-lakeview-oh,unknown,unknown,Yes
https://junkyardsnearme.com/junkyards/mississippi/7286521-lindsey-bros-used-parts-booneville-ms,unknown,unknown,Yes
https://junkyardsnearme.com/junkyards=&p=448,unknown,unknown,Yes
https://junkyardsnearme.com/junkyards/minnesota/9999641-hutch-auto-truck-parts-hutchinson-mn,unknown,unknown,Yes
https://junkyardsnearme.com/junkyards/michigan/6735830-macks-auto-supply-waterford-mi,unknown,unknown,Yes
https://junkyardsnearme.com/junkyards/california=&p=5?%2Fjunkyards%2Fcalifornia=&p=4,unknown,unknown,Yes
https://junkyardsnearme.com/junkyards/florida/10000916-o-e-american-used-engines-tampa-fl,unknown,unknown,Yes
https://junkyardsnearme.com/junkyards/ohio/9998174-cadiz-drive-in-used-auto-parts-cadiz-oh,unknown,unknown,Yes
https://junkyardsnearme.com/junkyards/california/9998178-calexico-auto-dismantlers-calexico-ca,unknown,unknown,Yes
https://junkyardsnearme.com/junkyards=&p=176?%2Fjunkyards=&p=175,unknown,unknown,Yes
https://junkyardsnearme.com/junkyards/ohio/9997294-a-1-import-auto-parts-north-lima-oh,unknown,unknown,Yes
https://junkyardsnearme.com/junkyards/connecticut=&p=2,unknown,unknown,Yes
https://junkyardsnearme.com/junkyards/michigan/10001646-simon-auto-parts-detroit-mi,unknown,unknown,Yes
https://junkyardsnearme.com/junkyards=&p=379,unknown,unknown,Yes
https://junkyardsnearme.com/junkyards=&p=111?%2Fjunkyards=&p=110,unknown,unknown,Yes
https://junkyardsnearme.com/junkyards/new-york/9999202-garlocks-auto-niagara-falls-ny,unknown,unknown,Yes
https://junkyardsnearme.com/junkyards/nevada/10000793-nevada-auto-wrecking-sparks-nv,unknown,unknown,Yes
https://junkyardsnearme.com/junkyards/illinois/9997874-b-auto-parts-east-saint-louis-il,unknown,unknown,Yes
https://junkyardsnearme.com/junkyards/tennessee=&p=2,unknown,unknown,Yes
https://junkyardsnearme.com/junkyards/utah=&p=3,unknown,unknown,Yes
https://junkyardsnearme.com/junkyards/south-dakota/9234455-classic-auto-box-elder-sd,unknown,unknown,Yes
https://junkyardsnearme.com/junkyards/colorado/9998014-black-jacks-auto-recycling-delta-co,unknown,unknown,Yes
https://junkyardsnearme.com/junkyards/new-jersey/10001622-matonis-scrap-metals-co-kearny-nj,unknown,unknown,Yes
https://junkyardsnearme.com/junkyards/mississippi/9999192-g-s-import-automotive-jackson-ms,unknown,unknown,Yes
https://junkyardsnearme.com/junkyards/massachusetts/9998994-highway-auto-salvage-inc-northampton-ma,unknown,unknown,Yes
https://junkyardsnearme.com/junkyards=&p=387,unknown,unknown,Yes
https://junkyardsnearme.com/junkyards=&p=462,unknown,unknown,Yes
https://junkyardsnearme.com/junkyards/new-jersey/10001808-leon-bickoff-co-newark-nj,unknown,unknown,Yes
https://junkyardsnearme.com/junkyards/california=&p=4,unknown,unknown,Yes
https://junkyardsnearme.com/junkyards=&p=132?%2Fjunkyards=&p=133,unknown,unknown,Yes
https://junkyardsnearme.com/junkyards/vermont/10000713-sheldon-g-wein-co-ltd-wilmington-vt,unknown,unknown,Yes
https://junkyardsnearme.com/junkyards/pennsylvania/3553851-a-richners-auto-salvage-howard-pa,unknown,unknown,Yes
https://junkyardsnearme.com/junkyards/new-brunswick/9997095-bastarache-auto-salvage-1986-ltd-shediac-river-nb,unknown,unknown,Yes
https://junkyardsnearme.com/junkyards/virginia/10001977-tubbs-used-auto-parts-norfolk-va,unknown,unknown,Yes
https://junkyardsnearme.com/junkyards/michigan/10000547-michigan-truck-parts-westland-mi,unknown,unknown,Yes
https://junkyardsnearme.com/junkyards/ontario/10001779-streetsville-bush-auto-wreckers-mount-forest-on,unknown,unknown,Yes
https://junkyardsnearme.com/junkyards/florida/9997164-1st-choice-used-auto-parts-orlando-fl,unknown,unknown,Yes
https://junkyardsnearme.com/junkyards/north-carolina/9999866-junkyard-auto-parts-willard-nc,unknown,unknown,Yes
https://junkyardsnearme.com/junkyards/ohio=&p=18?%2Fjunkyards%2Fohio=&p=17,unknown,unknown,Yes
https://junkyardsnearme.com/junkyards/connecticut=&p=6?%2Fjunkyards%2Fconnecticut=&p=7,unknown,unknown,Yes
https://junkyardsnearme.com/junkyards/maine?%2Fjunkyards%2Fmaine=&p=2,unknown,unknown,Yes
https://junkyardsnearme.com/junkyards/florida=&p=12,unknown,unknown,Yes
https://junkyardsnearme.com/junkyards/massachusetts/4544444-lowell-used-auto-parts-lowell-ma,unknown,unknown,Yes
https://junkyardsnearme.com/junkyards/maine/10001489-saints-auto-sales-buxton-me,unknown,unknown,Yes
https://junkyardsnearme.com/junkyards/massachusetts/9998981-joseph-freedman-co-inc-springfield-ma,unknown,unknown,Yes
https://junkyardsnearme.com/junkyards/georgia/9999903-kennys-auto-truck-salvage-broxton-ga,unknown,unknown,Yes
https://junkyardsnearme.com/junkyards/florida/9997171-11th-avenue-auto-truck-recyclers-hialeah-fl,unknown,unknown,Yes
https://junkyardsnearme.com/junkyards/new-hampshire=&p=7?%2Fjunkyards%2Fnew-hampshire=&p=8,unknown,unknown,Yes
https://junkyardsnearme.com/junkyards/virginia/10000364-m-m-auto-parts-fredericksburg-va,unknown,unknown,Yes
https://junkyardsnearme.com/junkyards/georgia/4942340-auto-source-industries-woodstock-ga,unknown,unknown,Yes
https://junkyardsnearme.com/junkyards/new-jersey/10001797-dr-copper-freehold-nj,unknown,unknown,Yes
https://junkyardsnearme.com/junkyards=&p=16,unknown,unknown,Yes
https://junkyardsnearme.com/junkyards/connecticut/9359932-bates-auto-parts-inc-north-grosvenordale-ct,unknown,unknown,Yes
https://junkyardsnearme.com/junkyards/texas/10000257-lone-star-imports-used-auto-parts-houston-tx,unknown,unknown,Yes
https://junkyardsnearme.com/junkyards/north-carolina=&p=2?%2Fjunkyards%2Fnorth-carolina=&p=3,unknown,unknown,Yes
https://junkyardsnearme.com/junkyards/new-york/9998569-freeport-auto-parts-wrecking-corporation-freeport-ny,unknown,unknown,Yes
https://junkyardsnearme.com/junkyards/minnesota/9998255-cedar-auto-recyclers-jordan-mn,unknown,unknown,Yes
https://junkyardsnearme.com/junkyards/north-carolina/9999303-gosnell-used-auto-parts-flat-rock-nc,unknown,unknown,Yes
https://junkyardsnearme.com/junkyards/michigan/9998706-demmy-ventures-detroit-mi,unknown,unknown,Yes
https://junkyardsnearme.com/junkyards/new-jersey/9999562-homestead-auto-wreckers-avenel-nj,unknown,unknown,Yes
https://junkyardsnearme.com/junkyards/illinois/10001710-southwest-auto-salvage-lockport-il,unknown,unknown,Yes
https://junkyardsnearme.com/junkyards/connecticut/9999860-hartford-metal-solutions-hartford-ct,unknown,unknown,Yes
https://junkyardsnearme.com/junkyards/saskatchewan=&p=3?%2Fjunkyards%2Fsaskatchewan=&p=2,unknown,unknown,Yes
https://junkyardsnearme.com/junkyards/minnesota/9998932-elite-auto-long-lake-mn,unknown,unknown,Yes
https://junkyardsnearme.com/junkyards/connecticut/7536656-toms-foreign-auto-parts-waterbury-ct,unknown,unknown,Yes
https://junkyardsnearme.com/junkyards=&p=231?%2Fjunkyards=&p=232,unknown,unknown,Yes
https://junkyardsnearme.com/junkyards=&p=70?%2Fjunkyards=&p=71,unknown,unknown,Yes
https://junkyardsnearme.com/junkyards/virginia/8255800-culpeper-towing-salvage-inc-culpeper-va,unknown,unknown,Yes
https://junkyardsnearme.com/junkyards/massachusetts/9998984-joseph-freedman-co-inc-springfield-ma,unknown,unknown,Yes
https://junkyardsnearme.com/junkyards/virginia/10002069-virginia-used-auto-parts-suffolk-va,unknown,unknown,Yes
https://junkyardsnearme.com/junkyards/connecticut/9999928-mattatuck-industrial-scrap-metal-wolcott-ct,unknown,unknown,Yes
https://junkyardsnearme.com/junkyards/ontario/9999097-flesherton-auto-recyclers-proton-station-on,unknown,unknown,Yes
https://junkyardsnearme.com/junkyards/michigan/9997775-auto-farm-fair-haven-mi,unknown,unknown,Yes
https://junkyardsnearme.com/junkyards/british-columbia/9997553-aldergrove-auto-wrecking-abbotsford-bc,unknown,unknown,Yes
https://junkyardsnearme.com/junkyards/ohio/10001170-power-sports-salvage-lorain-oh,unknown,unknown,Yes
https://junkyardsnearme.com/junkyards/california=&p=20?%2Fjunkyards%2Fcalifornia=&p=21,unknown,unknown,Yes
https://junkyardsnearme.com/junkyards/rhode-island=&p=3,unknown,unknown,Yes
https://junkyardsnearme.com/junkyards/illinois/7237997-ralphs-auto-parts-lockport-il,unknown,unknown,Yes
https://junkyardsnearme.com/junkyards/pennsylvania=&p=15,unknown,unknown,Yes
https://junkyardsnearme.com/junkyards/illinois=&p=6,unknown,unknown,Yes
https://junkyardsnearme.com/junkyards/california/9997424-aatlas-auto-recycling-2-san-diego-ca,unknown,unknown,Yes
https://junkyardsnearme.com/junkyards/california/9988661-3m-auto-dismantlers-san-jose-ca,unknown,unknown,Yes
https://junkyardsnearme.com/junkyards=&p=7?%2Fjunkyards=&p=8,unknown,unknown,Yes
https://junkyardsnearme.com/junkyards=&p=197,unknown,unknown,Yes
https://junkyardsnearme.com/junkyards/pennsylvania=&p=19?%2Fjunkyards%2Fpennsylvania=&p=20,unknown,unknown,Yes
https://junkyardsnearme.com/junkyards/indiana=&p=4?%2Fjunkyards%2Findiana=&p=3,unknown,unknown,Yes
https://junkyardsnearme.com/junkyards=&p=153?%2Fjunkyards=&p=152,unknown,unknown,Yes
https://junkyardsnearme.com/junkyards=&p=306,unknown,unknown,Yes
https://junkyardsnearme.com/junkyards/new-hampshire/9999440-kens-auto-salvage-kingston-nh,unknown,unknown,Yes
https://junkyardsnearme.com/junkyards/michigan=&p=24?%2Fjunkyards%2Fmichigan=&p=25,unknown,unknown,Yes
https://junkyardsnearme.com/junkyards/iowa=&p=5?%2Fjunkyards%2Fiowa=&p=6,unknown,unknown,Yes
https://junkyardsnearme.com/junkyards/ohio/9998107-browns-eastside-auto-recycling-akron-oh,unknown,unknown,Yes
https://junkyardsnearme.com/junkyards/pennsylvania/6195577-affordable-auto-parts-tannersville-pa,unknown,unknown,Yes
https://junkyardsnearme.com/junkyards/new-york/9999389-hardys-auto-parts-llc-bernhards-bay-ny,unknown,unknown,Yes
https://junkyardsnearme.com/junkyards/new-york/10001097-hilltop-auto-salvage-bronx-ny,unknown,unknown,Yes
https://junkyardsnearme.com/junkyards/saskatchewan/10001584-sgi-salvage-yorkton-yorkton-sk,unknown,unknown,Yes
https://junkyardsnearme.com/junkyards/pennsylvania/5048111-a1-zehners-junk-car-removal-hauling-jim-thorpe-pa,unknown,unknown,Yes
https://junkyardsnearme.com/junkyards/texas/9999668-imports-more-auto-salvage-el-paso-tx,unknown,unknown,Yes
https://junkyardsnearme.com/junkyards/arizona/9999033-evergreen-recycling-tucson-az,unknown,unknown,Yes
https://junkyardsnearme.com/junkyards/ohio/9997928-becks-auto-wrecking-mount-gilead-oh,unknown,unknown,Yes
https://junkyardsnearme.com/junkyards=&p=90?%2Fjunkyards=&p=91,unknown,unknown,Yes
https://junkyardsnearme.com/junkyards/ohio/9998707-denison-auto-parts-cleveland-oh,unknown,unknown,Yes
https://junkyardsnearme.com/junkyards/florida=&p=1?%2Fjunkyards%2Fflorida=&p=2,unknown,unknown,Yes
https://junkyardsnearme.com/junkyards=&p=100?%2Fjunkyards=&p=101,unknown,unknown,Yes
https://junkyardsnearme.com/junkyards/virginia=&p=11,unknown,unknown,Yes
https://junkyardsnearme.com/junkyards/california/9998903-economy-auto-dismantling-rancho-cordova-ca,unknown,unknown,Yes
https://junkyardsnearme.com/junkyards/delaware/6972117-c-m-short-salvage-llc-magnolia-de,unknown,unknown,Yes
https://junkyardsnearme.com/junkyards/new-hampshire/9999612-landrys-auto-salvage-barrington-nh,unknown,unknown,Yes
https://junkyardsnearme.com/junkyards/oregon/4691010-10-10-express-tow-auto-recycle-ltd-brookings-or,unknown,unknown,Yes
https://junkyardsnearme.com/junkyards/massachusetts=&p=3?%2Fjunkyards%2Fmassachusetts=&p=4,unknown,unknown,Yes
https://junkyardsnearme.com/junkyards/kentucky/9998803-e-z-auto-parts-owensboro-ky,unknown,unknown,Yes
https://junkyardsnearme.com/junkyards/texas/9997667-american-parts-center-houston-tx,unknown,unknown,Yes
https://junkyardsnearme.com/junkyards=&p=333?%2Fjunkyards=&p=334,unknown,unknown,Yes
https://junkyardsnearme.com/junkyards/kentucky/10001954-transtar-recycling-auto-salvage-hopkinsville-ky,unknown,unknown,Yes
https://junkyardsnearme.com/junkyards/california=&p=28,unknown,unknown,Yes
https://junkyardsnearme.com/junkyards/new-jersey=&p=6,unknown,unknown,Yes
https://junkyardsnearme.com/junkyards/maryland/9997297-a-1-sales-havre-de-grace-md,unknown,unknown,Yes
https://junkyardsnearme.com/junkyards=&p=196,unknown,unknown,Yes
https://junkyardsnearme.com/junkyards/virginia/7457401-g-b-auto-parts-floyd-va,unknown,unknown,Yes
https://junkyardsnearme.com/junkyards/new-jersey=&p=9?%2Fjunkyards%2Fnew-jersey=&p=10,unknown,unknown,Yes
https://junkyardsnearme.com/junkyards=&p=341?%2Fjunkyards=&p=342,unknown,unknown,Yes
https://junkyardsnearme.com/junkyards/illinois/9998015-black-lane-auto-caseyville-il,unknown,unknown,Yes
https://junkyardsnearme.com/junkyards/new-hampshire/9999602-car-world-candia-nh,unknown,unknown,Yes
https://junkyardsnearme.com/junkyards/florida/9997690-angelo-alexakos-auto-parts-pensacola-fl,unknown,unknown,Yes
https://junkyardsnearme.com/junkyards/north-carolina=&p=10,unknown,unknown,Yes
https://junkyardsnearme.com/junkyards/missouri/9998908-economy-auto-salvage-kansas-city-mo,unknown,unknown,Yes
https://junkyardsnearme.com/junkyards/georgia/9998531-criders-auto-parts-tunnel-hill-ga,unknown,unknown,Yes
https://junkyardsnearme.com/junkyards/florida/9670694-budget-auto-parts-auburndale-auburndale-fl,unknown,unknown,Yes
https://junkyardsnearme.com/junkyards/florida/9999689-international-auto-parts-spring-hill-fl,unknown,unknown,Yes
https://junkyardsnearme.com/junkyards=&p=62?%2Fjunkyards=&p=63,unknown,unknown,Yes
https://junkyardsnearme.com/junkyards/maine/10000681-grimmel-industries-lewiston-me,unknown,unknown,Yes
https://junkyardsnearme.com/junkyards/tennessee?%2Fjunkyards%2Ftennessee=&p=2,unknown,unknown,Yes
https://junkyardsnearme.com/junkyards=&p=414?%2Fjunkyards=&p=413,unknown,unknown,Yes
https://junkyardsnearme.com/junkyards/iowa,unknown,unknown,Yes
https://junkyardsnearme.com/junkyards/california/7681350-elite-foreign-auto-parts-sun-valley-ca,unknown,unknown,Yes
https://junkyardsnearme.com/junkyards/north-carolina/9998777-dougs-auto-sales-salvage-chocowinity-nc,unknown,unknown,Yes
https://junkyardsnearme.com/junkyards/delaware,unknown,unknown,Yes
https://junkyardsnearme.com/junkyards=&p=146,unknown,unknown,Yes
https://junkyardsnearme.com/junkyards/georgia/5019411-auto-recyclers-of-georgia-douglas-ga,unknown,unknown,Yes
https://junkyardsnearme.com/junkyards/florida/9997468-ace-used-auto-parts-tampa-fl,unknown,unknown,Yes
https://junkyardsnearme.com/junkyards=&p=115,unknown,unknown,Yes
https://junkyardsnearme.com/junkyards/new-york/10001452-long-island-cash-for-junk-cars-medford-ny,unknown,unknown,Yes
https://junkyardsnearme.com/junkyards/ohio=&p=17?%2Fjunkyards%2Fohio=&p=16,unknown,unknown,Yes
https://junkyardsnearme.com/junkyards/california/10000140-lkq-adelanto-adelanto-ca,unknown,unknown,Yes
https://junkyardsnearme.com/junkyards/british-columbia/9999479-hi-ball-auto-recycling-powell-river-bc,unknown,unknown,Yes
https://junkyardsnearme.com/junkyards/georgia/9999340-griffin-import-griffin-ga,unknown,unknown,Yes
https://junkyardsnearme.com/junkyards/florida/10000469-melbourne-used-auto-parts-melbourne-fl,unknown,unknown,Yes
https://junkyardsnearme.com/junkyards/florida/9997274-a-a-rapido-auto-parts-miami-fl,unknown,unknown,Yes
https://junkyardsnearme.com/junkyards/connecticut=&p=12,unknown,unknown,Yes
https://junkyardsnearme.com/junkyards/new-york/9999836-july-auto-wrecking-new-hyde-park-ny,unknown,unknown,Yes
https://junkyardsnearme.com/junkyards/texas/10000026-lane-recyclers-dallas-tx,unknown,unknown,Yes
https://junkyardsnearme.com/junkyards/idaho/10000412-marler-auto-supply-idaho-falls-id,unknown,unknown,Yes
https://junkyardsnearme.com/junkyards/michigan/9997434-abcat-auto-inc-ypsilanti-mi,unknown,unknown,Yes
https://junkyardsnearme.com/junkyards=&p=21?%2Fjunkyards=&p=20,unknown,unknown,Yes
https://junkyardsnearme.com/junkyards/california=&p=18?%2Fjunkyards%2Fcalifornia=&p=17,unknown,unknown,Yes
https://junkyardsnearme.com/junkyards/ohio/10001044-phoenix-auto-wrecking-lcc-lima-oh,unknown,unknown,Yes
https://junkyardsnearme.com/junkyards/alberta/9997587-all-in-one-auto-parts-strathmore-ab,unknown,unknown,Yes
https://junkyardsnearme.com/junkyards/new-york/9997802-auto-recyclers-association-of-ny-albany-ny,unknown,unknown,Yes
https://junkyardsnearme.com/junkyards/texas/9999577-houston-auto-truck-parts-houston-tx,unknown,unknown,Yes
https://junkyardsnearme.com/junkyards/new-hampshire/9999778-jean-guys-used-cars-parts-pelham-nh,unknown,unknown,Yes
https://junkyardsnearme.com/junkyards/wisconsin/9997737-ati-altoona-wi,unknown,unknown,Yes
https://junkyardsnearme.com/junkyards/north-carolina/2899640-shires-used-parts-ellenboro-nc,unknown,unknown,Yes
https://junkyardsnearme.com/junkyards/colorado/9997433-abc-used-parts-colorado-springs-co,unknown,unknown,Yes
https://junkyardsnearme.com/junkyards/michigan/10000628-midwest-auto-truck-spring-canton-mi,unknown,unknown,Yes
https://junkyardsnearme.com/junkyards/ohio/2797500-h-e-m-auto-parts-inc-columbus-oh,unknown,unknown,Yes
https://junkyardsnearme.com/junkyards/ontario/10000166-lkq-cumberland-sonshine-auto-cumberland-on,unknown,unknown,Yes
https://junkyardsnearme.com/junkyards/georgia/9998271-central-georgia-auto-salvage-warner-robins-ga,unknown,unknown,Yes
https://junkyardsnearme.com/junkyards/south-dakota/2253809-meyers-auto-aberdeen-sd,unknown,unknown,Yes
https://junkyardsnearme.com/junkyards/michigan/10000546-michigan-imported-cars-westland-mi,unknown,unknown,Yes
https://junkyardsnearme.com/junkyards/arizona=&p=3?%2Fjunkyards%2Farizona=&p=2,unknown,unknown,Yes
https://junkyardsnearme.com/junkyards/washington/10001269-randys-auto-parts-towing-okanogan-wa,unknown,unknown,Yes
https://junkyardsnearme.com/junkyards/pennsylvania/4257415-patterson-auto-wrecking-inc-cochranton-pa,unknown,unknown,Yes
https://junkyardsnearme.com/junkyards/new-hampshire/10000552-lamberts-used-auto-parts-hooksett-nh,unknown,unknown,Yes
https://junkyardsnearme.com/junkyards/illinois/10000264-loves-park-auto-parts-machesney-park-il,unknown,unknown,Yes
https://junkyardsnearme.com/junkyards/iowa=&p=1,unknown,unknown,Yes
https://junkyardsnearme.com/junkyards/new-york/9998376-olde-good-things-new-york-ny,unknown,unknown,Yes
https://junkyardsnearme.com/junkyards/colorado/8375036-budget-imports-sheridan-co,unknown,unknown,Yes
https://junkyardsnearme.com/junkyards/pennsylvania/7757391-lords-valley-towing-salvage-hawley-pa,unknown,unknown,Yes
https://junkyardsnearme.com/junkyards/massachusetts/10000491-east-freetown-auto-salvage-east-freetown-ma,unknown,unknown,Yes
https://junkyardsnearme.com/junkyards/connecticut/9999989-jordan-used-auto-parts-preston-ct,unknown,unknown,Yes
https://junkyardsnearme.com/junkyards/california/9999167-fresno-silver-star-recycling-fresno-ca,unknown,unknown,Yes
https://junkyardsnearme.com/junkyards/montana=&p=2,unknown,unknown,Yes
https://junkyardsnearme.com/junkyards/virginia/9997772-auto-cycle-vara-danville-va,unknown,unknown,Yes
https://junkyardsnearme.com/junkyards/michigan/9997645-american-import-auto-parts-sterling-heights-mi,unknown,unknown,Yes
https://junkyardsnearme.com/junkyards/tennessee/4532300-delk-performance-parts-lebanon-tn,unknown,unknown,Yes
https://junkyardsnearme.com/junkyards/texas/9997285-a-1-auto-parts-dallas-tx,unknown,unknown,Yes
https://junkyardsnearme.com/junkyards=&p=355?%2Fjunkyards=&p=356,unknown,unknown,Yes
https://junkyardsnearme.com/junkyards/washington/9997711-ar1-auto-wrecking-yakima-wa,unknown,unknown,Yes
https://junkyardsnearme.com/junkyards/north-dakota/9999906-kens-auto-inc-strasburg-nd,unknown,unknown,Yes
https://junkyardsnearme.com/junkyards=&p=295?%2Fjunkyards=&p=296,unknown,unknown,Yes
https://junkyardsnearme.com/junkyards/new-hampshire/10000529-roys-auto-salvage-pittsfield-nh,unknown,unknown,Yes
https://junkyardsnearme.com/junkyards=&p=7?%2Fjunkyards=&p=6,unknown,unknown,Yes
https://junkyardsnearme.com/junkyards/north-carolina/10000120-lexington-auto-salvage-lexington-nc,unknown,unknown,Yes
https://junkyardsnearme.com/junkyards/florida/9997272-a-utility-central-used-auto-parts-medley-fl,unknown,unknown,Yes
https://junkyardsnearme.com/junkyards/british-columbia=&p=7?%2Fjunkyards%2Fbritish-columbia=&p=6,unknown,unknown,Yes
https://junkyardsnearme.com/junkyards/new-jersey/3490332-cosmos-ocean-county-auto-parts-bayville-nj,unknown,unknown,Yes
https://junkyardsnearme.com/junkyards/texas/10001179-price-lo-auto-houston-tx,unknown,unknown,Yes
https://junkyardsnearme.com/junkyards/texas/7800331-all-day-auto-parts-houston-tx,unknown,unknown,Yes
https://junkyardsnearme.com/junkyards=&p=197?%2Fjunkyards=&p=196,unknown,unknown,Yes
https://junkyardsnearme.com/junkyards/florida=&p=22,unknown,unknown,Yes
https://junkyardsnearme.com/junkyards/florida/9997401-aaa-auto-sales-parts-service-inc-orlando-fl,unknown,unknown,Yes
https://junkyardsnearme.com/junkyards=&p=10?%2Fjunkyards=&p=11,unknown,unknown,Yes
https://junkyardsnearme.com/junkyards/texas/9997995-bills-auto-salvage-denison-tx,unknown,unknown,Yes
https://junkyardsnearme.com/junkyards=&p=129?%2Fjunkyards=&p=128,unknown,unknown,Yes
https://junkyardsnearme.com/junkyards/idaho/10000151-lkq-barger-auto-parts-nampa-id,unknown,unknown,Yes
https://junkyardsnearme.com/junkyards/michigan/9999558-hollywood-auto-parts-detroit-mi,unknown,unknown,Yes
https://junkyardsnearme.com/junkyards/wisconsin/6262929-kewaskum-auto-recyclers-kewaskum-wi,unknown,unknown,Yes
https://junkyardsnearme.com/junkyards/nevada/9997881-b-r-auto-wrecking-henderson-nv,unknown,unknown,Yes
https://junkyardsnearme.com/junkyards/tennessee=&p=10?%2Fjunkyards%2Ftennessee=&p=9,unknown,unknown,Yes
https://junkyardsnearme.com/junkyards/tennessee/9997498-advance-auto-salvage-murfreesboro-tn,unknown,unknown,Yes
https://junkyardsnearme.com/junkyards/iowa/7263202-lems-auto-recyclers-doon-ia,unknown,unknown,Yes
https://junkyardsnearme.com/junkyards/maryland/9999810-john-browns-auto-parts-white-hall-md,unknown,unknown,Yes
https://junkyardsnearme.com/junkyards/new-york/9998204-capital-auto-salvage-sales-ridgewood-ny,unknown,unknown,Yes
https://junkyardsnearme.com/junkyards/ontario/9997091-mikes-auto-salvage-midland-on,unknown,unknown,Yes
https://junkyardsnearme.com/junkyards=&p=423,unknown,unknown,Yes
https://junkyardsnearme.com/junkyards/indiana=&p=1?%2Fjunkyards%2Findiana=&p=2,unknown,unknown,Yes
https://junkyardsnearme.com/junkyards/new-hampshire/10000576-admac-salvage-littleton-nh,unknown,unknown,Yes
https://junkyardsnearme.com/junkyards/ontario/6431205-lkq-dominion-auto-supply-wrecking-stoney-creek-on,unknown,unknown,Yes
https://junkyardsnearme.com/junkyards/georgia/9998203-capital-auto-parts-thomasville-ga,unknown,unknown,Yes
https://junkyardsnearme.com/junkyards/massachusetts/9999128-rhb-removal-salvage-milford-ma,unknown,unknown,Yes
https://junkyardsnearme.com/junkyards/texas/9997526-airline-used-auto-parts-houston-tx,unknown,unknown,Yes
https://junkyardsnearme.com/junkyards/florida/10000384-macs-auto-salvage-avon-park-fl,unknown,unknown,Yes
https://junkyardsnearme.com/junkyards/connecticut/2962528-coronas-auto-parts-hartford-ct,unknown,unknown,Yes
https://junkyardsnearme.com/junkyards/connecticut/10000850-mansfield-used-auto-parts-mansfield-center-ct,unknown,unknown,Yes
https://junkyardsnearme.com/junkyards/oregon/9997827-axis-motors-llc-portland-or,unknown,unknown,Yes
https://junkyardsnearme.com/junkyards/ohio/10001020-pearl-road-auto-wrecking-salvage-cleveland-oh,unknown,unknown,Yes
https://junkyardsnearme.com/junkyards=&p=306?%2Fjunkyards=&p=307,unknown,unknown,Yes
https://junkyardsnearme.com/junkyards=&p=363?%2Fjunkyards=&p=364,unknown,unknown,Yes
https://junkyardsnearme.com/junkyards/michigan/10001415-rockwood-auto-parts-south-rockwood-mi,unknown,unknown,Yes
https://junkyardsnearme.com/junkyards/south-carolina,unknown,unknown,Yes
https://junkyardsnearme.com/junkyards/new-jersey/10001630-jc-daughters-24-hour-towing-ledgewood-nj,unknown,unknown,Yes
https://junkyardsnearme.com/junkyards/virginia/10000924-oakes-auto-parts-danville-va,unknown,unknown,Yes
https://junkyardsnearme.com/junkyards=&p=190,unknown,unknown,Yes
https://junkyardsnearme.com/junkyards/montana/9998731-dietz-auto-truck-salvage-billings-mt,unknown,unknown,Yes
https://junkyardsnearme.com/junkyards=&p=391,unknown,unknown,Yes
https://junkyardsnearme.com/junkyards/michigan/9998957-ernies-auto-parts-harrison-township-mi,unknown,unknown,Yes
https://junkyardsnearme.com/junkyards/california/10000995-parts-4-less-auto-dismantling-turlock-ca,unknown,unknown,Yes
https://junkyardsnearme.com/junkyards/pennsylvania=&p=4,unknown,unknown,Yes
https://junkyardsnearme.com/junkyards/texas/9999272-glenn-jerrys-haltom-city-tx,unknown,unknown,Yes
https://junkyardsnearme.com/junkyards/west-virginia/9999762-jap-jims-auto-parts-greenville-wv,unknown,unknown,Yes
https://junkyardsnearme.com/junkyards/georgia/9997419-aaction-auto-parts-savannah-ga,unknown,unknown,Yes
https://junkyardsnearme.com/junkyards/new-jersey/9997613-allamuchy-auto-recycling-andover-nj,unknown,unknown,Yes
https://junkyardsnearme.com/junkyards/wisconsin/7231193-cadott-auto-recyclers-sales-inc-cadott-wi,unknown,unknown,Yes
https://junkyardsnearme.com/junkyards/california/10000974-pacific-auto-wrecking-ontario-ca,unknown,unknown,Yes
https://junkyardsnearme.com/junkyards/pennsylvania/9998534-cristinis-auto-wrecking-brockport-pa,unknown,unknown,Yes
https://junkyardsnearme.com/junkyards/montana/7365879-falls-used-auto-parts-great-falls-mt,unknown,unknown,Yes
https://junkyardsnearme.com/junkyards/oklahoma/8327077-east-west-auto-parts-inc-tulsa-ok,unknown,unknown,Yes
https://junkyardsnearme.com/junkyards/indiana/9999098-floras-auto-parts-leesburg-in,unknown,unknown,Yes
https://junkyardsnearme.com/junkyards/quebec/9999459-henri-miron-automobile-ltee-saint-jerome-qc,unknown,unknown,Yes
https://junkyardsnearme.com/junkyards/quebec/10001124-pieces-dautos-marcil-saint-thomas-qc,unknown,unknown,Yes
https://junkyardsnearme.com/junkyards/texas/9999274-glenns-auto-truck-parts-houston-tx,unknown,unknown,Yes
https://junkyardsnearme.com/junkyards/british-columbia/9999349-gt-auto-recyclers-limited-100-mile-house-bc,unknown,unknown,Yes
https://junkyardsnearme.com/junkyards/maine/10000687-t-as-automotive-services-sales-unity-me,unknown,unknown,Yes
https://junkyardsnearme.com/junkyards/california/9998180-california-auto-parts-modesto-ca,unknown,unknown,Yes
https://junkyardsnearme.com/junkyards/washington/10001008-pasco-auto-wrecking-pasco-wa,unknown,unknown,Yes
https://junkyardsnearme.com/junkyards/florida/6826322-lkq-pick-your-part-jacksonville-jacksonville-fl,unknown,unknown,Yes
https://junkyardsnearme.com/junkyards/pennsylvania=&p=3?%2Fjunkyards%2Fpennsylvania=&p=4,unknown,unknown,Yes
https://junkyardsnearme.com/junkyards/michigan/6438696-georges-auto-parts-st-ignace-mi,unknown,unknown,Yes
https://junkyardsnearme.com/junkyards/iowa/10001171-powerhouse-auto-ackley-ia,unknown,unknown,Yes
https://junkyardsnearme.com/junkyards/pennsylvania/9997087-orthodox-auto-company-philadelphia-pa,unknown,unknown,Yes
https://junkyardsnearme.com/junkyards/manitoba/2570858-aimes-auto-parts-winnipeg-mb,unknown,unknown,Yes
https://junkyardsnearme.com/junkyards/massachusetts/9997528-airport-auto-parts-leominster-ma,unknown,unknown,Yes
https://junkyardsnearme.com/junkyards/maine/9999628-daves-junkyard-freeport-me,unknown,unknown,Yes
https://junkyardsnearme.com/junkyards/new-york/10000258-long-island-exports-deer-park-ny,unknown,unknown,Yes
https://junkyardsnearme.com/junkyards/tennessee/10001664-smithville-auto-salvage-llc-dowelltown-tn,unknown,unknown,Yes
https://junkyardsnearme.com/junkyards/nevada/9997531-airport-auto-wrecking-reno-nv,unknown,unknown,Yes
https://junkyardsnearme.com/junkyards=&p=370?%2Fjunkyards=&p=371,unknown,unknown,Yes
https://junkyardsnearme.com/junkyards/illinois/3453559-kelly-car-buyer-joliet-il,unknown,unknown,Yes
https://junkyardsnearme.com/junkyards/new-jersey=&p=14,unknown,unknown,Yes
https://junkyardsnearme.com/junkyards/pennsylvania/10001889-tioga-recycle-n-parts-philadelphia-pa,unknown,unknown,Yes
https://junkyardsnearme.com/junkyards/washington/8303532-turbo-transport-towing-recovery-renton-wa,unknown,unknown,Yes
https://junkyardsnearme.com/junkyards/rhode-island/9999986-metals-recycling-llc-johnston-ri,unknown,unknown,Yes
https://junkyardsnearme.com/junkyards=&p=18,unknown,unknown,Yes
https://junkyardsnearme.com/junkyards/texas/9999302-gordo-auto-body-parts-irving-tx,unknown,unknown,Yes
https://junkyardsnearme.com/junkyards/south-carolina/9998230-carolina-salvage-rock-hill-sc,unknown,unknown,Yes
https://junkyardsnearme.com/junkyards=&p=169?%2Fjunkyards=&p=168,unknown,unknown,Yes
https://junkyardsnearme.com/junkyards/new-jersey/10001628-abracadabra-junk-be-gone-orange-nj,unknown,unknown,Yes
https://junkyardsnearme.com/junkyards/pennsylvania/10000805-newcomers-truck-parts-waynesboro-pa,unknown,unknown,Yes
https://junkyardsnearme.com/junkyards=&p=415?%2Fjunkyards=&p=416,unknown,unknown,Yes
https://junkyardsnearme.com/junkyards/kansas/9997214-a-a-auto-and-truck-parts-inc-topeka-ks,unknown,unknown,Yes
https://junkyardsnearme.com/junkyards/utah,unknown,unknown,Yes
https://junkyardsnearme.com/junkyards/california/9999568-hondas-only-santa-clara-ca,unknown,unknown,Yes
https://junkyardsnearme.com/junkyards/california/2163400-british-car-service-los-angeles-ca,unknown,unknown,Yes
https://junkyardsnearme.com/junkyards/oklahoma/6723865-okc-pickup-parts-oklahoma-city-ok,unknown,unknown,Yes
https://junkyardsnearme.com/junkyards/oklahoma/10001462-rupperts-pickup-parts-norman-ok,unknown,unknown,Yes
https://junkyardsnearme.com/junkyards/california/9473969-kar-king-auto-ontario-ca,unknown,unknown,Yes
https://junkyardsnearme.com/junkyards/virginia/7930798-antique-auto-parts-callaway-va,unknown,unknown,Yes
https://junkyardsnearme.com/junkyards/north-carolina=&p=6,unknown,unknown,Yes
https://junkyardsnearme.com/junkyards=&p=234?%2Fjunkyards=&p=233,unknown,unknown,Yes
https://junkyardsnearme.com/junkyards/pennsylvania/9997292-a-1-automotive-erie-pa,unknown,unknown,Yes
https://junkyardsnearme.com/junkyards/california/3613242-franks-pontiac-parts-auto-dismantling-twentynine-palms-ca,unknown,unknown,Yes
https://junkyardsnearme.com/junkyards=&p=46?%2Fjunkyards=&p=47,unknown,unknown,Yes
https://junkyardsnearme.com/junkyards/michigan/9998557-cut-rate-auto-parts-flint-mi,unknown,unknown,Yes
https://junkyardsnearme.com/junkyards/new-hampshire/10000531-scrap-metal-buyers-nashua-nh,unknown,unknown,Yes
https://junkyardsnearme.com/junkyards/florida=&p=19?%2Fjunkyards%2Fflorida=&p=18,unknown,unknown,Yes
https://junkyardsnearme.com/junkyards/california/7683246-blue-motors-honda-acura-sun-valley-ca,unknown,unknown,Yes
https://junkyardsnearme.com/junkyards/michigan/10001180-price-used-cars-parts-detroit-mi,unknown,unknown,Yes
https://junkyardsnearme.com/junkyards/minnesota/7848890-a-abco-fridley-recycled-auto-fridley-mn,unknown,unknown,Yes
https://junkyardsnearme.com/junkyards=&p=455?%2Fjunkyards=&p=454,unknown,unknown,Yes
https://junkyardsnearme.com/junkyards/florida/9998126-buds-auto-parts-miami-fl,unknown,unknown,Yes
https://junkyardsnearme.com/junkyards/quebec/9999197-garage-gaetan-aubry-saint-nazaire-dacton-qc,unknown,unknown,Yes
https://junkyardsnearme.com/junkyards/arkansas/9997288-west-memphis-ar,unknown,unknown,Yes
https://junkyardsnearme.com/junkyards/south-carolina/10000061-laurens-auto-salvage-laurens-sc,unknown,unknown,Yes
https://junkyardsnearme.com/junkyards=&p=174?%2Fjunkyards=&p=173,unknown,unknown,Yes
https://junkyardsnearme.com/junkyards/wisconsin/9997783-auto-parts-recycling-fredonia-wi,unknown,unknown,Yes
https://junkyardsnearme.com/junkyards/michigan/5421192-arkin-automotive-supply-distributors-ferndale-mi,unknown,unknown,Yes
https://junkyardsnearme.com/junkyards/vermont=&p=2?%2Fjunkyards%2Fvermont=&p=1,unknown,unknown,Yes
https://junkyardsnearme.com/junkyards/pennsylvania=&p=19,unknown,unknown,Yes
https://junkyardsnearme.com/junkyards/alabama/9997798-auto-recks-tuscaloosa-al,unknown,unknown,Yes
https://junkyardsnearme.com/junkyards/tennessee/10000768-n-s-auto-parts-nashville-tn,unknown,unknown,Yes
https://junkyardsnearme.com/junkyards/ohio/7432594-the-speed-shop-somerset-oh,unknown,unknown,Yes
https://junkyardsnearme.com/junkyards=&p=179,unknown,unknown,Yes
https://junkyardsnearme.com/junkyards/new-york/10001833-county-metal-yard-new-hampton-ny,unknown,unknown,Yes
https://junkyardsnearme.com/junkyards/iowa/10001665-smittys-auto-parts-inc-des-moines-ia,unknown,unknown,Yes
https://junkyardsnearme.com/junkyards/new-jersey/10001231-cash-4-cars-nj-cliffwood-nj,unknown,unknown,Yes
https://junkyardsnearme.com/junkyards=&p=295,unknown,unknown,Yes
https://junkyardsnearme.com/junkyards/alaska/9999536-hilltop-recycling-chugiak-ak,unknown,unknown,Yes
https://junkyardsnearme.com/junkyards/vermont/10000730-rays-rebuildables-salvage-swanton-vt,unknown,unknown,Yes
https://junkyardsnearme.com/junkyards/florida/9997869-b-s-auto-salvage-wildwood-fl,unknown,unknown,Yes
https://junkyardsnearme.com/junkyards=&p=369?%2Fjunkyards=&p=368,unknown,unknown,Yes
https://junkyardsnearme.com/junkyards/utah/9999533-hilltop-auto-orem-ut,unknown,unknown,Yes
https://junkyardsnearme.com/junkyards/pennsylvania?%2Fjunkyards%2Fpennsylvania=&p=2,unknown,unknown,Yes
https://junkyardsnearme.com/junkyards/minnesota/10001757-star-city-auto-parts-sales-austin-mn,unknown,unknown,Yes
https://junkyardsnearme.com/junkyards/idaho/3573686-autofarm-usa-idaho-falls-id,unknown,unknown,Yes
https://junkyardsnearme.com/junkyards/arkansas/10001196-pruitts-auto-parts-jonesboro-ar,unknown,unknown,Yes
https://junkyardsnearme.com/junkyards/connecticut/10000396-mansfield-used-auto-parts-mansfield-center-ct,unknown,unknown,Yes
https://junkyardsnearme.com/junkyards/indiana/9252277-indy-pic-a-part-indianapolis-in,unknown,unknown,Yes
https://junkyardsnearme.com/junkyards=&p=353?%2Fjunkyards=&p=354,unknown,unknown,Yes
https://junkyardsnearme.com/junkyards/quebec=&p=5?%2Fjunkyards%2Fquebec=&p=4,unknown,unknown,Yes
https://junkyardsnearme.com/junkyards/pennsylvania/3544614-gunzys-auto-salvage-narvon-pa,unknown,unknown,Yes
https://junkyardsnearme.com/junkyards/iowa/2391344-meier-auto-salvage-sioux-city-ia,unknown,unknown,Yes
https://junkyardsnearme.com/junkyards/ohio/2930703-moraine-auto-parts-service-moraine-oh,unknown,unknown,Yes
https://junkyardsnearme.com/junkyards/maine/7577800-l-j-trucking-and-recycling-oakfield-me,unknown,unknown,Yes
https://junkyardsnearme.com/junkyards/new-jersey/9998888-kendzierski-brothers-camden-nj,unknown,unknown,Yes
https://junkyardsnearme.com/junkyards/tennessee/8556611-ace-auto-salvage-goodlettsville-tn,unknown,unknown,Yes
https://junkyardsnearme.com/junkyards/north-carolina=&p=3,unknown,unknown,Yes
https://junkyardsnearme.com/junkyards/minnesota/9999643-hwy-27-auto-salvage-long-prairie-mn,unknown,unknown,Yes
https://junkyardsnearme.com/junkyards/new-jersey/10001576-balemet-recycling-newark-nj,unknown,unknown,Yes
https://junkyardsnearme.com/junkyards/north-carolina/9998635-davidson-auto-salvage-lexington-nc,unknown,unknown,Yes
https://junkyardsnearme.com/junkyards=&p=272,unknown,unknown,Yes
https://junkyardsnearme.com/junkyards=&p=399?%2Fjunkyards=&p=400,unknown,unknown,Yes
https://junkyardsnearme.com/junkyards/new-hampshire/10000554-bulls-eye-motors-epping-nh,unknown,unknown,Yes
https://junkyardsnearme.com/junkyards/california/9998181-california-auto-recycling-san-diego-ca,unknown,unknown,Yes
https://junkyardsnearme.com/junkyards=&p=249,unknown,unknown,Yes
https://junkyardsnearme.com/junkyards=&p=26?%2Fjunkyards=&p=25,unknown,unknown,Yes
https://junkyardsnearme.com/junkyards/michigan/9998769-dorr-auto-salvage-dorr-mi,unknown,unknown,Yes
https://junkyardsnearme.com/junkyards=&p=349?%2Fjunkyards=&p=350,unknown,unknown,Yes
https://junkyardsnearme.com/junkyards=&p=297?%2Fjunkyards=&p=298,unknown,unknown,Yes
https://junkyardsnearme.com/junkyards=&p=419?%2Fjunkyards=&p=420,unknown,unknown,Yes
https://junkyardsnearme.com/junkyards/new-jersey=&p=17,unknown,unknown,Yes
https://junkyardsnearme.com/junkyards/texas/8933904-ellis-auto-parts-sherman-tx,unknown,unknown,Yes
https://junkyardsnearme.com/junkyards/new-jersey/9997552-albion-auto-parts-berlin-nj,unknown,unknown,Yes
https://junkyardsnearme.com/junkyards/indiana/10000189-lkq-kentuckiana-sellersburg-in,unknown,unknown,Yes
https://junkyardsnearme.com/junkyards/quebec=&p=7,unknown,unknown,Yes
https://junkyardsnearme.com/junkyards/new-york/9999843-lymans-salvage-plattsburgh-ny,unknown,unknown,Yes
https://junkyardsnearme.com/junkyards/louisiana=&p=3?%2Fjunkyards%2Flouisiana=&p=2,unknown,unknown,Yes
https://junkyardsnearme.com/junkyards/louisiana/9998953-erics-auto-salvage-yard-llc-eunice-la,unknown,unknown,Yes
https://junkyardsnearme.com/junkyards/ohio=&p=14?%2Fjunkyards%2Fohio=&p=13,unknown,unknown,Yes
https://junkyardsnearme.com/junkyards/massachusetts/9999235-arthur-s-auto-junk-yard-taunton-ma,unknown,unknown,Yes
https://junkyardsnearme.com/junkyards/new-hampshire=&p=8,unknown,unknown,Yes
https://junkyardsnearme.com/junkyards/new-york/10001627-bergen-street-used-parts-brooklyn-ny,unknown,unknown,Yes
https://junkyardsnearme.com/junkyards/kentucky/10000939-old-pike-27-auto-parts-butler-ky,unknown,unknown,Yes
https://junkyardsnearme.com/junkyards/texas/9997269-a-u-pull-it-canutillo-tx,unknown,unknown,Yes
https://junkyardsnearme.com/junkyards=&p=254?%2Fjunkyards=&p=255,unknown,unknown,Yes
https://junkyardsnearme.com/junkyards/california/10000972-pacific-auto-dismantler-wilmington-ca,unknown,unknown,Yes
https://junkyardsnearme.com/junkyards/illinois,unknown,unknown,Yes
https://junkyardsnearme.com/junkyards/quebec/9999506-hill-auto-lepiphanie-qc,unknown,unknown,Yes
https://junkyardsnearme.com/junkyards/maryland/8703600-andrews-auto-parts-white-plains-md,unknown,unknown,Yes
https://junkyardsnearme.com/junkyards/california/10001009-paso-robles-auto-wrecking-paso-robles-ca,unknown,unknown,Yes
https://junkyardsnearme.com/junkyards/new-jersey/10001086-hunter-alloys-llc-boonton-nj,unknown,unknown,Yes
https://junkyardsnearme.com/junkyards=&p=240,unknown,unknown,Yes
https://junkyardsnearme.com/junkyards/new-york/9998844-america-recycle-junk-cars-bronx-ny,unknown,unknown,Yes
https://junkyardsnearme.com/junkyards=&p=424?%2Fjunkyards=&p=423,unknown,unknown,Yes
https://junkyardsnearme.com/junkyards/ontario=&p=3?%2Fjunkyards%2Fontario=&p=4,unknown,unknown,Yes
https://junkyardsnearme.com/junkyards/michigan=&p=13?%2Fjunkyards%2Fmichigan=&p=12,unknown,unknown,Yes
https://junkyardsnearme.com/junkyards/mississippi/7465589-big-ds-parts-yazoo-city-ms,unknown,unknown,Yes
https://junkyardsnearme.com/junkyards/south-dakota/2258200-aberdeen-accessories-aberdeen-sd,unknown,unknown,Yes
https://junkyardsnearme.com/junkyards/wisconsin/9997706-appleton-auto-recyclers-appleton-wi,unknown,unknown,Yes
https://junkyardsnearme.com/junkyards/california/9999045-express-truck-auto-recycling-san-diego-ca,unknown,unknown,Yes
https://junkyardsnearme.com/junkyards/illinois/10001416-rocky-auto-parts-robbins-il,unknown,unknown,Yes
https://junkyardsnearme.com/junkyards/ontario/9998193-cambridge-auto-wreckers-cambridge-on,unknown,unknown,Yes
https://junkyardsnearme.com/junkyards/north-carolina/10000430-matlock-used-auto-parts-cleveland-cleveland-nc,unknown,unknown,Yes
https://junkyardsnearme.com/junkyards/california/3237664-any-kar-auto-parts-gardena-ca,unknown,unknown,Yes
https://junkyardsnearme.com/junkyards/florida/10002055-venezuela-auto-sales-opa-locka-fl,unknown,unknown,Yes
https://junkyardsnearme.com/junkyards/new-york/3662489-universal-used-auto-parts-ridgewood-ny,unknown,unknown,Yes
https://junkyardsnearme.com/junkyards=&p=346?%2Fjunkyards=&p=345,unknown,unknown,Yes
https://junkyardsnearme.com/junkyards/illinois/9998319-cimco-auto-parts-milan-il,unknown,unknown,Yes
https://junkyardsnearme.com/junkyards/michigan/9999907-kens-auto-parts-muskegon-mi,unknown,unknown,Yes
https://junkyardsnearme.com/junkyards=&p=455?%2Fjunkyards=&p=456,unknown,unknown,Yes
https://junkyardsnearme.com/junkyards/indiana=&p=6,unknown,unknown,Yes
https://junkyardsnearme.com/junkyards/north-carolina/9998545-crutchfield-auto-parts-too-mebane-nc,unknown,unknown,Yes
https://junkyardsnearme.com/junkyards/minnesota/10000460-mcneilus-auto-truck-parts-dodge-center-mn,unknown,unknown,Yes
https://junkyardsnearme.com/junkyards/texas/9998153-burrows-abc-auto-salvage-repair-fort-worth-tx,unknown,unknown,Yes
https://junkyardsnearme.com/junkyards/quebec/10001881-ti-coeur-pieces-dautos-saint-hubert-riviere-du-loup-qc,unknown,unknown,Yes
https://junkyardsnearme.com/junkyards/illinois/9998188-calumet-collision-auto-repair-calumet-city-il,unknown,unknown,Yes
https://junkyardsnearme.com/junkyards=&p=512,unknown,unknown,Yes
https://junkyardsnearme.com/junkyards=&p=187,unknown,unknown,Yes
https://junkyardsnearme.com/junkyards/new-york/9999711-islip-car-truck-recycling-islip-ny,unknown,unknown,Yes
https://junkyardsnearme.com/junkyards=&p=431,unknown,unknown,Yes
https://junkyardsnearme.com/junkyards=&p=328?%2Fjunkyards=&p=329,unknown,unknown,Yes
https://junkyardsnearme.com/junkyards=&p=172,unknown,unknown,Yes
https://junkyardsnearme.com/junkyards/michigan/10001533-scholz-auto-truck-parts-capac-mi,unknown,unknown,Yes
https://junkyardsnearme.com/junkyards/michigan/9998715-detroit-car-center-inc-detroit-mi,unknown,unknown,Yes
https://junkyardsnearme.com/junkyards/minnesota=&p=9?%2Fjunkyards%2Fminnesota=&p=8,unknown,unknown,Yes
https://junkyardsnearme.com/junkyards/montana/2872259-mountain-states-drivetrain-whitehall-mt,unknown,unknown,Yes
https://junkyardsnearme.com/junkyards/new-jersey/10001917-roxbury-auto-wreckers-wharton-nj,unknown,unknown,Yes
https://junkyardsnearme.com/junkyards=&p=170?%2Fjunkyards=&p=171,unknown,unknown,Yes
https://junkyardsnearme.com/junkyards/alberta=&p=3,unknown,unknown,Yes
https://junkyardsnearme.com/junkyards/massachusetts/9999022-m-j-s-metals-townsend-ma,unknown,unknown,Yes
https://junkyardsnearme.com/junkyards/british-columbia/9998959-ernies-used-auto-parts-castlegar-bc,unknown,unknown,Yes
https://junkyardsnearme.com/junkyards/utah/3672550-j-s-andersons-auto-wrecking-spanish-fork-ut,unknown,unknown,Yes
https://junkyardsnearme.com/junkyards/michigan/9999681-integrity-auto-truck-owosso-mi,unknown,unknown,Yes
https://junkyardsnearme.com/junkyards/massachusetts/10000042-fijols-junkyard-inc-palmer-ma,unknown,unknown,Yes
https://junkyardsnearme.com/junkyards/quebec/9998064-brassard-pieces-dautos-saint-amable-qc,unknown,unknown,Yes
https://junkyardsnearme.com/junkyards=&p=465?%2Fjunkyards=&p=464,unknown,unknown,Yes
https://junkyardsnearme.com/junkyards/north-carolina/9997975-big-boys-auto-center-grimesland-nc,unknown,unknown,Yes
https://junkyardsnearme.com/junkyards/florida/8848574-bobs-u-pick-auto-parts-miami-fl,unknown,unknown,Yes
https://junkyardsnearme.com/junkyards/ontario/9998496-corey-auto-wreckers-london-on,unknown,unknown,Yes
https://junkyardsnearme.com/junkyards/pennsylvania=&p=11,unknown,unknown,Yes
https://junkyardsnearme.com/junkyards/illinois/10001596-shelby-sons-west-frankfort-il,unknown,unknown,Yes
https://junkyardsnearme.com/junkyards/oklahoma/10001112-pickup-parts-sales-meeker-ok,unknown,unknown,Yes
https://junkyardsnearme.com/junkyards/west-virginia/10001025-peers-used-auto-parts-ridgeley-wv,unknown,unknown,Yes
https://junkyardsnearme.com/junkyards=&p=73,unknown,unknown,Yes
https://junkyardsnearme.com/junkyards/pennsylvania/9997806-auto-spot-ii-llc-philadelphia-pa,unknown,unknown,Yes
https://junkyardsnearme.com/junkyards/illinois/5829311-d-s-used-auto-parts-sales-blackstone-il,unknown,unknown,Yes
https://junkyardsnearme.com/junkyards=&p=57,unknown,unknown,Yes
https://junkyardsnearme.com/junkyards/oregon/10001258-ram-light-truck-salvage-portland-or,unknown,unknown,Yes
https://junkyardsnearme.com/junkyards/california/10000973-pacific-auto-parts-san-jose-ca,unknown,unknown,Yes
https://junkyardsnearme.com/junkyards=&p=396?%2Fjunkyards=&p=397,unknown,unknown,Yes
https://junkyardsnearme.com/junkyards/maryland/10000222-lkq-potomac-german-auto-parts-frederick-md,unknown,unknown,Yes
https://junkyardsnearme.com/junkyards/florida/9997165-abc-used-auto-parts-fl-orlando-fl,unknown,unknown,Yes
https://junkyardsnearme.com/junkyards/california/9999310-grand-central-auto-parts-los-angeles-ca,unknown,unknown,Yes
https://junkyardsnearme.com/junkyards/missouri/9999578-howards-auto-salvage-springfield-mo,unknown,unknown,Yes
https://junkyardsnearme.com/junkyards/quebec=&p=7?%2Fjunkyards%2Fquebec=&p=6,unknown,unknown,Yes
https://junkyardsnearme.com/junkyards/new-hampshire/10000530-junk-out-hudson-merrimack-nh,unknown,unknown,Yes
https://junkyardsnearme.com/junkyards/georgia/9998529-crest-truck-parts-cartersville-ga,unknown,unknown,Yes
https://junkyardsnearme.com/junkyards/california?%2Fjunkyards%2Fcalifornia=&p=2,unknown,unknown,Yes
https://junkyardsnearme.com/junkyards/north-carolina/9998412-cobbs-collision-salvage-yanceyville-nc,unknown,unknown,Yes
https://junkyardsnearme.com/junkyards/tennessee/9997402-aaa-auto-salvage-lyles-tn,unknown,unknown,Yes
https://junkyardsnearme.com/junkyards/virginia=&p=12,unknown,unknown,Yes
https://junkyardsnearme.com/junkyards/new-hampshire=&p=2,unknown,unknown,Yes
https://junkyardsnearme.com/junkyards=&p=378?%2Fjunkyards=&p=379,unknown,unknown,Yes
https://junkyardsnearme.com/junkyards/ontario/10000250-logels-auto-parts-kitchener-on,unknown,unknown,Yes
https://junkyardsnearme.com/junkyards/british-columbia/9999728-j-k-auto-recycling-richmond-bc,unknown,unknown,Yes
https://junkyardsnearme.com/junkyards=&p=380,unknown,unknown,Yes
https://junkyardsnearme.com/junkyards/new-york/10001345-benson-scrap-metal-brooklyn-ny,unknown,unknown,Yes
https://junkyardsnearme.com/junkyards=&p=266?%2Fjunkyards=&p=267,unknown,unknown,Yes
https://junkyardsnearme.com/junkyards/iowa/5560044-northend-auto-wrecking-inc-dubuque-ia,unknown,unknown,Yes
https://junkyardsnearme.com/junkyards/maine/10002046-valley-motors-fort-kent-me,unknown,unknown,Yes
https://junkyardsnearme.com/junkyards/california=&p=5?%2Fjunkyards%2Fcalifornia=&p=6,unknown,unknown,Yes
https://junkyardsnearme.com/junkyards/massachusetts/9999009-balickis-auto-parts-ware-ma,unknown,unknown,Yes
https://junkyardsnearme.com/junkyards/new-jersey=&p=8?%2Fjunkyards%2Fnew-jersey=&p=7,unknown,unknown,Yes
https://junkyardsnearme.com/junkyards/new-jersey/9998893-beacon-scrap-metal-co-inc-freehold-nj,unknown,unknown,Yes
https://junkyardsnearme.com/junkyards/iowa/9998004-birdnow-auto-salvage-fayette-ia,unknown,unknown,Yes
https://junkyardsnearme.com/junkyards/michigan/9999569-hooper-auto-recycling-linwood-mi,unknown,unknown,Yes
https://junkyardsnearme.com/junkyards/michigan/9999553-holbrook-auto-parts-highland-park-mi,unknown,unknown,Yes
https://junkyardsnearme.com/junkyards/new-mexico=&p=1,unknown,unknown,Yes
https://junkyardsnearme.com/junkyards/texas/9997982-big-leroys-auto-parts-houston-tx,unknown,unknown,Yes
https://junkyardsnearme.com/junkyards=&p=434?%2Fjunkyards=&p=433,unknown,unknown,Yes
https://junkyardsnearme.com/junkyards/michigan/9998358-clarks-auto-parts-lawrence-mi,unknown,unknown,Yes
https://junkyardsnearme.com/junkyards/oregon?%2Fjunkyards%2Foregon=&p=2,unknown,unknown,Yes
https://junkyardsnearme.com/junkyards/new-jersey/9998599-dublin-scrap-metal-inc-cranford-nj,unknown,unknown,Yes
https://junkyardsnearme.com/junkyards=&p=446?%2Fjunkyards=&p=445,unknown,unknown,Yes
https://junkyardsnearme.com/junkyards=&p=65,unknown,unknown,Yes
https://junkyardsnearme.com/junkyards/california/9997924-beaumont-auto-dismantling-recycling-beaumont-ca,unknown,unknown,Yes
https://junkyardsnearme.com/junkyards/quebec/10001289-recyclage-f-picard-sept-iles-qc,unknown,unknown,Yes
https://junkyardsnearme.com/junkyards/texas/9997432-abc-truck-auto-grand-prairie-tx,unknown,unknown,Yes
https://junkyardsnearme.com/junkyards/new-york/9998252-cash-for-cars-new-york-city-junk-cars-new-york-ny,unknown,unknown,Yes
https://junkyardsnearme.com/junkyards/north-carolina=&p=12?%2Fjunkyards%2Fnorth-carolina=&p=11,unknown,unknown,Yes
https://junkyardsnearme.com/junkyards/new-jersey/4657553-lacey-used-auto-parts-newark-nj,unknown,unknown,Yes
https://junkyardsnearme.com/junkyards/tennessee/7285997-auto-parts-unlimited-manchester-tn,unknown,unknown,Yes
https://junkyardsnearme.com/junkyards/texas/9999180-g-n-auto-salvage-llc-canutillo-tx,unknown,unknown,Yes
https://junkyardsnearme.com/junkyards/maine/9999627-garys-auto-salvage-kennebunkport-me,unknown,unknown,Yes
https://junkyardsnearme.com/junkyards/california/9999038-exotic-auto-sales-rancho-cordova-ca,unknown,unknown,Yes
https://junkyardsnearme.com/junkyards/virginia/10000664-mmm-auto-part-king-george-va,unknown,unknown,Yes
https://junkyardsnearme.com/junkyards/montana/9999740-j-a-r-r-choteau-mt,unknown,unknown,Yes
https://junkyardsnearme.com/junkyards=&p=248,unknown,unknown,Yes
https://junkyardsnearme.com/junkyards=&p=456?%2Fjunkyards=&p=457,unknown,unknown,Yes
https://junkyardsnearme.com/junkyards/oklahoma/10001736-square-deal-auto-parts-tulsa-ok,unknown,unknown,Yes
https://junkyardsnearme.com/junkyards/north-carolina/4875234-auto-parts-of-shelby-shelby-nc,unknown,unknown,Yes
https://junkyardsnearme.com/junkyards/florida=&p=28,unknown,unknown,Yes
https://junkyardsnearme.com/junkyards/saskatchewan/10001581-sgi-salvage-regina-salvage-centre-regina-sk,unknown,unknown,Yes
https://junkyardsnearme.com/junkyards=&p=471?%2Fjunkyards=&p=470,unknown,unknown,Yes
https://junkyardsnearme.com/junkyards/minnesota=&p=1,unknown,unknown,Yes
https://junkyardsnearme.com/junkyards/tennessee/10000786-neelys-bend-auto-parts-sales-madison-tn,unknown,unknown,Yes
https://junkyardsnearme.com/junkyards/ohio=&p=20,unknown,unknown,Yes
https://junkyardsnearme.com/junkyards/ontario/9999560-hollywood-north-auto-parts-toronto-on,unknown,unknown,Yes
https://junkyardsnearme.com/junkyards/kentucky/9998413-cockrells-auto-parts-mount-sterling-ky,unknown,unknown,Yes
https://junkyardsnearme.com/junkyards/oklahoma=&p=4?%2Fjunkyards%2Foklahoma=&p=3,unknown,unknown,Yes
https://junkyardsnearme.com/junkyards/alberta/9999347-grove-auto-truck-parts-spruce-grove-ab,unknown,unknown,Yes
https://junkyardsnearme.com/junkyards/michigan=&p=20,unknown,unknown,Yes
https://junkyardsnearme.com/junkyards/connecticut/10000911-junk-removal-old-lyme-ct,unknown,unknown,Yes
https://junkyardsnearme.com/junkyards=&p=187?%2Fjunkyards=&p=186,unknown,unknown,Yes
https://junkyardsnearme.com/junkyards/california/10000432-matrix-auto-wreckers-ceres-ca,unknown,unknown,Yes
https://junkyardsnearme.com/junkyards=&p=74?%2Fjunkyards=&p=75,unknown,unknown,Yes
https://junkyardsnearme.com/junkyards/alberta/10001868-the-junk-yard-boyle-ab,unknown,unknown,Yes
https://junkyardsnearme.com/junkyards=&p=99?%2Fjunkyards=&p=98,unknown,unknown,Yes
https://junkyardsnearme.com/junkyards=&p=201?%2Fjunkyards=&p=202,unknown,unknown,Yes
https://junkyardsnearme.com/junkyards/illinois/9998670-decatur-auto-parts-decatur-il,unknown,unknown,Yes
https://junkyardsnearme.com/junkyards/north-carolina/4099140-a-salvage-auto-parts-locator-lexington-nc,unknown,unknown,Yes
https://junkyardsnearme.com/junkyards=&p=365?%2Fjunkyards=&p=364,unknown,unknown,Yes
https://junkyardsnearme.com/junkyards/pennsylvania/10001900-toll-gate-auto-parts-greensburg-pa,unknown,unknown,Yes
https://junkyardsnearme.com/junkyards/florida/9999814-johnnies-c-a-r-s-vero-beach-fl,unknown,unknown,Yes
https://junkyardsnearme.com/junkyards=&p=492,unknown,unknown,Yes
https://junkyardsnearme.com/junkyards/new-york/9999581-howbill-auto-parts-elma-ny,unknown,unknown,Yes
https://junkyardsnearme.com/junkyards/new-york/5974510-key-auto-parts-bronx-ny,unknown,unknown,Yes
https://junkyardsnearme.com/junkyards=&p=269?%2Fjunkyards=&p=268,unknown,unknown,Yes
https://junkyardsnearme.com/junkyards/kentucky/9998028-blue-lick-truck-van-louisville-ky,unknown,unknown,Yes
https://junkyardsnearme.com/feedback,unknown,unknown,Yes
https://junkyardsnearme.com/junkyards/nebraska=&p=3,unknown,unknown,Yes
https://junkyardsnearme.com/junkyards/texas/4873698-gold-dust-auto-parts-pasadena-tx,unknown,unknown,Yes
https://junkyardsnearme.com/junkyards/wyoming,unknown,unknown,Yes
https://junkyardsnearme.com/junkyards/vermont/10000743-r-brown-sons-inc-pittsford-vt,unknown,unknown,Yes
https://junkyardsnearme.com/junkyards/florida=&p=31,unknown,unknown,Yes
https://junkyardsnearme.com/junkyards/minnesota/9998047-borkowski-towing-salvage-winona-mn,unknown,unknown,Yes
https://junkyardsnearme.com/junkyards/british-columbia=&p=6?%2Fjunkyards%2Fbritish-columbia=&p=7,unknown,unknown,Yes
https://junkyardsnearme.com/junkyards=&p=404?%2Fjunkyards=&p=405,unknown,unknown,Yes
https://junkyardsnearme.com/junkyards/connecticut/10001038-petrillos-used-auto-parts-new-haven-ct,unknown,unknown,Yes
https://junkyardsnearme.com/junkyards/kansas/9998709-denton-auto-salvage-saint-marys-ks,unknown,unknown,Yes
https://junkyardsnearme.com/junkyards/florida/10001729-spiveys-auto-salvage-inc-winter-haven-fl,unknown,unknown,Yes
https://junkyardsnearme.com/junkyards=&p=282,unknown,unknown,Yes
https://junkyardsnearme.com/junkyards/california/9997464-ace-auto-wrecking-paramount-ca,unknown,unknown,Yes
https://junkyardsnearme.com/junkyards/virginia/10000366-m-m-service-salvage-yard-east-troy-va,unknown,unknown,Yes
https://junkyardsnearme.com/junkyards/minnesota/10001257-ralphs-car-tractor-service-saint-cloud-mn,unknown,unknown,Yes
https://junkyardsnearme.com/junkyards/maine=&p=5,unknown,unknown,Yes
https://junkyardsnearme.com/junkyards=&p=185?%2Fjunkyards=&p=184,unknown,unknown,Yes
https://junkyardsnearme.com/junkyards/california=&p=27?%2Fjunkyards%2Fcalifornia=&p=28,unknown,unknown,Yes
https://junkyardsnearme.com/junkyards/michigan=&p=21?%2Fjunkyards%2Fmichigan=&p=20,unknown,unknown,Yes
https://junkyardsnearme.com/junkyards/quebec=&p=1?%2Fjunkyards%2Fquebec=&p=2,unknown,unknown,Yes
https://junkyardsnearme.com/junkyards/new-york/10001623-junk-yard-central-brooklyn-ny,unknown,unknown,Yes
https://junkyardsnearme.com/junkyards/california/9350530-good-riddance-hauling-sonoma-ca,unknown,unknown,Yes
https://junkyardsnearme.com/junkyards/ontario/2408444-engine-land-japanese-auto-parts-north-york-on,unknown,unknown,Yes
https://junkyardsnearme.com/junkyards/british-columbia/10001616-sidley-mountain-auto-bridesville-bc,unknown,unknown,Yes
https://junkyardsnearme.com/junkyards/virginia/10000387-madison-heights-auto-parts-madison-heights-va,unknown,unknown,Yes
https://junkyardsnearme.com/junkyards/colorado/9997646-american-import-auto-recyclers-colorado-springs-co,unknown,unknown,Yes
https://junkyardsnearme.com/junkyards/rhode-island/10000522-bills-auto-parts-inc-cumberland-ri,unknown,unknown,Yes
https://junkyardsnearme.com/junkyards/alberta=&p=5,unknown,unknown,Yes
https://junkyardsnearme.com/junkyards/nevada=&p=2,unknown,unknown,Yes
https://junkyardsnearme.com/junkyards/illinois/9997852-b-h-auto-parts-salvage-recycling-rockford-il,unknown,unknown,Yes
https://junkyardsnearme.com/junkyards/new-york/9999580-howbill-auto-parts-wellsville-ny,unknown,unknown,Yes
https://junkyardsnearme.com/junkyards/arizona/9997589-all-japanese-auto-parts-llc-phoenix-az,unknown,unknown,Yes
https://junkyardsnearme.com/junkyards/michigan/9999661-imperial-auto-parts-service-hazel-park-mi,unknown,unknown,Yes
https://junkyardsnearme.com/junkyards/tennessee/10001762-state-line-auto-parts-portland-tn,unknown,unknown,Yes
https://junkyardsnearme.com/junkyards/tennessee=&p=7,unknown,unknown,Yes
https://junkyardsnearme.com/junkyards/florida=&p=18,unknown,unknown,Yes
https://junkyardsnearme.com/junkyards/arizona/9998935-elite-auto-parts-phoenix-az,unknown,unknown,Yes
https://junkyardsnearme.com/junkyards/new-jersey/9998601-bibbs-auto-recycling-kearny-nj,unknown,unknown,Yes
https://junkyardsnearme.com/junkyards/arkansas=&p=3?%2Fjunkyards%2Farkansas=&p=2,unknown,unknown,Yes
https://junkyardsnearme.com/junkyards/rhode-island/10000505-bristol-metal-co-bristol-ri,unknown,unknown,Yes
https://junkyardsnearme.com/junkyards=&p=292,unknown,unknown,Yes
https://junkyardsnearme.com/junkyards=&p=86?%2Fjunkyards=&p=85,unknown,unknown,Yes
https://junkyardsnearme.com/junkyards/new-jersey/9999243-giancola-auto-wrecking-east-brunswick-nj,unknown,unknown,Yes
https://junkyardsnearme.com/junkyards/maine=&p=6?%2Fjunkyards%2Fmaine=&p=5,unknown,unknown,Yes
https://junkyardsnearme.com/junkyards/alberta/10000113-lethbridge-auto-parts-lethbridge-ab,unknown,unknown,Yes
https://junkyardsnearme.com/junkyards/michigan/3449040-frederic-auto-towing-frederic-mi,unknown,unknown,Yes
https://junkyardsnearme.com/junkyards/new-york/10001092-junk-yard-org-new-york-ny,unknown,unknown,Yes
https://junkyardsnearme.com/junkyards=&p=369,unknown,unknown,Yes
https://junkyardsnearme.com/junkyards/oregon=&p=2?%2Fjunkyards%2Foregon=&p=3,unknown,unknown,Yes
https://junkyardsnearme.com/junkyards/oregon/10001051-pick-a-part-truck-parts-turner-or,unknown,unknown,Yes
https://junkyardsnearme.com/junkyards/california/9998975-european-auto-recycling-rancho-cordova-ca,unknown,unknown,Yes
https://junkyardsnearme.com/junkyards/illinois/9998079-broadway-auto-parts-glass-blue-island-il,unknown,unknown,Yes
https://junkyardsnearme.com/junkyards=&p=496?%2Fjunkyards=&p=495,unknown,unknown,Yes
https://junkyardsnearme.com/junkyards=&p=105?%2Fjunkyards=&p=104,unknown,unknown,Yes
https://junkyardsnearme.com/junkyards/florida/6713131-florida-dial-a-part-riverview-fl,unknown,unknown,Yes
https://junkyardsnearme.com/junkyards=&p=227?%2Fjunkyards=&p=226,unknown,unknown,Yes
https://junkyardsnearme.com/junkyards/colorado=&p=2?%2Fjunkyards%2Fcolorado=&p=1,unknown,unknown,Yes
https://junkyardsnearme.com/junkyards/california/9997270-a-r-auto-dismantlers-sun-valley-ca,unknown,unknown,Yes
https://junkyardsnearme.com/junkyards/oregon/9997854-b-k-auto-salvage-la-grande-or,unknown,unknown,Yes
https://junkyardsnearme.com/junkyards=&p=400?%2Fjunkyards=&p=399,unknown,unknown,Yes
https://junkyardsnearme.com/junkyards/arizona/9998810-eagle-auto-truck-works-phoenix-az,unknown,unknown,Yes
https://junkyardsnearme.com/junkyards/ohio/8250855-action-auto-recyclers-inc-barberton-oh,unknown,unknown,Yes
https://junkyardsnearme.com/junkyards/colorado?%2Fjunkyards%2Fcolorado=&p=2,unknown,unknown,Yes
https://junkyardsnearme.com/junkyards/ohio/10000617-middle-beaver-auto-wrecking-lisbon-oh,unknown,unknown,Yes
https://junkyardsnearme.com/junkyards=&p=446,unknown,unknown,Yes
https://junkyardsnearme.com/junkyards=&p=440,unknown,unknown,Yes
https://junkyardsnearme.com/junkyards/washington=&p=3?%2Fjunkyards%2Fwashington=&p=2,unknown,unknown,Yes
https://junkyardsnearme.com/junkyards/iowa/9998151-burlington-recycling-auto-parts-llc-burlington-ia,unknown,unknown,Yes
https://junkyardsnearme.com/junkyards/minnesota/10000271-lug-nutz-auto-salvage-grand-rapids-mn,unknown,unknown,Yes
https://junkyardsnearme.com/junkyards=&p=20?%2Fjunkyards=&p=19,unknown,unknown,Yes
https://junkyardsnearme.com/junkyards/texas/9997652-american-auto-salvage-fort-worth-tx,unknown,unknown,Yes
https://junkyardsnearme.com/junkyards=&p=136?%2Fjunkyards=&p=137,unknown,unknown,Yes
https://junkyardsnearme.com/junkyards/illinois/9997760-auto-truck-recyclers-of-illinois-springfield-il,unknown,unknown,Yes
https://junkyardsnearme.com/junkyards/california=&p=4?%2Fjunkyards%2Fcalifornia=&p=3,unknown,unknown,Yes
https://junkyardsnearme.com/junkyards/connecticut/10000865-m-j-metal-inc-bridgeport-ct,unknown,unknown,Yes
https://junkyardsnearme.com/junkyards/pennsylvania/2445279-octagon-auto-felton-pa,unknown,unknown,Yes
https://junkyardsnearme.com/junkyards/utah/10001024-penguin-auto-wrecking-inc-salt-lake-city-ut,unknown,unknown,Yes
https://junkyardsnearme.com/junkyards/illinois=&p=5?%2Fjunkyards%2Fillinois=&p=4,unknown,unknown,Yes
https://junkyardsnearme.com/junkyards/rhode-island/9998208-capital-city-salvage-providence-ri,unknown,unknown,Yes
https://junkyardsnearme.com/junkyards=&p=238,unknown,unknown,Yes
https://junkyardsnearme.com/junkyards/alabama/7568733-valley-auto-salvage-valley-al,unknown,unknown,Yes
https://junkyardsnearme.com/junkyards=&p=357,unknown,unknown,Yes
https://junkyardsnearme.com/junkyards/illinois=&p=5?%2Fjunkyards%2Fillinois=&p=6,unknown,unknown,Yes
https://junkyardsnearme.com/junkyards/north-carolina=&p=12,unknown,unknown,Yes
https://junkyardsnearme.com/junkyards/georgia/9998435-columbia-used-auto-parts-decatur-ga,unknown,unknown,Yes
https://junkyardsnearme.com/junkyards/maine/10000685-r-k-auto-salvage-waterville-me,unknown,unknown,Yes
https://junkyardsnearme.com/junkyards/iowa/9997525-airline-auto-parts-waterloo-ia,unknown,unknown,Yes
https://junkyardsnearme.com/junkyards/ontario/9997774-auto-enterprises-niagara-on-the-lake-on,unknown,unknown,Yes
https://junkyardsnearme.com/junkyards/new-jersey/10001090-r-trezza-son-orange-nj,unknown,unknown,Yes
https://junkyardsnearme.com/junkyards/pennsylvania/9998820-east-coast-parts-philadelphia-pa,unknown,unknown,Yes
https://junkyardsnearme.com/junkyards/california/9997664-american-dismantling-fontana-ca,unknown,unknown,Yes
https://junkyardsnearme.com/junkyards/minnesota/9999589-hubers-auto-parts-faribault-mn,unknown,unknown,Yes
https://junkyardsnearme.com/junkyards=&p=403?%2Fjunkyards=&p=404,unknown,unknown,Yes
https://junkyardsnearme.com/junkyards/vermont/9999729-evergreen-recycling-inc-wilder-vt,unknown,unknown,Yes
https://junkyardsnearme.com/junkyards/new-york/9998430-aable-auto-salvage-inc-bay-shore-ny,unknown,unknown,Yes
https://junkyardsnearme.com/junkyards/michigan/10000567-mid-city-truck-parts-warren-mi,unknown,unknown,Yes
https://junkyardsnearme.com/junkyards/california/9999407-harrys-auto-parts-pacoima-ca,unknown,unknown,Yes
https://junkyardsnearme.com/junkyards/ohio/2743250-geauga-lake-auto-sales-mantua-oh,unknown,unknown,Yes
https://junkyardsnearme.com/junkyards/massachusetts/9998997-associated-building-wreckers-inc-springfield-ma,unknown,unknown,Yes
https://junkyardsnearme.com/junkyards/massachusetts/9998140-bug-stevens-freetown-auto-assonet-ma,unknown,unknown,Yes
https://junkyardsnearme.com/junkyards/michigan/9999803-joel-cars-exhibition-new-boston-mi,unknown,unknown,Yes
https://junkyardsnearme.com/junkyards/pennsylvania=&p=19?%2Fjunkyards%2Fpennsylvania=&p=18,unknown,unknown,Yes
https://junkyardsnearme.com/junkyards/pennsylvania/7825580-all-foreign-auto-parts-pittsburg-pa,unknown,unknown,Yes
https://junkyardsnearme.com/junkyards/connecticut/10000887-m-j-metal-inc-bridgeport-ct,unknown,unknown,Yes
https://junkyardsnearme.com/junkyards/california/9997398-aaa-auto-parts-sun-valley-ca,unknown,unknown,Yes
https://junkyardsnearme.com/junkyards/rhode-island/10000504-mt-hope-recycling-center-bristol-ri,unknown,unknown,Yes
https://junkyardsnearme.com/junkyards/ontario/9998242-carz-auto-recycling-sunderland-on,unknown,unknown,Yes
https://junkyardsnearme.com/junkyards/colorado/9997712-aragon-iron-metal-fort-collins-co,unknown,unknown,Yes
https://junkyardsnearme.com/junkyards/kentucky/9999785-jerrell-auto-sales-salvage-kevil-ky,unknown,unknown,Yes
https://junkyardsnearme.com/junkyards=&p=414?%2Fjunkyards=&p=415,unknown,unknown,Yes
https://junkyardsnearme.com/junkyards/massachusetts=&p=3,unknown,unknown,Yes
https://junkyardsnearme.com/junkyards/kentucky/9998612-d-l-webster-auto-recycling-parts-sales-walton-ky,unknown,unknown,Yes
https://junkyardsnearme.com/junkyards/florida/9997787-auto-parts-direct-fort-lauderdale-fl,unknown,unknown,Yes
https://junkyardsnearme.com/junkyards=&p=80?%2Fjunkyards=&p=79,unknown,unknown,Yes
https://junkyardsnearme.com/junkyards/british-columbia/10001522-save-on-parts-auto-wrecking-surrey-bc,unknown,unknown,Yes
https://junkyardsnearme.com/junkyards/florida=&p=23?%2Fjunkyards%2Fflorida=&p=24,unknown,unknown,Yes
https://junkyardsnearme.com/junkyards/maine/9999708-j-j-auto-salvage-recycling-orrington-me,unknown,unknown,Yes
https://junkyardsnearme.com/junkyards/south-dakota/10000130-lincoln-auto-huron-sd,unknown,unknown,Yes
https://junkyardsnearme.com/junkyards/texas/9997263-a-plus-auto-parts-inc-pasadena-tx,unknown,unknown,Yes
https://junkyardsnearme.com/junkyards/california/9999041-express-auto-dismantling-fontana-ca,unknown,unknown,Yes
https://junkyardsnearme.com/junkyards/new-jersey/7200733-auto-haas-llc-paterson-nj,unknown,unknown,Yes
https://junkyardsnearme.com/junkyards/ohio/10001034-perry-auto-inc-lima-oh,unknown,unknown,Yes
https://junkyardsnearme.com/junkyards=&p=63?%2Fjunkyards=&p=62,unknown,unknown,Yes
https://junkyardsnearme.com/junkyards/california/10001209-quality-german-auto-recycling-llc-rancho-cordova-ca,unknown,unknown,Yes
https://junkyardsnearme.com/junkyards/vermont/9999839-earth-waste-systems-middlebury-vt,unknown,unknown,Yes
https://junkyardsnearme.com/junkyards/georgia/2837172-direct-used-parts-elberton-ga,unknown,unknown,Yes
https://junkyardsnearme.com/junkyards/california/10001379-riteway-auto-parts-fontana-ca,unknown,unknown,Yes
https://junkyardsnearme.com/junkyards=&p=383,unknown,unknown,Yes
https://junkyardsnearme.com/junkyards/kentucky/9997964-bethel-auto-parts-sales-sharpsburg-ky,unknown,unknown,Yes
https://junkyardsnearme.com/junkyards/minnesota/9997981-big-lake-auto-big-lake-mn,unknown,unknown,Yes
https://junkyardsnearme.com/junkyards/colorado/9998021-blakes-small-car-salvage-erie-co,unknown,unknown,Yes
https://junkyardsnearme.com/junkyards/north-carolina/9997846-b-d-motors-roaring-river-nc,unknown,unknown,Yes
https://junkyardsnearme.com/junkyards=&p=258?%2Fjunkyards=&p=257,unknown,unknown,Yes
https://junkyardsnearme.com/junkyards/tennessee/7284796-fanns-auto-parts-manchester-tn,unknown,unknown,Yes
https://junkyardsnearme.com/junkyards=&p=432,unknown,unknown,Yes
https://junkyardsnearme.com/junkyards/south-carolina/10001386-rivers-auto-parts-columbia-sc,unknown,unknown,Yes
https://junkyardsnearme.com/junkyards/washington=&p=9?%2Fjunkyards%2Fwashington=&p=8,unknown,unknown,Yes
https://junkyardsnearme.com/junkyards=&p=287,unknown,unknown,Yes
https://junkyardsnearme.com/junkyards/connecticut=&p=9?%2Fjunkyards%2Fconnecticut=&p=8,unknown,unknown,Yes
https://junkyardsnearme.com/junkyards/kansas/9997780-auto-outlet-dismantlers-concordia-ks,unknown,unknown,Yes
https://junkyardsnearme.com/junkyards/alabama/4777189-exit-100-metal-scrap-mc-calla-al,unknown,unknown,Yes
https://junkyardsnearme.com/junkyards/texas/8951700-aaa-japanese-imports-inc-houston-tx,unknown,unknown,Yes
https://junkyardsnearme.com/junkyards/california/9997793-auto-parts-plex-los-angeles-ca,unknown,unknown,Yes
https://junkyardsnearme.com/junkyards/new-york/10001618-luciano-auto-wrecking-bronx-ny,unknown,unknown,Yes
https://junkyardsnearme.com/junkyards/alberta/9998812-eagle-head-auto-parts-strathmore-ab,unknown,unknown,Yes
https://junkyardsnearme.com/junkyards/arizona=&p=5,unknown,unknown,Yes
https://junkyardsnearme.com/junkyards/virginia=&p=8,unknown,unknown,Yes
https://junkyardsnearme.com/junkyards/ohio/9998451-conrads-auto-recycling-alliance-oh,unknown,unknown,Yes
https://junkyardsnearme.com/junkyards/new-jersey/9997371-a-m-used-car-parts-paterson-nj,unknown,unknown,Yes
https://junkyardsnearme.com/junkyards/new-jersey/10001106-c-t-towing-and-auto-repair-rahway-nj,unknown,unknown,Yes
https://junkyardsnearme.com/junkyards/oregon=&p=7?%2Fjunkyards%2Foregon=&p=6,unknown,unknown,Yes
https://junkyardsnearme.com/junkyards/wisconsin/9998216-car-partz-schofield-wi,unknown,unknown,Yes
https://junkyardsnearme.com/junkyards/florida/10000632-mike-moores-auto-salvage-daytona-beach-fl,unknown,unknown,Yes
https://junkyardsnearme.com/junkyards/ohio/9997495-adkins-auto-salvage-miamisburg-oh,unknown,unknown,Yes
https://junkyardsnearme.com/junkyards/ontario/3885888-pro-airbags-peterborough-on,unknown,unknown,Yes
https://junkyardsnearme.com/junkyards/maine=&p=1,unknown,unknown,Yes
https://junkyardsnearme.com/junkyards/new-jersey/10001631-junk-it-co-montville-nj,unknown,unknown,Yes
https://junkyardsnearme.com/junkyards/minnesota/9998798-dykes-auto-salvage-worthington-mn,unknown,unknown,Yes
https://junkyardsnearme.com/junkyards/utah/9997320-a1-auto-parts-west-valley-city-ut,unknown,unknown,Yes
https://junkyardsnearme.com/junkyards=&p=6?%2Fjunkyards=&p=7,unknown,unknown,Yes
https://junkyardsnearme.com/junkyards/michigan/10000381-m21auto-truck-salvage-lapeer-mi,unknown,unknown,Yes
https://junkyardsnearme.com/junkyards/illinois=&p=6?%2Fjunkyards%2Fillinois=&p=5,unknown,unknown,Yes
https://junkyardsnearme.com/junkyards/ohio/10000732-moyers-auto-wrecking-crestline-oh,unknown,unknown,Yes
https://junkyardsnearme.com/junkyards/rhode-island/9999982-k-r-auto-salvage-providence-ri,unknown,unknown,Yes
https://junkyardsnearme.com/junkyards/british-columbia/3951141-100-mile-new-used-auto-parts-100-mile-house-bc,unknown,unknown,Yes
https://junkyardsnearme.com/junkyards/michigan/9999968-knight-auto-sales-stanton-mi,unknown,unknown,Yes
https://junkyardsnearme.com/junkyards/louisiana/9999758-jakes-auto-parts-boutte-la,unknown,unknown,Yes
https://junkyardsnearme.com/junkyards=&p=83?%2Fjunkyards=&p=84,unknown,unknown,Yes
https://junkyardsnearme.com/junkyards/illinois/9997784-auto-parts-city-no-shipping-waukegan-il,unknown,unknown,Yes
https://junkyardsnearme.com/junkyards/ohio/4447433-columbus-auto-recycling-columbus-oh,unknown,unknown,Yes
https://junkyardsnearme.com/junkyards/british-columbia/9998789-duke-point-auto-recyclers-nanaimo-bc,unknown,unknown,Yes
https://junkyardsnearme.com/junkyards/tennessee=&p=1?%2Fjunkyards%2Ftennessee=&p=2,unknown,unknown,Yes
https://junkyardsnearme.com/junkyards/texas/9998624-dans-used-auto-parts-houston-tx,unknown,unknown,Yes
https://junkyardsnearme.com/junkyards/california=&p=7?%2Fjunkyards%2Fcalifornia=&p=8,unknown,unknown,Yes
https://junkyardsnearme.com/junkyards/quebec/3213428-direct-auto-parts-montreal-qc,unknown,unknown,Yes
https://junkyardsnearme.com/junkyards/massachusetts/10000283-dover-trucking-norfolk-ma,unknown,unknown,Yes
https://junkyardsnearme.com/junkyards/illinois/3922000-carz-r-us-armington-il,unknown,unknown,Yes
https://junkyardsnearme.com/junkyards=&p=179?%2Fjunkyards=&p=180,unknown,unknown,Yes
https://junkyardsnearme.com/junkyards/georgia/10000660-mitchells-used-auto-parts-conyers-ga,unknown,unknown,Yes
https://junkyardsnearme.com/junkyards/florida/9999100-florida-auto-sales-leasing-oviedo-fl,unknown,unknown,Yes
https://junkyardsnearme.com/junkyards/massachusetts/9999019-copart-salvage-auto-auctions-warren-ma,unknown,unknown,Yes
https://junkyardsnearme.com/junkyards/ohio/10000010-lake-auto-recycling-akron-oh,unknown,unknown,Yes
https://junkyardsnearme.com/junkyards/nevada/10001712-sparks-auto-wrecking-sparks-nv,unknown,unknown,Yes
https://junkyardsnearme.com/junkyards=&p=401?%2Fjunkyards=&p=400,unknown,unknown,Yes
https://junkyardsnearme.com/junkyards/arizona/10001173-precision-auto-parts-phoenix-az,unknown,unknown,Yes
https://junkyardsnearme.com/junkyards/florida/10000355-m-k-used-auto-parts-vero-beach-fl,unknown,unknown,Yes
https://junkyardsnearme.com/junkyards=&p=183?%2Fjunkyards=&p=182,unknown,unknown,Yes
https://junkyardsnearme.com/junkyards=&p=150?%2Fjunkyards=&p=149,unknown,unknown,Yes
https://junkyardsnearme.com/junkyards/ontario=&p=5,unknown,unknown,Yes
https://junkyardsnearme.com/junkyards/colorado=&p=6?%2Fjunkyards%2Fcolorado=&p=7,unknown,unknown,Yes
https://junkyardsnearme.com/junkyards/british-columbia/10000157-lkq-burnaby-burnaby-bc,unknown,unknown,Yes
https://junkyardsnearme.com/junkyards/virginia/10001422-rogers-auto-sales-used-part-new-market-va,unknown,unknown,Yes
https://junkyardsnearme.com/junkyards/maryland/9999936-kings-auto-parts-port-deposit-md,unknown,unknown,Yes
https://junkyardsnearme.com/junkyards/delaware/9998910-ed-slaughters-new-used-parts-dover-de,unknown,unknown,Yes
https://junkyardsnearme.com/junkyards/colorado/9997701-apb-motors-commerce-city-co,unknown,unknown,Yes
https://junkyardsnearme.com/junkyards/kentucky=&p=6?%2Fjunkyards%2Fkentucky=&p=5,unknown,unknown,Yes
https://junkyardsnearme.com/junkyards/ohio=&p=4?%2Fjunkyards%2Fohio=&p=5,unknown,unknown,Yes
https://junkyardsnearme.com/junkyards=&p=157,unknown,unknown,Yes
https://junkyardsnearme.com/junkyards/florida?%2Fjunkyards%2Fflorida=&p=2,unknown,unknown,Yes
https://junkyardsnearme.com/junkyards/new-hampshire=&p=4,unknown,unknown,Yes
https://junkyardsnearme.com/junkyards/connecticut=&p=10?%2Fjunkyards%2Fconnecticut=&p=11,unknown,unknown,Yes
https://junkyardsnearme.com/junkyards/new-brunswick/9999218-gautreaus-used-auto-parts-memramcook-nb,unknown,unknown,Yes
https://junkyardsnearme.com/junkyards/arizona/5749611-arizona-desert-specialties-tucson-az,unknown,unknown,Yes
https://junkyardsnearme.com/junkyards=&p=347,unknown,unknown,Yes
https://junkyardsnearme.com/junkyards=&p=368?%2Fjunkyards=&p=369,unknown,unknown,Yes
https://junkyardsnearme.com/junkyards/washington/9999354-gundies-auto-recycling-graham-wa,unknown,unknown,Yes
https://junkyardsnearme.com/junkyards/pennsylvania/9997315-a-malinish-auto-wreckers-inc-ligonier-pa,unknown,unknown,Yes
https://junkyardsnearme.com/junkyards/massachusetts/9999433-j-a-used-auto-parts-somerville-ma,unknown,unknown,Yes
https://junkyardsnearme.com/junkyards/illinois/6931281-dj-auto-brokers-wilmington-il,unknown,unknown,Yes
https://junkyardsnearme.com/junkyards/south-carolina/9998753-dixie-auto-salvage-easley-sc,unknown,unknown,Yes
https://junkyardsnearme.com/junkyards/wisconsin/9999761-jantzs-yard-4-kenosha-wi,unknown,unknown,Yes
https://junkyardsnearme.com/junkyards/tennessee/9997339-4-lane-auto-salvage-nashville-tn,unknown,unknown,Yes
https://junkyardsnearme.com/junkyards/british-columbia/9997941-belsum-auto-recyclers-dawson-creek-bc,unknown,unknown,Yes
https://junkyardsnearme.com/junkyards/missouri/7818300-john-meyer-truck-foreign-inc-joplin-mo,unknown,unknown,Yes
https://junkyardsnearme.com/junkyards/florida/10002021-unlimited-auto-concepts-orlando-fl,unknown,unknown,Yes
https://junkyardsnearme.com/junkyards/michigan/10000977-pacific-motors-hamtramck-mi,unknown,unknown,Yes
https://junkyardsnearme.com/junkyards/texas/4804884-mister-battery-sugar-land-tx,unknown,unknown,Yes
https://junkyardsnearme.com/junkyards/british-columbia/9999104-fn-99-new-used-auto-truck-parts-campbell-river-bc,unknown,unknown,Yes
https://junkyardsnearme.com/junkyards=&p=26?%2Fjunkyards=&p=27,unknown,unknown,Yes
https://junkyardsnearme.com/junkyards/connecticut=&p=10,unknown,unknown,Yes
https://junkyardsnearme.com/junkyards=&p=21,unknown,unknown,Yes
https://junkyardsnearme.com/junkyards/massachusetts/9999024-max-levine-company-lowell-ma,unknown,unknown,Yes
https://junkyardsnearme.com/junkyards/pennsylvania/10001928-s-r-recycling-nazareth-pa,unknown,unknown,Yes
https://junkyardsnearme.com/junkyards/pennsylvania/10001923-capitol-auto-parts-bangor-pa,unknown,unknown,Yes
https://junkyardsnearme.com/junkyards=&p=137?%2Fjunkyards=&p=136,unknown,unknown,Yes
https://junkyardsnearme.com/junkyards/new-hampshire/10000579-chapman-scrap-metal-recycling-demolition-milan-nh,unknown,unknown,Yes
https://junkyardsnearme.com/junkyards/tennessee=&p=8,unknown,unknown,Yes
https://junkyardsnearme.com/junkyards/saskatchewan/9997512-affiliated-auto-wrecking-saskatoon-sk,unknown,unknown,Yes
https://junkyardsnearme.com/junkyards/georgia/9997950-best-auto-used-parts-palmetto-ga,unknown,unknown,Yes
https://junkyardsnearme.com/junkyards/saskatchewan/10002059-vics-automotive-swift-current-sk,unknown,unknown,Yes
https://junkyardsnearme.com/junkyards=&p=146?%2Fjunkyards=&p=147,unknown,unknown,Yes
https://junkyardsnearme.com/junkyards/alberta/9152014-night-auto-parts-edmonton-ab,unknown,unknown,Yes
https://junkyardsnearme.com/junkyards=&p=264,unknown,unknown,Yes
https://junkyardsnearme.com/junkyards/rhode-island/10000514-able-foreign-auto-salvage-inc-providence-ri,unknown,unknown,Yes
https://junkyardsnearme.com/junkyards/british-columbia/10000942-oliver-recycling-salvage-oliver-bc,unknown,unknown,Yes
https://junkyardsnearme.com/junkyards/oklahoma=&p=2,unknown,unknown,Yes
https://junkyardsnearme.com/junkyards/mississippi/9998200-cannon-auto-parts-calhoun-city-ms,unknown,unknown,Yes
https://junkyardsnearme.com/junkyards=&p=305?%2Fjunkyards=&p=304,unknown,unknown,Yes
https://junkyardsnearme.com/junkyards/new-jersey/6890900-aarons-r-d-towing-free-junk-car-removal-tm-dunellen-nj,unknown,unknown,Yes
https://junkyardsnearme.com/junkyards/pennsylvania/9999329-green-lane-auto-sales-parts-inc-pennsburg-pa,unknown,unknown,Yes
https://junkyardsnearme.com/junkyards/new-jersey/10001909-east-coast-sales-salvage-holmdel-nj,unknown,unknown,Yes
https://junkyardsnearme.com/junkyards/ontario?%2Fjunkyards%2Fontario=&p=2,unknown,unknown,Yes
https://junkyardsnearme.com/junkyards/california/9293900-stockton-auto-dismantlers-inc-stockton-ca,unknown,unknown,Yes
https://junkyardsnearme.com/junkyards/saskatchewan/9997511-affiliated-auto-wrecking-saskatoon-sk,unknown,unknown,Yes
https://junkyardsnearme.com/junkyards/west-virginia/5872031-salisbury-auto-salvage-clay-wv,unknown,unknown,Yes
https://junkyardsnearme.com/junkyards/tennessee/10000399-manus-road-auto-salvage-murfreesboro-tn,unknown,unknown,Yes
https://junkyardsnearme.com/junkyards/new-york/10001060-hilltop-auto-salvage-bronx-ny,unknown,unknown,Yes
https://junkyardsnearme.com/junkyards/alabama/9999885-kar-mend-auto-reform-al,unknown,unknown,Yes
https://junkyardsnearme.com/junkyards/georgia/9998674-dekalb-auto-salvage-lithonia-ga,unknown,unknown,Yes
https://junkyardsnearme.com/junkyards=&p=343,unknown,unknown,Yes
https://junkyardsnearme.com/junkyards/new-jersey/10000839-paterson-used-auto-parts-paterson-nj,unknown,unknown,Yes
https://junkyardsnearme.com/junkyards/texas/9997459-ace-auto-salvage-austin-tx,unknown,unknown,Yes
https://junkyardsnearme.com/junkyards/iowa/7523395-action-auto-parts-marshalltown-ia,unknown,unknown,Yes
https://junkyardsnearme.com/junkyards/texas/10000212-lkq-of-south-texas-houston-tx,unknown,unknown,Yes
https://junkyardsnearme.com/junkyards/new-york/9997416-aable-auto-salvage-inc-bay-shore-ny,unknown,unknown,Yes
https://junkyardsnearme.com/junkyards/colorado/10000735-mr-badwrench-denver-co,unknown,unknown,Yes
https://junkyardsnearme.com/junkyards/new-york/9999738-j-v-auto-salvage-ii-westhampton-beach-ny,unknown,unknown,Yes
https://junkyardsnearme.com/junkyards/oregon=&p=4?%2Fjunkyards%2Foregon=&p=3,unknown,unknown,Yes
https://junkyardsnearme.com/junkyards/ohio/10000206-lkq-newark-newark-oh,unknown,unknown,Yes
https://junkyardsnearme.com/junkyards/maryland/9999169-friendly-trucks-inc-accokeek-md,unknown,unknown,Yes
https://junkyardsnearme.com/junkyards/wisconsin/9999397-harpers-salvage-wisconsin-dells-wi,unknown,unknown,Yes
https://junkyardsnearme.com/junkyards/michigan/9998775-dougs-auto-recyclers-coldwater-mi,unknown,unknown,Yes
https://junkyardsnearme.com/junkyards/oregon=&p=1,unknown,unknown,Yes
https://junkyardsnearme.com/junkyards=&p=450,unknown,unknown,Yes
https://junkyardsnearme.com/junkyards=&p=152?%2Fjunkyards=&p=153,unknown,unknown,Yes
https://junkyardsnearme.com/junkyards=&p=383?%2Fjunkyards=&p=382,unknown,unknown,Yes
https://junkyardsnearme.com/junkyards/maine=&p=2?%2Fjunkyards%2Fmaine=&p=1,unknown,unknown,Yes
https://junkyardsnearme.com/junkyards=&p=30,unknown,unknown,Yes
https://junkyardsnearme.com/junkyards/new-jersey/9997237-a-r-salvage-yard-used-auto-parts-paterson-nj,unknown,unknown,Yes
https://junkyardsnearme.com/junkyards/missouri/9998664-de-soto-auto-parts-de-soto-mo,unknown,unknown,Yes
https://junkyardsnearme.com/junkyards/missouri/9999242-get-right-auto-service-kansas-city-mo,unknown,unknown,Yes
https://junkyardsnearme.com/junkyards/florida=&p=26?%2Fjunkyards%2Fflorida=&p=25,unknown,unknown,Yes
https://junkyardsnearme.com/junkyards/california/10000211-lkq-northern-california-redding-ca,unknown,unknown,Yes
https://junkyardsnearme.com/junkyards/virginia/7753500-b-m-king-george-auto-parts-inc-king-george-va,unknown,unknown,Yes
https://junkyardsnearme.com/junkyards/illinois/8982900-city-auto-wreckers-aurora-il,unknown,unknown,Yes
https://junkyardsnearme.com/junkyards/new-york/9997574-all-city-auto-parts-rochester-ny,unknown,unknown,Yes
https://junkyardsnearme.com/junkyards=&p=203,unknown,unknown,Yes
https://junkyardsnearme.com/junkyards=&p=251?%2Fjunkyards=&p=252,unknown,unknown,Yes
https://junkyardsnearme.com/junkyards/kentucky/3874637-wallace-wrecking-salvage-albany-ky,unknown,unknown,Yes
https://junkyardsnearme.com/junkyards/ohio=&p=7?%2Fjunkyards%2Fohio=&p=8,unknown,unknown,Yes
https://junkyardsnearme.com/junkyards/massachusetts/10000196-lkq-leominster-leominster-ma,unknown,unknown,Yes
https://junkyardsnearme.com/junkyards/quebec/10001121-pieces-dautos-fernand-begin-saint-philibert-qc,unknown,unknown,Yes
https://junkyardsnearme.com/junkyards/california/9997461-ace-auto-wreckers-modesto-ca,unknown,unknown,Yes
https://junkyardsnearme.com/junkyards/pennsylvania/10001930-riverside-metal-recycling-easton-pa,unknown,unknown,Yes
https://junkyardsnearme.com/junkyards/massachusetts/10000323-grs-metals-inc-newton-center-ma,unknown,unknown,Yes
https://junkyardsnearme.com/junkyards/british-columbia/10000976-pacific-japanese-auto-recycler-surrey-bc,unknown,unknown,Yes
https://junkyardsnearme.com/junkyards/michigan/9997211-a-a-auto-truck-utica-mi,unknown,unknown,Yes
https://junkyardsnearme.com/junkyards/alberta=&p=3?%2Fjunkyards%2Falberta=&p=4,unknown,unknown,Yes
https://junkyardsnearme.com/junkyards/indiana/10000538-metro-auto-recyclers-valparaiso-in,unknown,unknown,Yes
https://junkyardsnearme.com/junkyards=&p=4,unknown,unknown,Yes
https://junkyardsnearme.com/junkyards=&p=47?%2Fjunkyards=&p=46,unknown,unknown,Yes
https://junkyardsnearme.com/junkyards/new-jersey/9998433-columbia-too-auto-wreckers-port-murray-nj,unknown,unknown,Yes
https://junkyardsnearme.com/junkyards=&p=128,unknown,unknown,Yes
https://junkyardsnearme.com/junkyards=&p=112,unknown,unknown,Yes
https://junkyardsnearme.com/junkyards/massachusetts/2489571-ollies-i-190-auto-parts-phillipston-ma,unknown,unknown,Yes
https://junkyardsnearme.com/junkyards/new-jersey/9998886-montella-inc-stanhope-nj,unknown,unknown,Yes
https://junkyardsnearme.com/junkyards/maryland/9998438-compact-auto-parts-brandywine-md,unknown,unknown,Yes
https://junkyardsnearme.com/junkyards/washington=&p=1,unknown,unknown,Yes
https://junkyardsnearme.com/junkyards/north-carolina/10001725-speedys-used-parts-asheville-nc,unknown,unknown,Yes
https://junkyardsnearme.com/junkyards/pennsylvania/9999380-hannas-auto-truck-recycling-slatington-pa,unknown,unknown,Yes
https://junkyardsnearme.com/junkyards/alberta/7823771-popow-sons-auto-wreckers-lacombe-ab,unknown,unknown,Yes
https://junkyardsnearme.com/junkyards/alabama/6801750-blount-auto-parts-trafford-al,unknown,unknown,Yes
https://junkyardsnearme.com/junkyards/connecticut?%2Fjunkyards%2Fconnecticut=&p=2,unknown,unknown,Yes
https://junkyardsnearme.com/junkyards/idaho/10000087-lemhi-auto-recycling-salmon-id,unknown,unknown,Yes
https://junkyardsnearme.com/junkyards=&p=56,unknown,unknown,Yes
https://junkyardsnearme.com/junkyards/texas/4394851-b-m-cars-salvage-sulphur-springs-tx,unknown,unknown,Yes
https://junkyardsnearme.com/junkyards/new-hampshire/9999450-heberts-used-auto-parts-goffstown-nh,unknown,unknown,Yes
https://junkyardsnearme.com/junkyards/north-carolina/10000409-marks-used-auto-parts-north-wilkesboro-nc,unknown,unknown,Yes
https://junkyardsnearme.com/junkyards/indiana/8795786-milbourn-auto-sales-gosport-in,unknown,unknown,Yes
https://junkyardsnearme.com/junkyards=&p=368?%2Fjunkyards=&p=367,unknown,unknown,Yes
https://junkyardsnearme.com/junkyards/oregon/10000154-lkq-brads-redmond-or,unknown,unknown,Yes
https://junkyardsnearme.com/junkyards/ohio/9998087-brookfield-auto-parts-brookfield-oh,unknown,unknown,Yes
https://junkyardsnearme.com/junkyards/virginia/10002023-us-258-auto-parts-carrollton-va,unknown,unknown,Yes
https://junkyardsnearme.com/junkyards/florida=&p=11?%2Fjunkyards%2Fflorida=&p=10,unknown,unknown,Yes
https://junkyardsnearme.com/junkyards/california/9997223-a-b-truck-recycling-san-diego-ca,unknown,unknown,Yes
https://junkyardsnearme.com/junkyards/virginia/8213310-cunningham-brothers-used-auto-parts-rustburg-va,unknown,unknown,Yes
https://junkyardsnearme.com/junkyards/florida/5619300-overseas-parts-connection-fort-lauderdale-fl,unknown,unknown,Yes
https://junkyardsnearme.com/junkyards/michigan/9999454-heights-auto-parts-lansing-mi,unknown,unknown,Yes
https://junkyardsnearme.com/junkyards/texas/9998930-el-valle-foreign-domestic-auto-parts-harlingen-tx,unknown,unknown,Yes
https://junkyardsnearme.com/junkyards=&p=417,unknown,unknown,Yes
https://junkyardsnearme.com/junkyards/missouri/2564479-4-auto-parts-llc-kansas-city-mo,unknown,unknown,Yes
https://junkyardsnearme.com/junkyards/michigan/9999314-grand-valley-auto-parts-jenison-mi,unknown,unknown,Yes
https://junkyardsnearme.com/junkyards=&p=102?%2Fjunkyards=&p=101,unknown,unknown,Yes
https://junkyardsnearme.com/junkyards/california/9997805-auto-recycling-of-wilmington-wilmington-ca,unknown,unknown,Yes
https://junkyardsnearme.com/junkyards/ontario=&p=9?%2Fjunkyards%2Fontario=&p=10,unknown,unknown,Yes
https://junkyardsnearme.com/junkyards/ontario/10001878-thorold-auto-parts-recyclers-thorold-on,unknown,unknown,Yes
https://junkyardsnearme.com/junkyards/south-carolina/9998008-bishops-auto-parts-chesnee-sc,unknown,unknown,Yes
https://junkyardsnearme.com/junkyards/georgia/9999193-ga-auto-salvage-atlanta-ga,unknown,unknown,Yes
https://junkyardsnearme.com/junkyards=&p=245,unknown,unknown,Yes
https://junkyardsnearme.com/junkyards=&p=145?%2Fjunkyards=&p=146,unknown,unknown,Yes
https://junkyardsnearme.com/junkyards/wisconsin/4340771-integrity-auto-parts-green-bay-wi,unknown,unknown,Yes
https://junkyardsnearme.com/junkyards/new-jersey/10001341-east-coast-sales-salvage-holmdel-nj,unknown,unknown,Yes
https://junkyardsnearme.com/junkyards/ohio=&p=10?%2Fjunkyards%2Fohio=&p=11,unknown,unknown,Yes
https://junkyardsnearme.com/junkyards=&p=299,unknown,unknown,Yes
https://junkyardsnearme.com/junkyards/south-carolina/9998196-camden-auto-parts-recycling-camden-sc,unknown,unknown,Yes
https://junkyardsnearme.com/junkyards/maine/10000691-ideal-recycling-inc-east-millinocket-me,unknown,unknown,Yes
https://junkyardsnearme.com/junkyards/new-york/9998375-olde-good-things-new-york-ny,unknown,unknown,Yes
https://junkyardsnearme.com/junkyards/new-york/9998873-junk-a-car-brooklyn-ny,unknown,unknown,Yes
https://junkyardsnearme.com/junkyards/nebraska=&p=2?%2Fjunkyards%2Fnebraska=&p=1,unknown,unknown,Yes
https://junkyardsnearme.com/junkyards/pennsylvania=&p=3?%2Fjunkyards%2Fpennsylvania=&p=2,unknown,unknown,Yes
https://junkyardsnearme.com/junkyards/georgia=&p=10,unknown,unknown,Yes
https://junkyardsnearme.com/junkyards/west-virginia?%2Fjunkyards%2Fwest-virginia=&p=2,unknown,unknown,Yes
https://junkyardsnearme.com/junkyards/idaho=&p=3,unknown,unknown,Yes
https://junkyardsnearme.com/junkyards/vermont/9999847-rosen-berger-inc-center-rutland-vt,unknown,unknown,Yes
https://junkyardsnearme.com/junkyards/pennsylvania/9999458-henderson-foreign-auto-parts-scottdale-pa,unknown,unknown,Yes
https://junkyardsnearme.com/junkyards/massachusetts/9998980-acme-metals-recycling-inc-springfield-ma,unknown,unknown,Yes
https://junkyardsnearme.com/junkyards/pennsylvania/6481441-1-morgan-highway-auto-parts-scranton-pa,unknown,unknown,Yes
https://junkyardsnearme.com/junkyards/pennsylvania=&p=17?%2Fjunkyards%2Fpennsylvania=&p=16,unknown,unknown,Yes
https://junkyardsnearme.com/junkyards/michigan/2653834-coles-auto-repair-salvage-grant-mi,unknown,unknown,Yes
https://junkyardsnearme.com/junkyards/south-dakota/9997833-b-b-auto-salvage-prp-rapid-city-sd,unknown,unknown,Yes
https://junkyardsnearme.com/junkyards/california/9998770-dorris-auto-wreckers-hayward-ca,unknown,unknown,Yes
https://junkyardsnearme.com/junkyards/new-hampshire/9999616-presby-recycling-franconia-nh,unknown,unknown,Yes
https://junkyardsnearme.com/junkyards/oklahoma/9999794-jims-auto-salvage-woodward-ok,unknown,unknown,Yes
https://junkyardsnearme.com/junkyards=&p=47?%2Fjunkyards=&p=48,unknown,unknown,Yes
https://junkyardsnearme.com/junkyards/virginia/9999155-freds-auto-parts-emporia-va,unknown,unknown,Yes
https://junkyardsnearme.com/junkyards/rhode-island/10000516-jess-auto-removal-chepachet-ri,unknown,unknown,Yes
https://junkyardsnearme.com/junkyards/wisconsin/9998673-defaut-auto-salvage-inc-two-rivers-wi,unknown,unknown,Yes
https://junkyardsnearme.com/junkyards/massachusetts/2785600-universal-auto-salvage-uxbridge-ma,unknown,unknown,Yes
https://junkyardsnearme.com/junkyards/oregon/7885756-nearly-nos-we-pull-it-terrebonne-or,unknown,unknown,Yes
https://junkyardsnearme.com/junkyards/iowa/2655696-trails-end-auto-and-truck-salvage-des-moines-ia,unknown,unknown,Yes
https://junkyardsnearme.com/junkyards/minnesota/10000419-martini-auto-parts-avon-mn,unknown,unknown,Yes
https://junkyardsnearme.com/junkyards/florida/9997327-aa-auto-salvage-recycling-llc-defuniak-springs-fl,unknown,unknown,Yes
https://junkyardsnearme.com/junkyards=&p=404?%2Fjunkyards=&p=403,unknown,unknown,Yes
https://junkyardsnearme.com/junkyards/ontario/9997286-a-1-auto-recyclers-brantford-on,unknown,unknown,Yes
https://junkyardsnearme.com/junkyards/ohio/9997692-anns-auto-parts-tittles-galion-oh,unknown,unknown,Yes
https://junkyardsnearme.com/junkyards=&p=243,unknown,unknown,Yes
https://junkyardsnearme.com/junkyards/quebec/10001974-trudel-automobile-amos-qc,unknown,unknown,Yes
https://junkyardsnearme.com/junkyards/new-jersey/10001100-atlantic-metal-industries-roselle-nj,unknown,unknown,Yes
https://junkyardsnearme.com/junkyards/kentucky/10000810-nichols-auto-parts-elizabethtown-ky,unknown,unknown,Yes
https://junkyardsnearme.com/junkyards/michigan/9999759-jakes-auto-parts-detroit-mi,unknown,unknown,Yes
https://junkyardsnearme.com/junkyards/new-jersey/10000544-michaelson-foreign-car-parts-south-river-nj,unknown,unknown,Yes
https://junkyardsnearme.com/junkyards/michigan/9999226-genes-auto-parts-traverse-city-traverse-city-mi,unknown,unknown,Yes
https://junkyardsnearme.com/junkyards/ohio/4566664-ralphs-vintage-auto-new-boston-oh,unknown,unknown,Yes
https://junkyardsnearme.com/junkyards/manitoba/7778030-atek-parts-service-ltd-winnepeg-mb,unknown,unknown,Yes
https://junkyardsnearme.com/junkyards/north-carolina/9997201-67-motors-automotive-scrap-metal-recycling-yard-pfafftown-nc,unknown,unknown,Yes
https://junkyardsnearme.com/junkyards/pennsylvania/9997957-best-foreign-auto-salvage-aliquippa-pa,unknown,unknown,Yes
https://junkyardsnearme.com/junkyards/california/10000160-lkq-central-california-bakersfield-ca,unknown,unknown,Yes
https://junkyardsnearme.com/junkyards/missouri/9997277-a-1-auto-recyclers-columbia-mo,unknown,unknown,Yes
https://junkyardsnearme.com/junkyards/arkansas/7464231-highway-66-auto-salvage-timbo-ar,unknown,unknown,Yes
https://junkyardsnearme.com/junkyards/new-hampshire/9999600-murrays-auto-recycling-inc-londonderry-nh,unknown,unknown,Yes
https://junkyardsnearme.com/junkyards/california/10001002-parts-depot-sun-valley-ca,unknown,unknown,Yes
https://junkyardsnearme.com/junkyards/texas/10000776-national-truck-salvage-san-antonio-tx,unknown,unknown,Yes
https://junkyardsnearme.com/junkyards=&p=304,unknown,unknown,Yes
https://junkyardsnearme.com/junkyards/new-brunswick=&p=2,unknown,unknown,Yes
https://junkyardsnearme.com/junkyards/maryland/9999901-kenilworth-foreign-car-parts-capitol-heights-md,unknown,unknown,Yes
https://junkyardsnearme.com/junkyards=&p=253?%2Fjunkyards=&p=252,unknown,unknown,Yes
https://junkyardsnearme.com/junkyards=&p=457,unknown,unknown,Yes
https://junkyardsnearme.com/junkyards/california/9997955-best-deal-auto-wreckers-modesto-ca,unknown,unknown,Yes
https://junkyardsnearme.com/junkyards/ohio/9999258-giant-automotive-products-akron-oh,unknown,unknown,Yes
https://junkyardsnearme.com/junkyards/california/9998971-euroline-auto-dismantling-rancho-cordova-ca,unknown,unknown,Yes
https://junkyardsnearme.com/junkyards/washington/9997868-b-r-auto-wrecking-spanaway-wa,unknown,unknown,Yes
https://junkyardsnearme.com/junkyards/british-columbia=&p=2,unknown,unknown,Yes
https://junkyardsnearme.com/junkyards/texas/9997764-austin-used-auto-parts-austin-tx,unknown,unknown,Yes
https://junkyardsnearme.com/junkyards=&p=111?%2Fjunkyards=&p=112,unknown,unknown,Yes
https://junkyardsnearme.com/junkyards=&p=130,unknown,unknown,Yes
https://junkyardsnearme.com/junkyards/nova-scotia/10000474-merlins-auto-salvage-newport-ns,unknown,unknown,Yes
https://junkyardsnearme.com/junkyards/new-york/6588500-liberty-auto-parts-addisleigh-pk-ny,unknown,unknown,Yes
https://junkyardsnearme.com/junkyards/rhode-island/10000328-j-d-auto-salvage-west-warwick-ri,unknown,unknown,Yes
https://junkyardsnearme.com/junkyards/alberta/2365991-allen-sons-auto-recyclers-calgary-ab,unknown,unknown,Yes
https://junkyardsnearme.com/junkyards/virginia/10000354-m-j-motors-yorktown-va,unknown,unknown,Yes
https://junkyardsnearme.com/junkyards=&p=35?%2Fjunkyards=&p=36,unknown,unknown,Yes
https://junkyardsnearme.com/junkyards/wisconsin/9999886-karcz-auto-salvage-pulaski-wi,unknown,unknown,Yes
https://junkyardsnearme.com/junkyards=&p=310?%2Fjunkyards=&p=309,unknown,unknown,Yes
https://junkyardsnearme.com/junkyards=&p=70?%2Fjunkyards=&p=69,unknown,unknown,Yes
https://junkyardsnearme.com/junkyards=&p=309,unknown,unknown,Yes
https://junkyardsnearme.com/junkyards/new-jersey/9998582-south-river-nj,unknown,unknown,Yes
https://junkyardsnearme.com/junkyards/california/9998183-california-mini-truck-montclair-ca,unknown,unknown,Yes
https://junkyardsnearme.com/junkyards=&p=337,unknown,unknown,Yes
https://junkyardsnearme.com/junkyards/pennsylvania/10000062-lawrence-county-auto-recycling-ellwood-city-pa,unknown,unknown,Yes
https://junkyardsnearme.com/junkyards/texas/10000179-lkq-powertrain-atk-engines-grand-prairie-tx,unknown,unknown,Yes
https://junkyardsnearme.com/junkyards/california=&p=6,unknown,unknown,Yes
https://junkyardsnearme.com/junkyards/new-jersey/10001333-clark-junk-cars-linden-nj,unknown,unknown,Yes
https://junkyardsnearme.com/junkyards/california/9997565-all-auto-dismantling-santa-clara-ca,unknown,unknown,Yes
https://junkyardsnearme.com/junkyards/wisconsin/8362036-niks-auto-parts-inc-neenah-wi,unknown,unknown,Yes
https://junkyardsnearme.com/junkyards=&p=348?%2Fjunkyards=&p=349,unknown,unknown,Yes
https://junkyardsnearme.com/junkyards/colorado=&p=1,unknown,unknown,Yes
https://junkyardsnearme.com/junkyards/new-york/9998921-eiss-brothers-auto-parts-watertown-ny,unknown,unknown,Yes
https://junkyardsnearme.com/junkyards/massachusetts/9997582-all-foreign-auto-salvage-east-bridgewater-ma,unknown,unknown,Yes
https://junkyardsnearme.com/junkyards/kentucky/2363553-hickman-motors-inc-hickman-ky,unknown,unknown,Yes
https://junkyardsnearme.com/junkyards=&p=301,unknown,unknown,Yes
https://junkyardsnearme.com/junkyards/maine=&p=9?%2Fjunkyards%2Fmaine=&p=10,unknown,unknown,Yes
https://junkyardsnearme.com/junkyards/california/9997210-a-a-used-auto-parts-ontario-ca,unknown,unknown,Yes
https://junkyardsnearme.com/junkyards/michigan=&p=2,unknown,unknown,Yes
https://junkyardsnearme.com/junkyards/washington/9997867-b-r-auto-wrecking-chehalis-wa,unknown,unknown,Yes
https://junkyardsnearme.com/junkyards/illinois/10002073-w-w-auto-parts-chicago-il,unknown,unknown,Yes
https://junkyardsnearme.com/junkyards/new-york/9999582-howbill-auto-parts-belmont-ny,unknown,unknown,Yes
https://junkyardsnearme.com/junkyards/minnesota/9997602-all-star-auto-parts-princeton-mn,unknown,unknown,Yes
https://junkyardsnearme.com/junkyards/maine=&p=3?%2Fjunkyards%2Fmaine=&p=2,unknown,unknown,Yes
https://junkyardsnearme.com/junkyards/florida/9998719-diamancar-inc-miami-fl,unknown,unknown,Yes
https://junkyardsnearme.com/junkyards/indiana/9997922-beards-auto-parts-vincennes-in,unknown,unknown,Yes
https://junkyardsnearme.com/junkyards/alberta/10000221-lkq-ponoka-ponoka-ab,unknown,unknown,Yes
https://junkyardsnearme.com/junkyards/texas/5932436-hi-way-auto-parts-tyler-tx,unknown,unknown,Yes
https://junkyardsnearme.com/junkyards/texas/8683550-apex-auto-parts-georgetown-tx,unknown,unknown,Yes
https://junkyardsnearme.com/junkyards/indiana/10001969-truck-parts-unlimited-spencer-in,unknown,unknown,Yes
https://junkyardsnearme.com/junkyards/british-columbia=&p=9,unknown,unknown,Yes
https://junkyardsnearme.com/junkyards=&p=130?%2Fjunkyards=&p=129,unknown,unknown,Yes
https://junkyardsnearme.com/junkyards/pennsylvania/9997271-a-h-auto-body-philadelphia-pa,unknown,unknown,Yes
https://junkyardsnearme.com/junkyards/michigan/10001041-phils-auto-parts-southgate-mi,unknown,unknown,Yes
https://junkyardsnearme.com/junkyards/nova-scotia/10001159-poehls-auto-recyclers-centreville-ns,unknown,unknown,Yes
https://junkyardsnearme.com/junkyards/virginia/7911071-autocycle-llc-danville-va,unknown,unknown,Yes
https://junkyardsnearme.com/junkyards/kentucky/3612629-bairds-auto-parts-inc-fairdale-ky,unknown,unknown,Yes
https://junkyardsnearme.com/junkyards/colorado=&p=3?%2Fjunkyards%2Fcolorado=&p=2,unknown,unknown,Yes
https://junkyardsnearme.com/junkyards/georgia/10000807-newton-auto-salvage-covington-ga,unknown,unknown,Yes
https://junkyardsnearme.com/junkyards/michigan/2961510-middleton-auto-parts-fraser-mi,unknown,unknown,Yes
https://junkyardsnearme.com/junkyards=&p=350,unknown,unknown,Yes
https://junkyardsnearme.com/junkyards/pennsylvania=&p=2?%2Fjunkyards%2Fpennsylvania=&p=1,unknown,unknown,Yes
https://junkyardsnearme.com/junkyards/florida/9683766-ians-euro-parts-pompano-beach-fl,unknown,unknown,Yes
https://junkyardsnearme.com/junkyards=&p=491,unknown,unknown,Yes
https://junkyardsnearme.com/junkyards/pennsylvania=&p=25?%2Fjunkyards%2Fpennsylvania=&p=24,unknown,unknown,Yes
https://junkyardsnearme.com/junkyards/new-brunswick=&p=1?%2Fjunkyards%2Fnew-brunswick=&p=2,unknown,unknown,Yes
https://junkyardsnearme.com/junkyards=&p=402?%2Fjunkyards=&p=401,unknown,unknown,Yes
https://junkyardsnearme.com/junkyards/british-columbia=&p=7?%2Fjunkyards%2Fbritish-columbia=&p=8,unknown,unknown,Yes
https://junkyardsnearme.com/junkyards/nevada/9997592-all-japanese-las-vegas-nv,unknown,unknown,Yes
https://junkyardsnearme.com/junkyards/new-brunswick?%2Fjunkyards%2Fnew-brunswick=&p=2,unknown,unknown,Yes
https://junkyardsnearme.com/junkyards/new-york/10000747-monroes-auto-salvage-granville-ny,unknown,unknown,Yes
https://junkyardsnearme.com/junkyards/british-columbia/9997705-apple-valley-auto-recycling-service-kelowna-bc,unknown,unknown,Yes
https://junkyardsnearme.com/junkyards/nebraska/9998492-cooters-salvage-omaha-ne,unknown,unknown,Yes
https://junkyardsnearme.com/junkyards/pennsylvania/9997620-allied-auto-parts-philadelphia-pa,unknown,unknown,Yes
https://junkyardsnearme.com/junkyards/massachusetts/10000039-ludlow-auto-salvage-co-ludlow-ma,unknown,unknown,Yes
https://junkyardsnearme.com/junkyards/florida=&p=11,unknown,unknown,Yes
https://junkyardsnearme.com/junkyards/new-hampshire/10000561-als-used-parts-belmont-nh,unknown,unknown,Yes
https://junkyardsnearme.com/junkyards=&p=465,unknown,unknown,Yes
https://junkyardsnearme.com/junkyards/pennsylvania=&p=20?%2Fjunkyards%2Fpennsylvania=&p=19,unknown,unknown,Yes
https://junkyardsnearme.com/junkyards/vermont/10000744-brandon-scrap-metal-brandon-vt,unknown,unknown,Yes
https://junkyardsnearme.com/junkyards=&p=491?%2Fjunkyards=&p=490,unknown,unknown,Yes
https://junkyardsnearme.com/junkyards/montana/3589871-d-w-enterprises-roundup-mt,unknown,unknown,Yes
https://junkyardsnearme.com/junkyards/missouri/9998368-clements-autobody-salvage-branson-mo,unknown,unknown,Yes
https://junkyardsnearme.com/junkyards/michigan/9997618-alliance-oem-auto-parts-jenison-mi,unknown,unknown,Yes
https://junkyardsnearme.com/junkyards/new-hampshire/10000573-chases-auto-salvage-enfield-center-nh,unknown,unknown,Yes
https://junkyardsnearme.com/junkyards/texas/10000188-lkq-kennedale-kennedale-tx,unknown,unknown,Yes
https://junkyardsnearme.com/junkyards=&p=117?%2Fjunkyards=&p=118,unknown,unknown,Yes
https://junkyardsnearme.com/junkyards/indiana/9998522-craney-s-auto-parts-sales-carthage-in,unknown,unknown,Yes
https://junkyardsnearme.com/junkyards/massachusetts/10000074-brooks-brothers-used-auto-worcester-ma,unknown,unknown,Yes
https://junkyardsnearme.com/junkyards/florida=&p=1,unknown,unknown,Yes
https://junkyardsnearme.com/junkyards/pennsylvania=&p=13?%2Fjunkyards%2Fpennsylvania=&p=14,unknown,unknown,Yes
https://junkyardsnearme.com/junkyards=&p=91?%2Fjunkyards=&p=90,unknown,unknown,Yes
https://junkyardsnearme.com/junkyards=&p=9,unknown,unknown,Yes
https://junkyardsnearme.com/junkyards/new-york/5936310-r-f-koskowski-automotive-granby-center-ny,unknown,unknown,Yes
https://junkyardsnearme.com/junkyards/massachusetts/9999255-ars-towing-junk-removal-car-removal-hyde-park-ma,unknown,unknown,Yes
https://junkyardsnearme.com/junkyards/iowa=&p=3,unknown,unknown,Yes
https://junkyardsnearme.com/junkyards/alberta=&p=4?%2Fjunkyards%2Falberta=&p=3,unknown,unknown,Yes
https://junkyardsnearme.com/junkyards/georgia/9999930-kimbrells-used-auto-parts-murrayville-ga,unknown,unknown,Yes
https://junkyardsnearme.com/junkyards/indiana/9999812-johns-auto-parts-terre-haute-in,unknown,unknown,Yes
https://junkyardsnearme.com/junkyards/oregon/10001050-pick-a-part-eugene-eugene-or,unknown,unknown,Yes
https://junkyardsnearme.com/junkyards/ontario/10001645-simmons-auto-parts-port-colborne-on,unknown,unknown,Yes
https://junkyardsnearme.com/junkyards/kentucky/9999187-g-w-used-cars-parts-llc-bonnieville-ky,unknown,unknown,Yes
https://junkyardsnearme.com/junkyards/north-carolina/10002082-wallace-parts-salvage-hoffman-nc,unknown,unknown,Yes
https://junkyardsnearme.com/junkyards/pennsylvania=&p=14?%2Fjunkyards%2Fpennsylvania=&p=15,unknown,unknown,Yes
https://junkyardsnearme.com/junkyards/british-columbia=&p=2?%2Fjunkyards%2Fbritish-columbia=&p=3,unknown,unknown,Yes
https://junkyardsnearme.com/junkyards/tennessee/7753046-charlies-used-auto-parts-recycling-dayton-tn,unknown,unknown,Yes
https://junkyardsnearme.com/junkyards/texas/9998717-dfw-auto-salvage-dallas-tx,unknown,unknown,Yes
https://junkyardsnearme.com/junkyards/arkansas/9997899-barefields-auto-salvage-russellville-ar,unknown,unknown,Yes
https://junkyardsnearme.com/junkyards/massachusetts/9999010-r-r-industries-inc-springfield-ma,unknown,unknown,Yes
https://junkyardsnearme.com/junkyards=&p=376?%2Fjunkyards=&p=375,unknown,unknown,Yes
https://junkyardsnearme.com/junkyards/virginia/9998500-cosner-brothers-troy-va,unknown,unknown,Yes
https://junkyardsnearme.com/junkyards/rhode-island/9999443-k-r-auto-salvage-providence-ri,unknown,unknown,Yes
https://junkyardsnearme.com/junkyards/north-carolina=&p=14,unknown,unknown,Yes
https://junkyardsnearme.com/junkyards=&p=422,unknown,unknown,Yes
https://junkyardsnearme.com/junkyards/indiana/8384388-i-80-auto-parts-co-inc-gary-in,unknown,unknown,Yes
https://junkyardsnearme.com/junkyards=&p=180,unknown,unknown,Yes
https://junkyardsnearme.com/junkyards/iowa/10000625-midwest-auto-parts-waterloo-ia,unknown,unknown,Yes
https://junkyardsnearme.com/junkyards/georgia/9999057-falcon-auto-parts-atlanta-ga,unknown,unknown,Yes
https://junkyardsnearme.com/junkyards=&p=391?%2Fjunkyards=&p=392,unknown,unknown,Yes
https://junkyardsnearme.com/junkyards/minnesota/10000127-libson-twin-city-auto-minneapolis-mn,unknown,unknown,Yes
https://junkyardsnearme.com/junkyards/arizona/10001250-r-o-s-auto-repair-used-auto-parts-phoenix-az,unknown,unknown,Yes
https://junkyardsnearme.com/junkyards/british-columbia/10001512-sandys-auto-parts-victoria-bc,unknown,unknown,Yes
https://junkyardsnearme.com/junkyards/colorado/9998236-cars-n-parts-eaton-co,unknown,unknown,Yes
https://junkyardsnearme.com/junkyards/connecticut/9998301-chets-auto-parts-new-haven-ct,unknown,unknown,Yes
https://junkyardsnearme.com/junkyards/ontario/9997817-autoland-of-delhi-delhi-on,unknown,unknown,Yes
https://junkyardsnearme.com/junkyards=&p=175,unknown,unknown,Yes
https://junkyardsnearme.com/junkyards/texas/9998099-brothers-auto-parts-san-antonio-tx,unknown,unknown,Yes
https://junkyardsnearme.com/junkyards/tennessee/9997838-b-b-recycled-auto-parts-memphis-tn,unknown,unknown,Yes
https://junkyardsnearme.com/junkyards/alaska/2258774-southeast-collision-inc-ketchikan-ak,unknown,unknown,Yes
https://junkyardsnearme.com/junkyards/arizona/9998096-brothers-auto-parts-phoenix-az,unknown,unknown,Yes
https://junkyardsnearme.com/junkyards=&p=49?%2Fjunkyards=&p=48,unknown,unknown,Yes
https://junkyardsnearme.com/junkyards=&p=82,unknown,unknown,Yes
https://junkyardsnearme.com/junkyards/pennsylvania/9998226-carlos-auto-salvage-philadelphia-pa,unknown,unknown,Yes
https://junkyardsnearme.com/junkyards/pennsylvania/9997970-biello-auto-parts-elkins-park-pa,unknown,unknown,Yes
https://junkyardsnearme.com/junkyards/california/10000982-palomos-auto-dismantlers-san-diego-ca,unknown,unknown,Yes
https://junkyardsnearme.com/junkyards/california/10001266-mst-recycling-rancho-cordova-ca,unknown,unknown,Yes
https://junkyardsnearme.com/junkyards/colorado,unknown,unknown,Yes
https://junkyardsnearme.com/junkyards/new-york/10000308-keegan-brothers-inc-kinderhook-ny,unknown,unknown,Yes
https://junkyardsnearme.com/junkyards=&p=118?%2Fjunkyards=&p=117,unknown,unknown,Yes
https://junkyardsnearme.com/junkyards/pennsylvania/10002063-village-motors-fleetwood-pa,unknown,unknown,Yes
https://junkyardsnearme.com/junkyards/south-dakota=&p=2,unknown,unknown,Yes
https://junkyardsnearme.com/junkyards/idaho/9997678-amt-parts-recyclers-meridian-id,unknown,unknown,Yes
https://junkyardsnearme.com/junkyards/utah/10000214-lkq-utah-springville-ut,unknown,unknown,Yes
https://junkyardsnearme.com/junkyards/new-york/9998647-old-junk-car-brooklyn-ny,unknown,unknown,Yes
https://junkyardsnearme.com/junkyards/minnesota/10001361-ricks-auto-parts-royalton-mn,unknown,unknown,Yes
https://junkyardsnearme.com/junkyards/michigan/9997686-andys-airport-auto-parts-jackson-mi,unknown,unknown,Yes
https://junkyardsnearme.com/junkyards/california/9998211-capitol-imports-auto-dismantling-sacramento-ca,unknown,unknown,Yes
https://junkyardsnearme.com/junkyards/alabama/6333909-auto-world-salvage-sales-mobile-al,unknown,unknown,Yes
https://junkyardsnearme.com/junkyards/arkansas/9997994-bills-auto-salvage-blytheville-ar,unknown,unknown,Yes
https://junkyardsnearme.com/junkyards/washington=&p=6,unknown,unknown,Yes
https://junkyardsnearme.com/junkyards/north-carolina/9998821-east-coast-used-parts-clarendon-nc,unknown,unknown,Yes
https://junkyardsnearme.com/junkyards/ontario=&p=7,unknown,unknown,Yes
https://junkyardsnearme.com/junkyards/tennessee/9997666-american-iron-metal-of-tennessee-manchester-tn,unknown,unknown,Yes
https://junkyardsnearme.com/junkyards=&p=220?%2Fjunkyards=&p=219,unknown,unknown,Yes
https://junkyardsnearme.com/junkyards/virginia/9998771-double-t-automotive-woodbridge-va,unknown,unknown,Yes
https://junkyardsnearme.com/junkyards=&p=261?%2Fjunkyards=&p=260,unknown,unknown,Yes
https://junkyardsnearme.com/junkyards/missouri/10000548-mid-america-import-auto-parts-joplin-mo,unknown,unknown,Yes
https://junkyardsnearme.com/junkyards/missouri/9998005-birmingham-auto-parts-kansas-city-mo,unknown,unknown,Yes
https://junkyardsnearme.com/junkyards=&p=438?%2Fjunkyards=&p=439,unknown,unknown,Yes
https://junkyardsnearme.com/junkyards=&p=393?%2Fjunkyards=&p=392,unknown,unknown,Yes
https://junkyardsnearme.com/junkyards/montana/2596611-blue-creek-salvage-billings-mt,unknown,unknown,Yes
https://junkyardsnearme.com/junkyards/michigan/9999312-grand-rapids-auto-parts-grand-rapids-mi,unknown,unknown,Yes
https://junkyardsnearme.com/junkyards/florida/5673500-best-auto-truck-salvage-dade-city-fl,unknown,unknown,Yes
https://junkyardsnearme.com/junkyards/georgia=&p=7?%2Fjunkyards%2Fgeorgia=&p=6,unknown,unknown,Yes
https://junkyardsnearme.com/junkyards=&p=42,unknown,unknown,Yes
https://junkyardsnearme.com/junkyards/tennessee/9997221-a-am-auto-sales-salvage-unionville-tn,unknown,unknown,Yes
https://junkyardsnearme.com/junkyards/pennsylvania/10001921-c-g-towing-bangor-pa,unknown,unknown,Yes
https://junkyardsnearme.com/junkyards/missouri/10000438-max-mullins-auto-parts-beaufort-mo,unknown,unknown,Yes
https://junkyardsnearme.com/junkyards/ohio=&p=17,unknown,unknown,Yes
https://junkyardsnearme.com/junkyards/new-jersey=&p=9,unknown,unknown,Yes
https://junkyardsnearme.com/junkyards/ohio/9997657-american-auto-towing-salvage-geneva-oh,unknown,unknown,Yes
https://junkyardsnearme.com/junkyards/new-york/10001560-rustys-auto-salvage-brooklyn-ny,unknown,unknown,Yes
https://junkyardsnearme.com/junkyards/michigan/10002075-w-w-auto-parts-roscommon-mi,unknown,unknown,Yes
https://junkyardsnearme.com/junkyards/new-jersey=&p=2?%2Fjunkyards%2Fnew-jersey=&p=1,unknown,unknown,Yes
https://junkyardsnearme.com/junkyards=&p=324?%2Fjunkyards=&p=323,unknown,unknown,Yes
https://junkyardsnearme.com/junkyards/wisconsin/9998510-cousineau-recycling-antigo-wi,unknown,unknown,Yes
https://junkyardsnearme.com/junkyards/ohio=&p=19?%2Fjunkyards%2Fohio=&p=20,unknown,unknown,Yes
https://junkyardsnearme.com/junkyards/california/9997215-a-a-auto-parts-sales-brentwood-ca,unknown,unknown,Yes
https://junkyardsnearme.com/junkyards/texas/3132025-blend-airs-compressor-warehouse-irving-tx,unknown,unknown,Yes
https://junkyardsnearme.com/junkyards/washington=&p=5?%2Fjunkyards%2Fwashington=&p=6,unknown,unknown,Yes
https://junkyardsnearme.com/junkyards/tennessee/9998041-bolivar-salvage-auto-parts-bolivar-tn,unknown,unknown,Yes
https://junkyardsnearme.com/junkyards=&p=213?%2Fjunkyards=&p=214,unknown,unknown,Yes
https://junkyardsnearme.com/junkyards/colorado/10001950-trade-center-auto-recyclers-rifle-co,unknown,unknown,Yes
https://junkyardsnearme.com/junkyards=&p=234?%2Fjunkyards=&p=235,unknown,unknown,Yes
https://junkyardsnearme.com/junkyards=&p=349?%2Fjunkyards=&p=348,unknown,unknown,Yes
https://junkyardsnearme.com/junkyards/florida/8925333-mossy-head-auto-salvage-crestview-fl,unknown,unknown,Yes
https://junkyardsnearme.com/junkyards/manitoba=&p=1,unknown,unknown,Yes
https://junkyardsnearme.com/junkyards/georgia/8881499-european-transmissions-cumming-ga,unknown,unknown,Yes
https://junkyardsnearme.com/junkyards/oregon/9997480-action-auto-parts-recyclers-central-point-or,unknown,unknown,Yes
https://junkyardsnearme.com/junkyards/ontario/9999938-kings-auto-wreckers-peterborough-on,unknown,unknown,Yes
https://junkyardsnearme.com/junkyards/saskatchewan/9222554-d-d-imports-prince-albert-sk,unknown,unknown,Yes
https://junkyardsnearme.com/junkyards/kentucky/3228100-jones-bros-auto-madisonville-ky,unknown,unknown,Yes
https://junkyardsnearme.com/junkyards/california/10001432-rosamond-auto-wrecking-rosamond-ca,unknown,unknown,Yes
https://junkyardsnearme.com/junkyards/connecticut/10000759-de-capua-auto-salvage-inc-waterbury-ct,unknown,unknown,Yes
https://junkyardsnearme.com/junkyards/quebec/10001286-recyclage-laval-laval-qc,unknown,unknown,Yes
https://junkyardsnearme.com/junkyards/california/8312411-higgins-auto-wrecking-bakersfield-ca,unknown,unknown,Yes
https://junkyardsnearme.com/junkyards/maine/9999869-just-chevy-trucks-lebanon-me,unknown,unknown,Yes
https://junkyardsnearme.com/junkyards/nebraska/10000146-lkq-auto-parts-of-lincoln-lincoln-ne,unknown,unknown,Yes
https://junkyardsnearme.com/junkyards=&p=348,unknown,unknown,Yes
https://junkyardsnearme.com/junkyards/kentucky/9999422-hawkins-of-mayfield-mayfield-ky,unknown,unknown,Yes
https://junkyardsnearme.com/junkyards/california/9997428-abc-auto-parts-san-francisco-ca,unknown,unknown,Yes
https://junkyardsnearme.com/junkyards/minnesota=&p=7?%2Fjunkyards%2Fminnesota=&p=8,unknown,unknown,Yes
https://junkyardsnearme.com/junkyards/maine=&p=2?%2Fjunkyards%2Fmaine=&p=3,unknown,unknown,Yes
https://junkyardsnearme.com/junkyards/virginia/9999677-ingram-auto-parts-norfolk-va,unknown,unknown,Yes
https://junkyardsnearme.com/junkyards/kentucky/9999998-l-m-auto-salvage-frankfort-ky,unknown,unknown,Yes
https://junkyardsnearme.com/junkyards=&p=63?%2Fjunkyards=&p=64,unknown,unknown,Yes
https://junkyardsnearme.com/junkyards/connecticut=&p=8?%2Fjunkyards%2Fconnecticut=&p=9,unknown,unknown,Yes
https://junkyardsnearme.com/junkyards=&p=273,unknown,unknown,Yes
https://junkyardsnearme.com/junkyards/maine=&p=9,unknown,unknown,Yes
https://junkyardsnearme.com/junkyards/florida=&p=4?%2Fjunkyards%2Fflorida=&p=5,unknown,unknown,Yes
https://junkyardsnearme.com/junkyards/new-jersey/2586150-lomuti-auto-salvage-orange-nj,unknown,unknown,Yes
https://junkyardsnearme.com/junkyards/michigan=&p=3,unknown,unknown,Yes
https://junkyardsnearme.com/junkyards=&p=113?%2Fjunkyards=&p=114,unknown,unknown,Yes
https://junkyardsnearme.com/junkyards/pennsylvania/4530909-knucklebusters-tamaqua-pa,unknown,unknown,Yes
https://junkyardsnearme.com/junkyards/alabama/9997448-ace-auto-salvage-mobile-al,unknown,unknown,Yes
https://junkyardsnearme.com/junkyards/new-york/10001336-carmula-ozone-park-ny,unknown,unknown,Yes
https://junkyardsnearme.com/junkyards/tennessee/9997404-aaa-auto-salvage-towing-soddy-daisy-tn,unknown,unknown,Yes
https://junkyardsnearme.com/junkyards=&p=90,unknown,unknown,Yes
https://junkyardsnearme.com/junkyards/ohio=&p=13?%2Fjunkyards%2Fohio=&p=12,unknown,unknown,Yes
https://junkyardsnearme.com/junkyards/colorado=&p=1?%2Fjunkyards%2Fcolorado=&p=2,unknown,unknown,Yes
https://junkyardsnearme.com/junkyards/minnesota/9999872-k-c-foreign-auto-parts-llc-rockville-mn,unknown,unknown,Yes
https://junkyardsnearme.com/junkyards/massachusetts/10000093-martin-honks-road-salvage-inc-amesbury-ma,unknown,unknown,Yes
https://junkyardsnearme.com/junkyards/washington/9997903-barlow-auto-wrecking-rainier-wa,unknown,unknown,Yes
https://junkyardsnearme.com/junkyards=&p=313,unknown,unknown,Yes
https://junkyardsnearme.com/junkyards/kentucky/9999124-fowler-brothers-auto-salvage-llc-elkton-ky,unknown,unknown,Yes
https://junkyardsnearme.com/junkyards/new-york/8357800-j-j-moving-auto-transport-schenectady-ny,unknown,unknown,Yes
https://junkyardsnearme.com/junkyards/new-york/5248800-andys-auto-parts-ontario-ny,unknown,unknown,Yes
https://junkyardsnearme.com/junkyards/arizona/9998962-escorpion-2-auto-wrecking-phoenix-az,unknown,unknown,Yes
https://junkyardsnearme.com/junkyards/british-columbia/9999035-evolved-auto-recyclers-port-coquitlam-bc,unknown,unknown,Yes
https://junkyardsnearme.com/junkyards/utah/10001680-south-bountiful-auto-woods-cross-ut,unknown,unknown,Yes
https://junkyardsnearme.com/junkyards/massachusetts/10000315-enos-metals-taunton-ma,unknown,unknown,Yes
https://junkyardsnearme.com/junkyards/new-york/9998587-nelson-metals-corporation-west-haverstraw-ny,unknown,unknown,Yes
https://junkyardsnearme.com/junkyards/florida=&p=3,unknown,unknown,Yes
https://junkyardsnearme.com/junkyards/michigan/10001501-sams-auto-parts-hazel-park-mi,unknown,unknown,Yes
https://junkyardsnearme.com/junkyards/nebraska/10000458-mcmurray-motors-salvage-inc-hastings-ne,unknown,unknown,Yes
https://junkyardsnearme.com/junkyards/massachusetts=&p=4,unknown,unknown,Yes
https://junkyardsnearme.com/junkyards/connecticut/10000760-ikes-auto-body-inc-torrington-ct,unknown,unknown,Yes
https://junkyardsnearme.com/junkyards/michigan=&p=9?%2Fjunkyards%2Fmichigan=&p=10,unknown,unknown,Yes
https://junkyardsnearme.com/junkyards/new-jersey=&p=3,unknown,unknown,Yes
https://junkyardsnearme.com/junkyards/british-columbia/9997635-alpis-european-used-auto-parts-surrey-bc,unknown,unknown,Yes
https://junkyardsnearme.com/junkyards/pennsylvania=&p=6?%2Fjunkyards%2Fpennsylvania=&p=7,unknown,unknown,Yes
https://junkyardsnearme.com/junkyards/ohio/9998093-brookside-auto-parts-cleveland-oh,unknown,unknown,Yes
https://junkyardsnearme.com/junkyards/pennsylvania/7191322-kebo-auto-parts-larksville-pa,unknown,unknown,Yes
https://junkyardsnearme.com/junkyards/maryland/9998807-eagle-auto-salvage-inc-greensboro-md,unknown,unknown,Yes
https://junkyardsnearme.com/junkyards/illinois/7586433-big-top-auto-parts-ford-heights-il,unknown,unknown,Yes
https://junkyardsnearme.com/junkyards/arkansas/9880611-five-star-airbags-inc-cabot-ar,unknown,unknown,Yes
https://junkyardsnearme.com/junkyards=&p=315?%2Fjunkyards=&p=314,unknown,unknown,Yes
https://junkyardsnearme.com/junkyards/texas/10000902-northwest-imports-2-houston-tx,unknown,unknown,Yes
https://junkyardsnearme.com/junkyards/california=&p=20?%2Fjunkyards%2Fcalifornia=&p=19,unknown,unknown,Yes
https://junkyardsnearme.com/junkyards/iowa/6738459-van-gorp-auto-recycling-oskaloo-ia,unknown,unknown,Yes
https://junkyardsnearme.com/junkyards=&p=175?%2Fjunkyards=&p=174,unknown,unknown,Yes
https://junkyardsnearme.com/junkyards/indiana=&p=4?%2Fjunkyards%2Findiana=&p=5,unknown,unknown,Yes
https://junkyardsnearme.com/junkyards/connecticut/9997993-bills-auto-parts-tolland-tolland-ct,unknown,unknown,Yes
https://junkyardsnearme.com/junkyards/new-jersey=&p=15?%2Fjunkyards%2Fnew-jersey=&p=16,unknown,unknown,Yes
https://junkyardsnearme.com/junkyards/florida=&p=20?%2Fjunkyards%2Fflorida=&p=21,unknown,unknown,Yes
https://junkyardsnearme.com/junkyards/california/9998018-black-road-auto-santa-maria-ca,unknown,unknown,Yes
https://junkyardsnearme.com/junkyards/new-york/10000727-j-r-salvage-mooers-ny,unknown,unknown,Yes
https://junkyardsnearme.com/junkyards/florida/7342080-dng-auto-deland-fl,unknown,unknown,Yes
https://junkyardsnearme.com/junkyards/mississippi/7289878-c-l-auto-salvage-recycling-booneville-ms,unknown,unknown,Yes
https://junkyardsnearme.com/junkyards/louisiana/9999461-henrys-auto-salvage-alexandria-la,unknown,unknown,Yes
https://junkyardsnearme.com/junkyards/virginia/7531599-belvoir-salvage-marshall-va,unknown,unknown,Yes
https://junkyardsnearme.com/junkyards/pennsylvania/9997989-bill-foxs-auto-sales-dover-pa,unknown,unknown,Yes
https://junkyardsnearme.com/junkyards/ohio/10000944-olmsted-auto-parts-wrecking-berea-oh,unknown,unknown,Yes
https://junkyardsnearme.com/junkyards/virginia/10000812-nicks-used-auto-parts-providence-forge-va,unknown,unknown,Yes
https://junkyardsnearme.com/junkyards/oregon=&p=6?%2Fjunkyards%2Foregon=&p=7,unknown,unknown,Yes
https://junkyardsnearme.com/junkyards/oregon=&p=2?%2Fjunkyards%2Foregon=&p=1,unknown,unknown,Yes
https://junkyardsnearme.com/junkyards/vermont/10000736-r-brown-sons-inc-waterbury-vt,unknown,unknown,Yes
https://junkyardsnearme.com/junkyards/quebec/10001127-pieces-dautos-roxton-roxton-pond-qc,unknown,unknown,Yes
https://junkyardsnearme.com/junkyards/florida/2671351-north-brevard-auto-salvage-mims-fl,unknown,unknown,Yes
https://junkyardsnearme.com/junkyards/rhode-island/10000293-pats-auto-salvage-johnston-ri,unknown,unknown,Yes
https://junkyardsnearme.com/junkyards/new-york/4973900-parts-are-us-dba-a-g-used-auto-parts-ridgewood-ny,unknown,unknown,Yes
https://junkyardsnearme.com/junkyards/north-carolina/9998227-carltons-salvage-washington-nc,unknown,unknown,Yes
https://junkyardsnearme.com/junkyards/ontario/9998199-canadian-auto-recyclers-sales-keswick-on,unknown,unknown,Yes
https://junkyardsnearme.com/junkyards=&p=309?%2Fjunkyards=&p=310,unknown,unknown,Yes
https://junkyardsnearme.com/junkyards=&p=307,unknown,unknown,Yes
https://junkyardsnearme.com/junkyards/new-brunswick/10000644-mill-auto-parts-glencoe-nb,unknown,unknown,Yes
https://junkyardsnearme.com/junkyards/massachusetts/10000339-northeast-mooring-salvage-marblehead-ma,unknown,unknown,Yes
https://junkyardsnearme.com/junkyards/ohio/8652329-lapoint-discount-auto-parts-holland-oh,unknown,unknown,Yes
https://junkyardsnearme.com/junkyards/wisconsin/3625639-rhinelander-auto-salvage-rhinelander-wi,unknown,unknown,Yes
https://junkyardsnearme.com/junkyards/connecticut/10001056-a-j-cleaning-pro-bridgeport-ct,unknown,unknown,Yes
https://junkyardsnearme.com/junkyards/arizona/2766010-h-l-auto-salvage-phoenix-az,unknown,unknown,Yes
https://junkyardsnearme.com/junkyards=&p=163?%2Fjunkyards=&p=162,unknown,unknown,Yes
https://junkyardsnearme.com/junkyards=&p=209,unknown,unknown,Yes
https://junkyardsnearme.com/junkyards/new-hampshire/9999596-gateway-resource-recovery-salem-nh,unknown,unknown,Yes
https://junkyardsnearme.com/junkyards/texas/10001444-roy-miller-auto-salvage-mckinney-tx,unknown,unknown,Yes
https://junkyardsnearme.com/junkyards/north-carolina=&p=5,unknown,unknown,Yes
https://junkyardsnearme.com/junkyards/new-york/9997704-apex-sales-bronx-ny,unknown,unknown,Yes
https://junkyardsnearme.com/junkyards/new-hampshire/9999615-p-l-auto-parts-inc-berlin-nh,unknown,unknown,Yes
https://junkyardsnearme.com/junkyards=&p=463?%2Fjunkyards=&p=464,unknown,unknown,Yes
https://junkyardsnearme.com/junkyards/alberta/10001306-regs-auto-wreckers-lacombe-ab,unknown,unknown,Yes
https://junkyardsnearme.com/junkyards/ohio=&p=8?%2Fjunkyards%2Fohio=&p=9,unknown,unknown,Yes
https://junkyardsnearme.com/junkyards=&p=226,unknown,unknown,Yes
https://junkyardsnearme.com/junkyards/texas/10000397-manuels-used-auto-parts-pasadena-tx,unknown,unknown,Yes
https://junkyardsnearme.com/junkyards=&p=134,unknown,unknown,Yes
https://junkyardsnearme.com/junkyards/missouri/7354800-jc-auto-truck-parts-monroe-city-mo,unknown,unknown,Yes
https://junkyardsnearme.com/junkyards/california/10001428-romeros-auto-dismantling-los-banos-ca,unknown,unknown,Yes
https://junkyardsnearme.com/junkyards/new-york/9999579-howbill-auto-parts-chaffee-ny,unknown,unknown,Yes
https://junkyardsnearme.com/junkyards/north-carolina/10001940-top-notch-service-center-edenton-nc,unknown,unknown,Yes
https://junkyardsnearme.com/junkyards/idaho?%2Fjunkyards%2Fidaho=&p=2,unknown,unknown,Yes
https://junkyardsnearme.com/junkyards/pennsylvania/3477671-boots-hanks-truck-parts-inc-lemoyne-pa,unknown,unknown,Yes
https://junkyardsnearme.com/junkyards=&p=447?%2Fjunkyards=&p=448,unknown,unknown,Yes
https://junkyardsnearme.com/junkyards/utah=&p=2,unknown,unknown,Yes
https://junkyardsnearme.com/junkyards/california/9999665-import-auto-wrecking-chula-vista-ca,unknown,unknown,Yes
https://junkyardsnearme.com/junkyards/california=&p=10?%2Fjunkyards%2Fcalifornia=&p=11,unknown,unknown,Yes
https://junkyardsnearme.com/junkyards/new-mexico=&p=3?%2Fjunkyards%2Fnew-mexico=&p=2,unknown,unknown,Yes
https://junkyardsnearme.com/junkyards=&p=63,unknown,unknown,Yes
https://junkyardsnearme.com/junkyards/minnesota/10001738-st-cloud-auto-wrecking-llc-sauk-rapids-mn,unknown,unknown,Yes
https://junkyardsnearme.com/junkyards/oregon/2558735-portland-import-auto-parts-portland-or,unknown,unknown,Yes
https://junkyardsnearme.com/junkyards/virginia/9999676-ingram-auto-mall-norfolk-va,unknown,unknown,Yes
https://junkyardsnearme.com/junkyards/new-hampshire/10000296-money-for-metals-greenville-nh,unknown,unknown,Yes
https://junkyardsnearme.com/junkyards/hawaii/9998739-discount-auto-parts-kapolei-hi,unknown,unknown,Yes
https://junkyardsnearme.com/junkyards/texas/9997987-big-texas-auto-parts-longview-tx,unknown,unknown,Yes
https://junkyardsnearme.com/junkyards/mississippi/9287377-lambert-automotive-wiggins-ms,unknown,unknown,Yes
https://junkyardsnearme.com/junkyards=&p=461?%2Fjunkyards=&p=460,unknown,unknown,Yes
https://junkyardsnearme.com/junkyards=&p=463?%2Fjunkyards=&p=462,unknown,unknown,Yes
https://junkyardsnearme.com/junkyards=&p=179?%2Fjunkyards=&p=178,unknown,unknown,Yes
https://junkyardsnearme.com/junkyards/wisconsin/8226301-alpha-automotive-pulaski-wi,unknown,unknown,Yes
https://junkyardsnearme.com/junkyards=&p=29?%2Fjunkyards=&p=30,unknown,unknown,Yes
https://junkyardsnearme.com/junkyards/oklahoma/10000630-midwestern-auto-salvage-inc-tulsa-ok,unknown,unknown,Yes
https://junkyardsnearme.com/junkyards/new-mexico/9998918-eds-car-parts-clovis-nm,unknown,unknown,Yes
https://junkyardsnearme.com/junkyards/kansas/9999184-g-r-motors-wichita-ks,unknown,unknown,Yes
https://junkyardsnearme.com/junkyards/new-jersey/9998696-big-a-auto-parts-and-auto-sales-spotswood-nj,unknown,unknown,Yes
https://junkyardsnearme.com/junkyards=&p=107,unknown,unknown,Yes
https://junkyardsnearme.com/junkyards/ohio/9997597-all-quality-auto-parts-galion-oh,unknown,unknown,Yes
https://junkyardsnearme.com/junkyards/arizona/9999177-g-g-auto-parts-phoenix-az,unknown,unknown,Yes
https://junkyardsnearme.com/junkyards/oregon/10000952-one-stop-auto-wreckers-klamath-falls-or,unknown,unknown,Yes
https://junkyardsnearme.com/junkyards/indiana/9998234-cars-parts-columbus-in,unknown,unknown,Yes
https://junkyardsnearme.com/junkyards=&p=112?%2Fjunkyards=&p=113,unknown,unknown,Yes
https://junkyardsnearme.com/junkyards=&p=125?%2Fjunkyards=&p=126,unknown,unknown,Yes
https://junkyardsnearme.com/junkyards/arkansas/4432101-highway-62-auto-salvage-and-sales-inc-fayetteville-ar,unknown,unknown,Yes
https://junkyardsnearme.com/junkyards/michigan/9999225-genes-auto-parts-cadillac-mi,unknown,unknown,Yes
https://junkyardsnearme.com/junkyards/new-york/9997240-a-s-used-auto-parts-inc-corona-ny,unknown,unknown,Yes
https://junkyardsnearme.com/junkyards=&p=134?%2Fjunkyards=&p=135,unknown,unknown,Yes
https://junkyardsnearme.com/junkyards=&p=303?%2Fjunkyards=&p=302,unknown,unknown,Yes
https://junkyardsnearme.com/junkyards/florida=&p=8?%2Fjunkyards%2Fflorida=&p=9,unknown,unknown,Yes
https://junkyardsnearme.com/junkyards/connecticut=&p=5,unknown,unknown,Yes
https://junkyardsnearme.com/junkyards/connecticut/9999950-brookside-auto-salvage-plymouth-ct,unknown,unknown,Yes
https://junkyardsnearme.com/junkyards/new-hampshire/9998423-colony-used-auto-parts-rochester-nh,unknown,unknown,Yes
https://junkyardsnearme.com/junkyards/alberta/9999091-five-star-auto-parts-edmonton-ab,unknown,unknown,Yes
https://junkyardsnearme.com/junkyards=&p=41?%2Fjunkyards=&p=42,unknown,unknown,Yes
https://junkyardsnearme.com/junkyards/saskatchewan/10001569-sedley-auto-parts-sedley-sk,unknown,unknown,Yes
https://junkyardsnearme.com/junkyards/ontario/3849442-frontier-auto-dismantlers-ltd-port-robinson-on,unknown,unknown,Yes
https://junkyardsnearme.com/junkyards=&p=401?%2Fjunkyards=&p=402,unknown,unknown,Yes
https://junkyardsnearme.com/junkyards/alberta/9998963-eskimo-auto-truck-parts-edmonton-ab,unknown,unknown,Yes
https://junkyardsnearme.com/junkyards/maine/10000596-oxford-auto-salvage-oxford-auto-salvage-oxford-me,unknown,unknown,Yes
https://junkyardsnearme.com/junkyards/iowa/9999551-hogeland-auto-plaza-marshalltown-ia,unknown,unknown,Yes
https://junkyardsnearme.com/junkyards/minnesota/9998538-crosstown-auto-saint-paul-mn,unknown,unknown,Yes
https://junkyardsnearme.com/junkyards/california,unknown,unknown,Yes
https://junkyardsnearme.com/junkyards/new-hampshire/8479400-cruiserparts-llc-sullivan-nh,unknown,unknown,Yes
https://junkyardsnearme.com/junkyards/iowa/9999748-jack-bucklin-auto-parts-mingo-ia,unknown,unknown,Yes
https://junkyardsnearme.com/junkyards/ohio/9999940-kinkers-auto-parts-south-webster-oh,unknown,unknown,Yes
https://junkyardsnearme.com/junkyards/ontario/9997627-alloy-wheel-repair-specialists-stittsville-on,unknown,unknown,Yes
https://junkyardsnearme.com/junkyards=&p=209?%2Fjunkyards=&p=208,unknown,unknown,Yes
https://junkyardsnearme.com/junkyards/florida=&p=22?%2Fjunkyards%2Fflorida=&p=21,unknown,unknown,Yes
https://junkyardsnearme.com/junkyards/indiana/9999280-glisson-salvage-inc-evansville-in,unknown,unknown,Yes
https://junkyardsnearme.com/junkyards/california=&p=12,unknown,unknown,Yes
